Date,year,month,quarter,day_of_week,day_of_month,month_sin,month_cos,dow_sin,dow_cos,is_post_2019,is_post_2019_transition,days_from_tet,is_low_margin_season,trend_index,is_holiday_302_305,is_holiday_qk,is_christmas
2023-01-01,2023,1,1,6,1,0.49999999999999994,0.8660254037844387,-0.7818314824680299,0.6234898018587334,1,0,-21,0,3833,0,0,0
2023-01-02,2023,1,1,0,2,0.49999999999999994,0.8660254037844387,0.0,1.0,1,0,-20,0,3834,0,0,0
2023-01-03,2023,1,1,1,3,0.49999999999999994,0.8660254037844387,0.7818314824680298,0.6234898018587336,1,0,-19,0,3835,0,0,0
2023-01-04,2023,1,1,2,4,0.49999999999999994,0.8660254037844387,0.9749279121818236,-0.22252093395631434,1,0,-18,0,3836,0,0,0
2023-01-05,2023,1,1,3,5,0.49999999999999994,0.8660254037844387,0.43388373911755823,-0.900968867902419,1,0,-17,0,3837,0,0,0
2023-01-06,2023,1,1,4,6,0.49999999999999994,0.8660254037844387,-0.433883739117558,-0.9009688679024191,1,0,-16,0,3838,0,0,0
2023-01-07,2023,1,1,5,7,0.49999999999999994,0.8660254037844387,-0.9749279121818236,-0.2225209339563146,1,0,-15,0,3839,0,0,0
2023-01-08,2023,1,1,6,8,0.49999999999999994,0.8660254037844387,-0.7818314824680299,0.6234898018587334,1,0,-14,0,3840,0,0,0
2023-01-09,2023,1,1,0,9,0.49999999999999994,0.8660254037844387,0.0,1.0,1,0,-13,0,3841,0,0,0
2023-01-10,2023,1,1,1,10,0.49999999999999994,0.8660254037844387,0.7818314824680298,0.6234898018587336,1,0,-12,0,3842,0,0,0
2023-01-11,2023,1,1,2,11,0.49999999999999994,0.8660254037844387,0.9749279121818236,-0.22252093395631434,1,0,-11,0,3843,0,0,0
2023-01-12,2023,1,1,3,12,0.49999999999999994,0.8660254037844387,0.43388373911755823,-0.900968867902419,1,0,-10,0,3844,0,0,0
2023-01-13,2023,1,1,4,13,0.49999999999999994,0.8660254037844387,-0.433883739117558,-0.9009688679024191,1,0,-9,0,3845,0,0,0
2023-01-14,2023,1,1,5,14,0.49999999999999994,0.8660254037844387,-0.9749279121818236,-0.2225209339563146,1,0,-8,0,3846,0,0,0
2023-01-15,2023,1,1,6,15,0.49999999999999994,0.8660254037844387,-0.7818314824680299,0.6234898018587334,1,0,-7,0,3847,0,0,0
2023-01-16,2023,1,1,0,16,0.49999999999999994,0.8660254037844387,0.0,1.0,1,0,-6,0,3848,0,0,0
2023-01-17,2023,1,1,1,17,0.49999999999999994,0.8660254037844387,0.7818314824680298,0.6234898018587336,1,0,-5,0,3849,0,0,0
2023-01-18,2023,1,1,2,18,0.49999999999999994,0.8660254037844387,0.9749279121818236,-0.22252093395631434,1,0,-4,0,3850,0,0,0
2023-01-19,2023,1,1,3,19,0.49999999999999994,0.8660254037844387,0.43388373911755823,-0.900968867902419,1,0,-3,0,3851,0,0,0
2023-01-20,2023,1,1,4,20,0.49999999999999994,0.8660254037844387,-0.433883739117558,-0.9009688679024191,1,0,-2,0,3852,0,0,0
2023-01-21,2023,1,1,5,21,0.49999999999999994,0.8660254037844387,-0.9749279121818236,-0.2225209339563146,1,0,-1,0,3853,0,0,0
2023-01-22,2023,1,1,6,22,0.49999999999999994,0.8660254037844387,-0.7818314824680299,0.6234898018587334,1,0,0,0,3854,0,0,0
2023-01-23,2023,1,1,0,23,0.49999999999999994,0.8660254037844387,0.0,1.0,1,0,1,0,3855,0,0,0
2023-01-24,2023,1,1,1,24,0.49999999999999994,0.8660254037844387,0.7818314824680298,0.6234898018587336,1,0,2,0,3856,0,0,0
2023-01-25,2023,1,1,2,25,0.49999999999999994,0.8660254037844387,0.9749279121818236,-0.22252093395631434,1,0,3,0,3857,0,0,0
2023-01-26,2023,1,1,3,26,0.49999999999999994,0.8660254037844387,0.43388373911755823,-0.900968867902419,1,0,4,0,3858,0,0,0
2023-01-27,2023,1,1,4,27,0.49999999999999994,0.8660254037844387,-0.433883739117558,-0.9009688679024191,1,0,5,0,3859,0,0,0
2023-01-28,2023,1,1,5,28,0.49999999999999994,0.8660254037844387,-0.9749279121818236,-0.2225209339563146,1,0,6,0,3860,0,0,0
2023-01-29,2023,1,1,6,29,0.49999999999999994,0.8660254037844387,-0.7818314824680299,0.6234898018587334,1,0,7,0,3861,0,0,0
2023-01-30,2023,1,1,0,30,0.49999999999999994,0.8660254037844387,0.0,1.0,1,0,8,0,3862,0,0,0
2023-01-31,2023,1,1,1,31,0.49999999999999994,0.8660254037844387,0.7818314824680298,0.6234898018587336,1,0,9,0,3863,0,0,0
2023-02-01,2023,2,1,2,1,0.8660254037844386,0.5000000000000001,0.9749279121818236,-0.22252093395631434,1,0,10,0,3864,0,0,0
2023-02-02,2023,2,1,3,2,0.8660254037844386,0.5000000000000001,0.43388373911755823,-0.900968867902419,1,0,11,0,3865,0,0,0
2023-02-03,2023,2,1,4,3,0.8660254037844386,0.5000000000000001,-0.433883739117558,-0.9009688679024191,1,0,12,0,3866,0,0,0
2023-02-04,2023,2,1,5,4,0.8660254037844386,0.5000000000000001,-0.9749279121818236,-0.2225209339563146,1,0,13,0,3867,0,0,0
2023-02-05,2023,2,1,6,5,0.8660254037844386,0.5000000000000001,-0.7818314824680299,0.6234898018587334,1,0,14,0,3868,0,0,0
2023-02-06,2023,2,1,0,6,0.8660254037844386,0.5000000000000001,0.0,1.0,1,0,15,0,3869,0,0,0
2023-02-07,2023,2,1,1,7,0.8660254037844386,0.5000000000000001,0.7818314824680298,0.6234898018587336,1,0,16,0,3870,0,0,0
2023-02-08,2023,2,1,2,8,0.8660254037844386,0.5000000000000001,0.9749279121818236,-0.22252093395631434,1,0,17,0,3871,0,0,0
2023-02-09,2023,2,1,3,9,0.8660254037844386,0.5000000000000001,0.43388373911755823,-0.900968867902419,1,0,18,0,3872,0,0,0
2023-02-10,2023,2,1,4,10,0.8660254037844386,0.5000000000000001,-0.433883739117558,-0.9009688679024191,1,0,19,0,3873,0,0,0
2023-02-11,2023,2,1,5,11,0.8660254037844386,0.5000000000000001,-0.9749279121818236,-0.2225209339563146,1,0,20,0,3874,0,0,0
2023-02-12,2023,2,1,6,12,0.8660254037844386,0.5000000000000001,-0.7818314824680299,0.6234898018587334,1,0,21,0,3875,0,0,0
2023-02-13,2023,2,1,0,13,0.8660254037844386,0.5000000000000001,0.0,1.0,1,0,22,0,3876,0,0,0
2023-02-14,2023,2,1,1,14,0.8660254037844386,0.5000000000000001,0.7818314824680298,0.6234898018587336,1,0,23,0,3877,0,0,0
2023-02-15,2023,2,1,2,15,0.8660254037844386,0.5000000000000001,0.9749279121818236,-0.22252093395631434,1,0,24,0,3878,0,0,0
2023-02-16,2023,2,1,3,16,0.8660254037844386,0.5000000000000001,0.43388373911755823,-0.900968867902419,1,0,25,0,3879,0,0,0
2023-02-17,2023,2,1,4,17,0.8660254037844386,0.5000000000000001,-0.433883739117558,-0.9009688679024191,1,0,26,0,3880,0,0,0
2023-02-18,2023,2,1,5,18,0.8660254037844386,0.5000000000000001,-0.9749279121818236,-0.2225209339563146,1,0,27,0,3881,0,0,0
2023-02-19,2023,2,1,6,19,0.8660254037844386,0.5000000000000001,-0.7818314824680299,0.6234898018587334,1,0,28,0,3882,0,0,0
2023-02-20,2023,2,1,0,20,0.8660254037844386,0.5000000000000001,0.0,1.0,1,0,29,0,3883,0,0,0
2023-02-21,2023,2,1,1,21,0.8660254037844386,0.5000000000000001,0.7818314824680298,0.6234898018587336,1,0,30,0,3884,0,0,0
2023-02-22,2023,2,1,2,22,0.8660254037844386,0.5000000000000001,0.9749279121818236,-0.22252093395631434,1,0,31,0,3885,0,0,0
2023-02-23,2023,2,1,3,23,0.8660254037844386,0.5000000000000001,0.43388373911755823,-0.900968867902419,1,0,32,0,3886,0,0,0
2023-02-24,2023,2,1,4,24,0.8660254037844386,0.5000000000000001,-0.433883739117558,-0.9009688679024191,1,0,33,0,3887,0,0,0
2023-02-25,2023,2,1,5,25,0.8660254037844386,0.5000000000000001,-0.9749279121818236,-0.2225209339563146,1,0,34,0,3888,0,0,0
2023-02-26,2023,2,1,6,26,0.8660254037844386,0.5000000000000001,-0.7818314824680299,0.6234898018587334,1,0,35,0,3889,0,0,0
2023-02-27,2023,2,1,0,27,0.8660254037844386,0.5000000000000001,0.0,1.0,1,0,36,0,3890,0,0,0
2023-02-28,2023,2,1,1,28,0.8660254037844386,0.5000000000000001,0.7818314824680298,0.6234898018587336,1,0,37,0,3891,0,0,0
2023-03-01,2023,3,1,2,1,1.0,6.123233995736766e-17,0.9749279121818236,-0.22252093395631434,1,0,38,0,3892,0,0,0
2023-03-02,2023,3,1,3,2,1.0,6.123233995736766e-17,0.43388373911755823,-0.900968867902419,1,0,39,0,3893,0,0,0
2023-03-03,2023,3,1,4,3,1.0,6.123233995736766e-17,-0.433883739117558,-0.9009688679024191,1,0,40,0,3894,0,0,0
2023-03-04,2023,3,1,5,4,1.0,6.123233995736766e-17,-0.9749279121818236,-0.2225209339563146,1,0,41,0,3895,0,0,0
2023-03-05,2023,3,1,6,5,1.0,6.123233995736766e-17,-0.7818314824680299,0.6234898018587334,1,0,42,0,3896,0,0,0
2023-03-06,2023,3,1,0,6,1.0,6.123233995736766e-17,0.0,1.0,1,0,43,0,3897,0,0,0
2023-03-07,2023,3,1,1,7,1.0,6.123233995736766e-17,0.7818314824680298,0.6234898018587336,1,0,44,0,3898,0,0,0
2023-03-08,2023,3,1,2,8,1.0,6.123233995736766e-17,0.9749279121818236,-0.22252093395631434,1,0,45,0,3899,0,0,0
2023-03-09,2023,3,1,3,9,1.0,6.123233995736766e-17,0.43388373911755823,-0.900968867902419,1,0,46,0,3900,0,0,0
2023-03-10,2023,3,1,4,10,1.0,6.123233995736766e-17,-0.433883739117558,-0.9009688679024191,1,0,47,0,3901,0,0,0
2023-03-11,2023,3,1,5,11,1.0,6.123233995736766e-17,-0.9749279121818236,-0.2225209339563146,1,0,48,0,3902,0,0,0
2023-03-12,2023,3,1,6,12,1.0,6.123233995736766e-17,-0.7818314824680299,0.6234898018587334,1,0,49,0,3903,0,0,0
2023-03-13,2023,3,1,0,13,1.0,6.123233995736766e-17,0.0,1.0,1,0,50,0,3904,0,0,0
2023-03-14,2023,3,1,1,14,1.0,6.123233995736766e-17,0.7818314824680298,0.6234898018587336,1,0,51,0,3905,0,0,0
2023-03-15,2023,3,1,2,15,1.0,6.123233995736766e-17,0.9749279121818236,-0.22252093395631434,1,0,52,0,3906,0,0,0
2023-03-16,2023,3,1,3,16,1.0,6.123233995736766e-17,0.43388373911755823,-0.900968867902419,1,0,53,0,3907,0,0,0
2023-03-17,2023,3,1,4,17,1.0,6.123233995736766e-17,-0.433883739117558,-0.9009688679024191,1,0,54,0,3908,0,0,0
2023-03-18,2023,3,1,5,18,1.0,6.123233995736766e-17,-0.9749279121818236,-0.2225209339563146,1,0,55,0,3909,0,0,0
2023-03-19,2023,3,1,6,19,1.0,6.123233995736766e-17,-0.7818314824680299,0.6234898018587334,1,0,56,0,3910,0,0,0
2023-03-20,2023,3,1,0,20,1.0,6.123233995736766e-17,0.0,1.0,1,0,57,0,3911,0,0,0
2023-03-21,2023,3,1,1,21,1.0,6.123233995736766e-17,0.7818314824680298,0.6234898018587336,1,0,58,0,3912,0,0,0
2023-03-22,2023,3,1,2,22,1.0,6.123233995736766e-17,0.9749279121818236,-0.22252093395631434,1,0,59,0,3913,0,0,0
2023-03-23,2023,3,1,3,23,1.0,6.123233995736766e-17,0.43388373911755823,-0.900968867902419,1,0,60,0,3914,0,0,0
2023-03-24,2023,3,1,4,24,1.0,6.123233995736766e-17,-0.433883739117558,-0.9009688679024191,1,0,61,0,3915,0,0,0
2023-03-25,2023,3,1,5,25,1.0,6.123233995736766e-17,-0.9749279121818236,-0.2225209339563146,1,0,62,0,3916,0,0,0
2023-03-26,2023,3,1,6,26,1.0,6.123233995736766e-17,-0.7818314824680299,0.6234898018587334,1,0,63,0,3917,0,0,0
2023-03-27,2023,3,1,0,27,1.0,6.123233995736766e-17,0.0,1.0,1,0,64,0,3918,0,0,0
2023-03-28,2023,3,1,1,28,1.0,6.123233995736766e-17,0.7818314824680298,0.6234898018587336,1,0,65,0,3919,0,0,0
2023-03-29,2023,3,1,2,29,1.0,6.123233995736766e-17,0.9749279121818236,-0.22252093395631434,1,0,66,0,3920,0,0,0
2023-03-30,2023,3,1,3,30,1.0,6.123233995736766e-17,0.43388373911755823,-0.900968867902419,1,0,67,0,3921,0,0,0
2023-03-31,2023,3,1,4,31,1.0,6.123233995736766e-17,-0.433883739117558,-0.9009688679024191,1,0,68,0,3922,0,0,0
2023-04-01,2023,4,2,5,1,0.8660254037844387,-0.49999999999999983,-0.9749279121818236,-0.2225209339563146,1,0,69,0,3923,0,0,0
2023-04-02,2023,4,2,6,2,0.8660254037844387,-0.49999999999999983,-0.7818314824680299,0.6234898018587334,1,0,70,0,3924,0,0,0
2023-04-03,2023,4,2,0,3,0.8660254037844387,-0.49999999999999983,0.0,1.0,1,0,71,0,3925,0,0,0
2023-04-04,2023,4,2,1,4,0.8660254037844387,-0.49999999999999983,0.7818314824680298,0.6234898018587336,1,0,72,0,3926,0,0,0
2023-04-05,2023,4,2,2,5,0.8660254037844387,-0.49999999999999983,0.9749279121818236,-0.22252093395631434,1,0,73,0,3927,0,0,0
2023-04-06,2023,4,2,3,6,0.8660254037844387,-0.49999999999999983,0.43388373911755823,-0.900968867902419,1,0,74,0,3928,0,0,0
2023-04-07,2023,4,2,4,7,0.8660254037844387,-0.49999999999999983,-0.433883739117558,-0.9009688679024191,1,0,75,0,3929,0,0,0
2023-04-08,2023,4,2,5,8,0.8660254037844387,-0.49999999999999983,-0.9749279121818236,-0.2225209339563146,1,0,76,0,3930,0,0,0
2023-04-09,2023,4,2,6,9,0.8660254037844387,-0.49999999999999983,-0.7818314824680299,0.6234898018587334,1,0,77,0,3931,0,0,0
2023-04-10,2023,4,2,0,10,0.8660254037844387,-0.49999999999999983,0.0,1.0,1,0,78,0,3932,0,0,0
2023-04-11,2023,4,2,1,11,0.8660254037844387,-0.49999999999999983,0.7818314824680298,0.6234898018587336,1,0,79,0,3933,0,0,0
2023-04-12,2023,4,2,2,12,0.8660254037844387,-0.49999999999999983,0.9749279121818236,-0.22252093395631434,1,0,80,0,3934,0,0,0
2023-04-13,2023,4,2,3,13,0.8660254037844387,-0.49999999999999983,0.43388373911755823,-0.900968867902419,1,0,81,0,3935,0,0,0
2023-04-14,2023,4,2,4,14,0.8660254037844387,-0.49999999999999983,-0.433883739117558,-0.9009688679024191,1,0,82,0,3936,0,0,0
2023-04-15,2023,4,2,5,15,0.8660254037844387,-0.49999999999999983,-0.9749279121818236,-0.2225209339563146,1,0,83,0,3937,0,0,0
2023-04-16,2023,4,2,6,16,0.8660254037844387,-0.49999999999999983,-0.7818314824680299,0.6234898018587334,1,0,84,0,3938,0,0,0
2023-04-17,2023,4,2,0,17,0.8660254037844387,-0.49999999999999983,0.0,1.0,1,0,85,0,3939,0,0,0
2023-04-18,2023,4,2,1,18,0.8660254037844387,-0.49999999999999983,0.7818314824680298,0.6234898018587336,1,0,86,0,3940,0,0,0
2023-04-19,2023,4,2,2,19,0.8660254037844387,-0.49999999999999983,0.9749279121818236,-0.22252093395631434,1,0,87,0,3941,0,0,0
2023-04-20,2023,4,2,3,20,0.8660254037844387,-0.49999999999999983,0.43388373911755823,-0.900968867902419,1,0,88,0,3942,0,0,0
2023-04-21,2023,4,2,4,21,0.8660254037844387,-0.49999999999999983,-0.433883739117558,-0.9009688679024191,1,0,89,0,3943,0,0,0
2023-04-22,2023,4,2,5,22,0.8660254037844387,-0.49999999999999983,-0.9749279121818236,-0.2225209339563146,1,0,90,0,3944,0,0,0
2023-04-23,2023,4,2,6,23,0.8660254037844387,-0.49999999999999983,-0.7818314824680299,0.6234898018587334,1,0,91,0,3945,0,0,0
2023-04-24,2023,4,2,0,24,0.8660254037844387,-0.49999999999999983,0.0,1.0,1,0,92,0,3946,0,0,0
2023-04-25,2023,4,2,1,25,0.8660254037844387,-0.49999999999999983,0.7818314824680298,0.6234898018587336,1,0,93,0,3947,0,0,0
2023-04-26,2023,4,2,2,26,0.8660254037844387,-0.49999999999999983,0.9749279121818236,-0.22252093395631434,1,0,94,0,3948,0,0,0
2023-04-27,2023,4,2,3,27,0.8660254037844387,-0.49999999999999983,0.43388373911755823,-0.900968867902419,1,0,95,0,3949,0,0,0
2023-04-28,2023,4,2,4,28,0.8660254037844387,-0.49999999999999983,-0.433883739117558,-0.9009688679024191,1,0,96,0,3950,0,0,0
2023-04-29,2023,4,2,5,29,0.8660254037844387,-0.49999999999999983,-0.9749279121818236,-0.2225209339563146,1,0,97,0,3951,0,0,0
2023-04-30,2023,4,2,6,30,0.8660254037844387,-0.49999999999999983,-0.7818314824680299,0.6234898018587334,1,0,98,0,3952,1,0,0
2023-05-01,2023,5,2,0,1,0.49999999999999994,-0.8660254037844387,0.0,1.0,1,0,99,0,3953,1,0,0
2023-05-02,2023,5,2,1,2,0.49999999999999994,-0.8660254037844387,0.7818314824680298,0.6234898018587336,1,0,100,0,3954,0,0,0
2023-05-03,2023,5,2,2,3,0.49999999999999994,-0.8660254037844387,0.9749279121818236,-0.22252093395631434,1,0,101,0,3955,0,0,0
2023-05-04,2023,5,2,3,4,0.49999999999999994,-0.8660254037844387,0.43388373911755823,-0.900968867902419,1,0,102,0,3956,0,0,0
2023-05-05,2023,5,2,4,5,0.49999999999999994,-0.8660254037844387,-0.433883739117558,-0.9009688679024191,1,0,103,0,3957,0,0,0
2023-05-06,2023,5,2,5,6,0.49999999999999994,-0.8660254037844387,-0.9749279121818236,-0.2225209339563146,1,0,104,0,3958,0,0,0
2023-05-07,2023,5,2,6,7,0.49999999999999994,-0.8660254037844387,-0.7818314824680299,0.6234898018587334,1,0,105,0,3959,0,0,0
2023-05-08,2023,5,2,0,8,0.49999999999999994,-0.8660254037844387,0.0,1.0,1,0,106,0,3960,0,0,0
2023-05-09,2023,5,2,1,9,0.49999999999999994,-0.8660254037844387,0.7818314824680298,0.6234898018587336,1,0,107,0,3961,0,0,0
2023-05-10,2023,5,2,2,10,0.49999999999999994,-0.8660254037844387,0.9749279121818236,-0.22252093395631434,1,0,108,0,3962,0,0,0
2023-05-11,2023,5,2,3,11,0.49999999999999994,-0.8660254037844387,0.43388373911755823,-0.900968867902419,1,0,109,0,3963,0,0,0
2023-05-12,2023,5,2,4,12,0.49999999999999994,-0.8660254037844387,-0.433883739117558,-0.9009688679024191,1,0,110,0,3964,0,0,0
2023-05-13,2023,5,2,5,13,0.49999999999999994,-0.8660254037844387,-0.9749279121818236,-0.2225209339563146,1,0,111,0,3965,0,0,0
2023-05-14,2023,5,2,6,14,0.49999999999999994,-0.8660254037844387,-0.7818314824680299,0.6234898018587334,1,0,112,0,3966,0,0,0
2023-05-15,2023,5,2,0,15,0.49999999999999994,-0.8660254037844387,0.0,1.0,1,0,113,0,3967,0,0,0
2023-05-16,2023,5,2,1,16,0.49999999999999994,-0.8660254037844387,0.7818314824680298,0.6234898018587336,1,0,114,0,3968,0,0,0
2023-05-17,2023,5,2,2,17,0.49999999999999994,-0.8660254037844387,0.9749279121818236,-0.22252093395631434,1,0,115,0,3969,0,0,0
2023-05-18,2023,5,2,3,18,0.49999999999999994,-0.8660254037844387,0.43388373911755823,-0.900968867902419,1,0,116,0,3970,0,0,0
2023-05-19,2023,5,2,4,19,0.49999999999999994,-0.8660254037844387,-0.433883739117558,-0.9009688679024191,1,0,117,0,3971,0,0,0
2023-05-20,2023,5,2,5,20,0.49999999999999994,-0.8660254037844387,-0.9749279121818236,-0.2225209339563146,1,0,118,0,3972,0,0,0
2023-05-21,2023,5,2,6,21,0.49999999999999994,-0.8660254037844387,-0.7818314824680299,0.6234898018587334,1,0,119,0,3973,0,0,0
2023-05-22,2023,5,2,0,22,0.49999999999999994,-0.8660254037844387,0.0,1.0,1,0,120,0,3974,0,0,0
2023-05-23,2023,5,2,1,23,0.49999999999999994,-0.8660254037844387,0.7818314824680298,0.6234898018587336,1,0,121,0,3975,0,0,0
2023-05-24,2023,5,2,2,24,0.49999999999999994,-0.8660254037844387,0.9749279121818236,-0.22252093395631434,1,0,122,0,3976,0,0,0
2023-05-25,2023,5,2,3,25,0.49999999999999994,-0.8660254037844387,0.43388373911755823,-0.900968867902419,1,0,123,0,3977,0,0,0
2023-05-26,2023,5,2,4,26,0.49999999999999994,-0.8660254037844387,-0.433883739117558,-0.9009688679024191,1,0,124,0,3978,0,0,0
2023-05-27,2023,5,2,5,27,0.49999999999999994,-0.8660254037844387,-0.9749279121818236,-0.2225209339563146,1,0,125,0,3979,0,0,0
2023-05-28,2023,5,2,6,28,0.49999999999999994,-0.8660254037844387,-0.7818314824680299,0.6234898018587334,1,0,126,0,3980,0,0,0
2023-05-29,2023,5,2,0,29,0.49999999999999994,-0.8660254037844387,0.0,1.0,1,0,127,0,3981,0,0,0
2023-05-30,2023,5,2,1,30,0.49999999999999994,-0.8660254037844387,0.7818314824680298,0.6234898018587336,1,0,128,0,3982,0,0,0
2023-05-31,2023,5,2,2,31,0.49999999999999994,-0.8660254037844387,0.9749279121818236,-0.22252093395631434,1,0,129,0,3983,0,0,0
2023-06-01,2023,6,2,3,1,1.2246467991473532e-16,-1.0,0.43388373911755823,-0.900968867902419,1,0,130,0,3984,0,0,0
2023-06-02,2023,6,2,4,2,1.2246467991473532e-16,-1.0,-0.433883739117558,-0.9009688679024191,1,0,131,0,3985,0,0,0
2023-06-03,2023,6,2,5,3,1.2246467991473532e-16,-1.0,-0.9749279121818236,-0.2225209339563146,1,0,132,0,3986,0,0,0
2023-06-04,2023,6,2,6,4,1.2246467991473532e-16,-1.0,-0.7818314824680299,0.6234898018587334,1,0,133,0,3987,0,0,0
2023-06-05,2023,6,2,0,5,1.2246467991473532e-16,-1.0,0.0,1.0,1,0,134,0,3988,0,0,0
2023-06-06,2023,6,2,1,6,1.2246467991473532e-16,-1.0,0.7818314824680298,0.6234898018587336,1,0,135,0,3989,0,0,0
2023-06-07,2023,6,2,2,7,1.2246467991473532e-16,-1.0,0.9749279121818236,-0.22252093395631434,1,0,136,0,3990,0,0,0
2023-06-08,2023,6,2,3,8,1.2246467991473532e-16,-1.0,0.43388373911755823,-0.900968867902419,1,0,137,0,3991,0,0,0
2023-06-09,2023,6,2,4,9,1.2246467991473532e-16,-1.0,-0.433883739117558,-0.9009688679024191,1,0,138,0,3992,0,0,0
2023-06-10,2023,6,2,5,10,1.2246467991473532e-16,-1.0,-0.9749279121818236,-0.2225209339563146,1,0,139,0,3993,0,0,0
2023-06-11,2023,6,2,6,11,1.2246467991473532e-16,-1.0,-0.7818314824680299,0.6234898018587334,1,0,140,0,3994,0,0,0
2023-06-12,2023,6,2,0,12,1.2246467991473532e-16,-1.0,0.0,1.0,1,0,141,0,3995,0,0,0
2023-06-13,2023,6,2,1,13,1.2246467991473532e-16,-1.0,0.7818314824680298,0.6234898018587336,1,0,142,0,3996,0,0,0
2023-06-14,2023,6,2,2,14,1.2246467991473532e-16,-1.0,0.9749279121818236,-0.22252093395631434,1,0,143,0,3997,0,0,0
2023-06-15,2023,6,2,3,15,1.2246467991473532e-16,-1.0,0.43388373911755823,-0.900968867902419,1,0,144,0,3998,0,0,0
2023-06-16,2023,6,2,4,16,1.2246467991473532e-16,-1.0,-0.433883739117558,-0.9009688679024191,1,0,145,0,3999,0,0,0
2023-06-17,2023,6,2,5,17,1.2246467991473532e-16,-1.0,-0.9749279121818236,-0.2225209339563146,1,0,146,0,4000,0,0,0
2023-06-18,2023,6,2,6,18,1.2246467991473532e-16,-1.0,-0.7818314824680299,0.6234898018587334,1,0,147,0,4001,0,0,0
2023-06-19,2023,6,2,0,19,1.2246467991473532e-16,-1.0,0.0,1.0,1,0,148,0,4002,0,0,0
2023-06-20,2023,6,2,1,20,1.2246467991473532e-16,-1.0,0.7818314824680298,0.6234898018587336,1,0,149,0,4003,0,0,0
2023-06-21,2023,6,2,2,21,1.2246467991473532e-16,-1.0,0.9749279121818236,-0.22252093395631434,1,0,150,0,4004,0,0,0
2023-06-22,2023,6,2,3,22,1.2246467991473532e-16,-1.0,0.43388373911755823,-0.900968867902419,1,0,151,0,4005,0,0,0
2023-06-23,2023,6,2,4,23,1.2246467991473532e-16,-1.0,-0.433883739117558,-0.9009688679024191,1,0,152,0,4006,0,0,0
2023-06-24,2023,6,2,5,24,1.2246467991473532e-16,-1.0,-0.9749279121818236,-0.2225209339563146,1,0,153,0,4007,0,0,0
2023-06-25,2023,6,2,6,25,1.2246467991473532e-16,-1.0,-0.7818314824680299,0.6234898018587334,1,0,154,0,4008,0,0,0
2023-06-26,2023,6,2,0,26,1.2246467991473532e-16,-1.0,0.0,1.0,1,0,155,0,4009,0,0,0
2023-06-27,2023,6,2,1,27,1.2246467991473532e-16,-1.0,0.7818314824680298,0.6234898018587336,1,0,156,0,4010,0,0,0
2023-06-28,2023,6,2,2,28,1.2246467991473532e-16,-1.0,0.9749279121818236,-0.22252093395631434,1,0,157,0,4011,0,0,0
2023-06-29,2023,6,2,3,29,1.2246467991473532e-16,-1.0,0.43388373911755823,-0.900968867902419,1,0,158,0,4012,0,0,0
2023-06-30,2023,6,2,4,30,1.2246467991473532e-16,-1.0,-0.433883739117558,-0.9009688679024191,1,0,159,0,4013,0,0,0
2023-07-01,2023,7,3,5,1,-0.4999999999999998,-0.8660254037844388,-0.9749279121818236,-0.2225209339563146,1,0,160,1,4014,0,0,0
2023-07-02,2023,7,3,6,2,-0.4999999999999998,-0.8660254037844388,-0.7818314824680299,0.6234898018587334,1,0,161,1,4015,0,0,0
2023-07-03,2023,7,3,0,3,-0.4999999999999998,-0.8660254037844388,0.0,1.0,1,0,162,1,4016,0,0,0
2023-07-04,2023,7,3,1,4,-0.4999999999999998,-0.8660254037844388,0.7818314824680298,0.6234898018587336,1,0,163,1,4017,0,0,0
2023-07-05,2023,7,3,2,5,-0.4999999999999998,-0.8660254037844388,0.9749279121818236,-0.22252093395631434,1,0,164,1,4018,0,0,0
2023-07-06,2023,7,3,3,6,-0.4999999999999998,-0.8660254037844388,0.43388373911755823,-0.900968867902419,1,0,165,1,4019,0,0,0
2023-07-07,2023,7,3,4,7,-0.4999999999999998,-0.8660254037844388,-0.433883739117558,-0.9009688679024191,1,0,166,1,4020,0,0,0
2023-07-08,2023,7,3,5,8,-0.4999999999999998,-0.8660254037844388,-0.9749279121818236,-0.2225209339563146,1,0,167,1,4021,0,0,0
2023-07-09,2023,7,3,6,9,-0.4999999999999998,-0.8660254037844388,-0.7818314824680299,0.6234898018587334,1,0,168,1,4022,0,0,0
2023-07-10,2023,7,3,0,10,-0.4999999999999998,-0.8660254037844388,0.0,1.0,1,0,169,1,4023,0,0,0
2023-07-11,2023,7,3,1,11,-0.4999999999999998,-0.8660254037844388,0.7818314824680298,0.6234898018587336,1,0,170,1,4024,0,0,0
2023-07-12,2023,7,3,2,12,-0.4999999999999998,-0.8660254037844388,0.9749279121818236,-0.22252093395631434,1,0,171,1,4025,0,0,0
2023-07-13,2023,7,3,3,13,-0.4999999999999998,-0.8660254037844388,0.43388373911755823,-0.900968867902419,1,0,172,1,4026,0,0,0
2023-07-14,2023,7,3,4,14,-0.4999999999999998,-0.8660254037844388,-0.433883739117558,-0.9009688679024191,1,0,173,1,4027,0,0,0
2023-07-15,2023,7,3,5,15,-0.4999999999999998,-0.8660254037844388,-0.9749279121818236,-0.2225209339563146,1,0,174,1,4028,0,0,0
2023-07-16,2023,7,3,6,16,-0.4999999999999998,-0.8660254037844388,-0.7818314824680299,0.6234898018587334,1,0,175,1,4029,0,0,0
2023-07-17,2023,7,3,0,17,-0.4999999999999998,-0.8660254037844388,0.0,1.0,1,0,176,1,4030,0,0,0
2023-07-18,2023,7,3,1,18,-0.4999999999999998,-0.8660254037844388,0.7818314824680298,0.6234898018587336,1,0,177,1,4031,0,0,0
2023-07-19,2023,7,3,2,19,-0.4999999999999998,-0.8660254037844388,0.9749279121818236,-0.22252093395631434,1,0,178,1,4032,0,0,0
2023-07-20,2023,7,3,3,20,-0.4999999999999998,-0.8660254037844388,0.43388373911755823,-0.900968867902419,1,0,179,1,4033,0,0,0
2023-07-21,2023,7,3,4,21,-0.4999999999999998,-0.8660254037844388,-0.433883739117558,-0.9009688679024191,1,0,180,1,4034,0,0,0
2023-07-22,2023,7,3,5,22,-0.4999999999999998,-0.8660254037844388,-0.9749279121818236,-0.2225209339563146,1,0,181,1,4035,0,0,0
2023-07-23,2023,7,3,6,23,-0.4999999999999998,-0.8660254037844388,-0.7818314824680299,0.6234898018587334,1,0,182,1,4036,0,0,0
2023-07-24,2023,7,3,0,24,-0.4999999999999998,-0.8660254037844388,0.0,1.0,1,0,183,1,4037,0,0,0
2023-07-25,2023,7,3,1,25,-0.4999999999999998,-0.8660254037844388,0.7818314824680298,0.6234898018587336,1,0,184,1,4038,0,0,0
2023-07-26,2023,7,3,2,26,-0.4999999999999998,-0.8660254037844388,0.9749279121818236,-0.22252093395631434,1,0,185,1,4039,0,0,0
2023-07-27,2023,7,3,3,27,-0.4999999999999998,-0.8660254037844388,0.43388373911755823,-0.900968867902419,1,0,186,1,4040,0,0,0
2023-07-28,2023,7,3,4,28,-0.4999999999999998,-0.8660254037844388,-0.433883739117558,-0.9009688679024191,1,0,187,1,4041,0,0,0
2023-07-29,2023,7,3,5,29,-0.4999999999999998,-0.8660254037844388,-0.9749279121818236,-0.2225209339563146,1,0,188,1,4042,0,0,0
2023-07-30,2023,7,3,6,30,-0.4999999999999998,-0.8660254037844388,-0.7818314824680299,0.6234898018587334,1,0,189,1,4043,0,0,0
2023-07-31,2023,7,3,0,31,-0.4999999999999998,-0.8660254037844388,0.0,1.0,1,0,190,1,4044,0,0,0
2023-08-01,2023,8,3,1,1,-0.8660254037844384,-0.5000000000000004,0.7818314824680298,0.6234898018587336,1,0,191,1,4045,0,0,0
2023-08-02,2023,8,3,2,2,-0.8660254037844384,-0.5000000000000004,0.9749279121818236,-0.22252093395631434,1,0,192,1,4046,0,0,0
2023-08-03,2023,8,3,3,3,-0.8660254037844384,-0.5000000000000004,0.43388373911755823,-0.900968867902419,1,0,-191,1,4047,0,0,0
2023-08-04,2023,8,3,4,4,-0.8660254037844384,-0.5000000000000004,-0.433883739117558,-0.9009688679024191,1,0,-190,1,4048,0,0,0
2023-08-05,2023,8,3,5,5,-0.8660254037844384,-0.5000000000000004,-0.9749279121818236,-0.2225209339563146,1,0,-189,1,4049,0,0,0
2023-08-06,2023,8,3,6,6,-0.8660254037844384,-0.5000000000000004,-0.7818314824680299,0.6234898018587334,1,0,-188,1,4050,0,0,0
2023-08-07,2023,8,3,0,7,-0.8660254037844384,-0.5000000000000004,0.0,1.0,1,0,-187,1,4051,0,0,0
2023-08-08,2023,8,3,1,8,-0.8660254037844384,-0.5000000000000004,0.7818314824680298,0.6234898018587336,1,0,-186,1,4052,0,0,0
2023-08-09,2023,8,3,2,9,-0.8660254037844384,-0.5000000000000004,0.9749279121818236,-0.22252093395631434,1,0,-185,1,4053,0,0,0
2023-08-10,2023,8,3,3,10,-0.8660254037844384,-0.5000000000000004,0.43388373911755823,-0.900968867902419,1,0,-184,1,4054,0,0,0
2023-08-11,2023,8,3,4,11,-0.8660254037844384,-0.5000000000000004,-0.433883739117558,-0.9009688679024191,1,0,-183,1,4055,0,0,0
2023-08-12,2023,8,3,5,12,-0.8660254037844384,-0.5000000000000004,-0.9749279121818236,-0.2225209339563146,1,0,-182,1,4056,0,0,0
2023-08-13,2023,8,3,6,13,-0.8660254037844384,-0.5000000000000004,-0.7818314824680299,0.6234898018587334,1,0,-181,1,4057,0,0,0
2023-08-14,2023,8,3,0,14,-0.8660254037844384,-0.5000000000000004,0.0,1.0,1,0,-180,1,4058,0,0,0
2023-08-15,2023,8,3,1,15,-0.8660254037844384,-0.5000000000000004,0.7818314824680298,0.6234898018587336,1,0,-179,1,4059,0,0,0
2023-08-16,2023,8,3,2,16,-0.8660254037844384,-0.5000000000000004,0.9749279121818236,-0.22252093395631434,1,0,-178,1,4060,0,0,0
2023-08-17,2023,8,3,3,17,-0.8660254037844384,-0.5000000000000004,0.43388373911755823,-0.900968867902419,1,0,-177,1,4061,0,0,0
2023-08-18,2023,8,3,4,18,-0.8660254037844384,-0.5000000000000004,-0.433883739117558,-0.9009688679024191,1,0,-176,1,4062,0,0,0
2023-08-19,2023,8,3,5,19,-0.8660254037844384,-0.5000000000000004,-0.9749279121818236,-0.2225209339563146,1,0,-175,1,4063,0,0,0
2023-08-20,2023,8,3,6,20,-0.8660254037844384,-0.5000000000000004,-0.7818314824680299,0.6234898018587334,1,0,-174,1,4064,0,0,0
2023-08-21,2023,8,3,0,21,-0.8660254037844384,-0.5000000000000004,0.0,1.0,1,0,-173,1,4065,0,0,0
2023-08-22,2023,8,3,1,22,-0.8660254037844384,-0.5000000000000004,0.7818314824680298,0.6234898018587336,1,0,-172,1,4066,0,0,0
2023-08-23,2023,8,3,2,23,-0.8660254037844384,-0.5000000000000004,0.9749279121818236,-0.22252093395631434,1,0,-171,1,4067,0,0,0
2023-08-24,2023,8,3,3,24,-0.8660254037844384,-0.5000000000000004,0.43388373911755823,-0.900968867902419,1,0,-170,1,4068,0,0,0
2023-08-25,2023,8,3,4,25,-0.8660254037844384,-0.5000000000000004,-0.433883739117558,-0.9009688679024191,1,0,-169,1,4069,0,0,0
2023-08-26,2023,8,3,5,26,-0.8660254037844384,-0.5000000000000004,-0.9749279121818236,-0.2225209339563146,1,0,-168,1,4070,0,0,0
2023-08-27,2023,8,3,6,27,-0.8660254037844384,-0.5000000000000004,-0.7818314824680299,0.6234898018587334,1,0,-167,1,4071,0,0,0
2023-08-28,2023,8,3,0,28,-0.8660254037844384,-0.5000000000000004,0.0,1.0,1,0,-166,1,4072,0,0,0
2023-08-29,2023,8,3,1,29,-0.8660254037844384,-0.5000000000000004,0.7818314824680298,0.6234898018587336,1,0,-165,1,4073,0,0,0
2023-08-30,2023,8,3,2,30,-0.8660254037844384,-0.5000000000000004,0.9749279121818236,-0.22252093395631434,1,0,-164,1,4074,0,0,0
2023-08-31,2023,8,3,3,31,-0.8660254037844384,-0.5000000000000004,0.43388373911755823,-0.900968867902419,1,0,-163,1,4075,0,0,0
2023-09-01,2023,9,3,4,1,-1.0,-1.8369701987210297e-16,-0.433883739117558,-0.9009688679024191,1,0,-162,1,4076,0,0,0
2023-09-02,2023,9,3,5,2,-1.0,-1.8369701987210297e-16,-0.9749279121818236,-0.2225209339563146,1,0,-161,1,4077,0,1,0
2023-09-03,2023,9,3,6,3,-1.0,-1.8369701987210297e-16,-0.7818314824680299,0.6234898018587334,1,0,-160,1,4078,0,0,0
2023-09-04,2023,9,3,0,4,-1.0,-1.8369701987210297e-16,0.0,1.0,1,0,-159,1,4079,0,0,0
2023-09-05,2023,9,3,1,5,-1.0,-1.8369701987210297e-16,0.7818314824680298,0.6234898018587336,1,0,-158,1,4080,0,0,0
2023-09-06,2023,9,3,2,6,-1.0,-1.8369701987210297e-16,0.9749279121818236,-0.22252093395631434,1,0,-157,1,4081,0,0,0
2023-09-07,2023,9,3,3,7,-1.0,-1.8369701987210297e-16,0.43388373911755823,-0.900968867902419,1,0,-156,1,4082,0,0,0
2023-09-08,2023,9,3,4,8,-1.0,-1.8369701987210297e-16,-0.433883739117558,-0.9009688679024191,1,0,-155,1,4083,0,0,0
2023-09-09,2023,9,3,5,9,-1.0,-1.8369701987210297e-16,-0.9749279121818236,-0.2225209339563146,1,0,-154,1,4084,0,0,0
2023-09-10,2023,9,3,6,10,-1.0,-1.8369701987210297e-16,-0.7818314824680299,0.6234898018587334,1,0,-153,1,4085,0,0,0
2023-09-11,2023,9,3,0,11,-1.0,-1.8369701987210297e-16,0.0,1.0,1,0,-152,1,4086,0,0,0
2023-09-12,2023,9,3,1,12,-1.0,-1.8369701987210297e-16,0.7818314824680298,0.6234898018587336,1,0,-151,1,4087,0,0,0
2023-09-13,2023,9,3,2,13,-1.0,-1.8369701987210297e-16,0.9749279121818236,-0.22252093395631434,1,0,-150,1,4088,0,0,0
2023-09-14,2023,9,3,3,14,-1.0,-1.8369701987210297e-16,0.43388373911755823,-0.900968867902419,1,0,-149,1,4089,0,0,0
2023-09-15,2023,9,3,4,15,-1.0,-1.8369701987210297e-16,-0.433883739117558,-0.9009688679024191,1,0,-148,1,4090,0,0,0
2023-09-16,2023,9,3,5,16,-1.0,-1.8369701987210297e-16,-0.9749279121818236,-0.2225209339563146,1,0,-147,1,4091,0,0,0
2023-09-17,2023,9,3,6,17,-1.0,-1.8369701987210297e-16,-0.7818314824680299,0.6234898018587334,1,0,-146,1,4092,0,0,0
2023-09-18,2023,9,3,0,18,-1.0,-1.8369701987210297e-16,0.0,1.0,1,0,-145,1,4093,0,0,0
2023-09-19,2023,9,3,1,19,-1.0,-1.8369701987210297e-16,0.7818314824680298,0.6234898018587336,1,0,-144,1,4094,0,0,0
2023-09-20,2023,9,3,2,20,-1.0,-1.8369701987210297e-16,0.9749279121818236,-0.22252093395631434,1,0,-143,1,4095,0,0,0
2023-09-21,2023,9,3,3,21,-1.0,-1.8369701987210297e-16,0.43388373911755823,-0.900968867902419,1,0,-142,1,4096,0,0,0
2023-09-22,2023,9,3,4,22,-1.0,-1.8369701987210297e-16,-0.433883739117558,-0.9009688679024191,1,0,-141,1,4097,0,0,0
2023-09-23,2023,9,3,5,23,-1.0,-1.8369701987210297e-16,-0.9749279121818236,-0.2225209339563146,1,0,-140,1,4098,0,0,0
2023-09-24,2023,9,3,6,24,-1.0,-1.8369701987210297e-16,-0.7818314824680299,0.6234898018587334,1,0,-139,1,4099,0,0,0
2023-09-25,2023,9,3,0,25,-1.0,-1.8369701987210297e-16,0.0,1.0,1,0,-138,1,4100,0,0,0
2023-09-26,2023,9,3,1,26,-1.0,-1.8369701987210297e-16,0.7818314824680298,0.6234898018587336,1,0,-137,1,4101,0,0,0
2023-09-27,2023,9,3,2,27,-1.0,-1.8369701987210297e-16,0.9749279121818236,-0.22252093395631434,1,0,-136,1,4102,0,0,0
2023-09-28,2023,9,3,3,28,-1.0,-1.8369701987210297e-16,0.43388373911755823,-0.900968867902419,1,0,-135,1,4103,0,0,0
2023-09-29,2023,9,3,4,29,-1.0,-1.8369701987210297e-16,-0.433883739117558,-0.9009688679024191,1,0,-134,1,4104,0,0,0
2023-09-30,2023,9,3,5,30,-1.0,-1.8369701987210297e-16,-0.9749279121818236,-0.2225209339563146,1,0,-133,1,4105,0,0,0
2023-10-01,2023,10,4,6,1,-0.8660254037844386,0.5000000000000001,-0.7818314824680299,0.6234898018587334,1,0,-132,0,4106,0,0,0
2023-10-02,2023,10,4,0,2,-0.8660254037844386,0.5000000000000001,0.0,1.0,1,0,-131,0,4107,0,0,0
2023-10-03,2023,10,4,1,3,-0.8660254037844386,0.5000000000000001,0.7818314824680298,0.6234898018587336,1,0,-130,0,4108,0,0,0
2023-10-04,2023,10,4,2,4,-0.8660254037844386,0.5000000000000001,0.9749279121818236,-0.22252093395631434,1,0,-129,0,4109,0,0,0
2023-10-05,2023,10,4,3,5,-0.8660254037844386,0.5000000000000001,0.43388373911755823,-0.900968867902419,1,0,-128,0,4110,0,0,0
2023-10-06,2023,10,4,4,6,-0.8660254037844386,0.5000000000000001,-0.433883739117558,-0.9009688679024191,1,0,-127,0,4111,0,0,0
2023-10-07,2023,10,4,5,7,-0.8660254037844386,0.5000000000000001,-0.9749279121818236,-0.2225209339563146,1,0,-126,0,4112,0,0,0
2023-10-08,2023,10,4,6,8,-0.8660254037844386,0.5000000000000001,-0.7818314824680299,0.6234898018587334,1,0,-125,0,4113,0,0,0
2023-10-09,2023,10,4,0,9,-0.8660254037844386,0.5000000000000001,0.0,1.0,1,0,-124,0,4114,0,0,0
2023-10-10,2023,10,4,1,10,-0.8660254037844386,0.5000000000000001,0.7818314824680298,0.6234898018587336,1,0,-123,0,4115,0,0,0
2023-10-11,2023,10,4,2,11,-0.8660254037844386,0.5000000000000001,0.9749279121818236,-0.22252093395631434,1,0,-122,0,4116,0,0,0
2023-10-12,2023,10,4,3,12,-0.8660254037844386,0.5000000000000001,0.43388373911755823,-0.900968867902419,1,0,-121,0,4117,0,0,0
2023-10-13,2023,10,4,4,13,-0.8660254037844386,0.5000000000000001,-0.433883739117558,-0.9009688679024191,1,0,-120,0,4118,0,0,0
2023-10-14,2023,10,4,5,14,-0.8660254037844386,0.5000000000000001,-0.9749279121818236,-0.2225209339563146,1,0,-119,0,4119,0,0,0
2023-10-15,2023,10,4,6,15,-0.8660254037844386,0.5000000000000001,-0.7818314824680299,0.6234898018587334,1,0,-118,0,4120,0,0,0
2023-10-16,2023,10,4,0,16,-0.8660254037844386,0.5000000000000001,0.0,1.0,1,0,-117,0,4121,0,0,0
2023-10-17,2023,10,4,1,17,-0.8660254037844386,0.5000000000000001,0.7818314824680298,0.6234898018587336,1,0,-116,0,4122,0,0,0
2023-10-18,2023,10,4,2,18,-0.8660254037844386,0.5000000000000001,0.9749279121818236,-0.22252093395631434,1,0,-115,0,4123,0,0,0
2023-10-19,2023,10,4,3,19,-0.8660254037844386,0.5000000000000001,0.43388373911755823,-0.900968867902419,1,0,-114,0,4124,0,0,0
2023-10-20,2023,10,4,4,20,-0.8660254037844386,0.5000000000000001,-0.433883739117558,-0.9009688679024191,1,0,-113,0,4125,0,0,0
2023-10-21,2023,10,4,5,21,-0.8660254037844386,0.5000000000000001,-0.9749279121818236,-0.2225209339563146,1,0,-112,0,4126,0,0,0
2023-10-22,2023,10,4,6,22,-0.8660254037844386,0.5000000000000001,-0.7818314824680299,0.6234898018587334,1,0,-111,0,4127,0,0,0
2023-10-23,2023,10,4,0,23,-0.8660254037844386,0.5000000000000001,0.0,1.0,1,0,-110,0,4128,0,0,0
2023-10-24,2023,10,4,1,24,-0.8660254037844386,0.5000000000000001,0.7818314824680298,0.6234898018587336,1,0,-109,0,4129,0,0,0
2023-10-25,2023,10,4,2,25,-0.8660254037844386,0.5000000000000001,0.9749279121818236,-0.22252093395631434,1,0,-108,0,4130,0,0,0
2023-10-26,2023,10,4,3,26,-0.8660254037844386,0.5000000000000001,0.43388373911755823,-0.900968867902419,1,0,-107,0,4131,0,0,0
2023-10-27,2023,10,4,4,27,-0.8660254037844386,0.5000000000000001,-0.433883739117558,-0.9009688679024191,1,0,-106,0,4132,0,0,0
2023-10-28,2023,10,4,5,28,-0.8660254037844386,0.5000000000000001,-0.9749279121818236,-0.2225209339563146,1,0,-105,0,4133,0,0,0
2023-10-29,2023,10,4,6,29,-0.8660254037844386,0.5000000000000001,-0.7818314824680299,0.6234898018587334,1,0,-104,0,4134,0,0,0
2023-10-30,2023,10,4,0,30,-0.8660254037844386,0.5000000000000001,0.0,1.0,1,0,-103,0,4135,0,0,0
2023-10-31,2023,10,4,1,31,-0.8660254037844386,0.5000000000000001,0.7818314824680298,0.6234898018587336,1,0,-102,0,4136,0,0,0
2023-11-01,2023,11,4,2,1,-0.5000000000000004,0.8660254037844384,0.9749279121818236,-0.22252093395631434,1,0,-101,1,4137,0,0,0
2023-11-02,2023,11,4,3,2,-0.5000000000000004,0.8660254037844384,0.43388373911755823,-0.900968867902419,1,0,-100,1,4138,0,0,0
2023-11-03,2023,11,4,4,3,-0.5000000000000004,0.8660254037844384,-0.433883739117558,-0.9009688679024191,1,0,-99,1,4139,0,0,0
2023-11-04,2023,11,4,5,4,-0.5000000000000004,0.8660254037844384,-0.9749279121818236,-0.2225209339563146,1,0,-98,1,4140,0,0,0
2023-11-05,2023,11,4,6,5,-0.5000000000000004,0.8660254037844384,-0.7818314824680299,0.6234898018587334,1,0,-97,1,4141,0,0,0
2023-11-06,2023,11,4,0,6,-0.5000000000000004,0.8660254037844384,0.0,1.0,1,0,-96,1,4142,0,0,0
2023-11-07,2023,11,4,1,7,-0.5000000000000004,0.8660254037844384,0.7818314824680298,0.6234898018587336,1,0,-95,1,4143,0,0,0
2023-11-08,2023,11,4,2,8,-0.5000000000000004,0.8660254037844384,0.9749279121818236,-0.22252093395631434,1,0,-94,1,4144,0,0,0
2023-11-09,2023,11,4,3,9,-0.5000000000000004,0.8660254037844384,0.43388373911755823,-0.900968867902419,1,0,-93,1,4145,0,0,0
2023-11-10,2023,11,4,4,10,-0.5000000000000004,0.8660254037844384,-0.433883739117558,-0.9009688679024191,1,0,-92,1,4146,0,0,0
2023-11-11,2023,11,4,5,11,-0.5000000000000004,0.8660254037844384,-0.9749279121818236,-0.2225209339563146,1,0,-91,1,4147,0,0,0
2023-11-12,2023,11,4,6,12,-0.5000000000000004,0.8660254037844384,-0.7818314824680299,0.6234898018587334,1,0,-90,1,4148,0,0,0
2023-11-13,2023,11,4,0,13,-0.5000000000000004,0.8660254037844384,0.0,1.0,1,0,-89,1,4149,0,0,0
2023-11-14,2023,11,4,1,14,-0.5000000000000004,0.8660254037844384,0.7818314824680298,0.6234898018587336,1,0,-88,1,4150,0,0,0
2023-11-15,2023,11,4,2,15,-0.5000000000000004,0.8660254037844384,0.9749279121818236,-0.22252093395631434,1,0,-87,1,4151,0,0,0
2023-11-16,2023,11,4,3,16,-0.5000000000000004,0.8660254037844384,0.43388373911755823,-0.900968867902419,1,0,-86,1,4152,0,0,0
2023-11-17,2023,11,4,4,17,-0.5000000000000004,0.8660254037844384,-0.433883739117558,-0.9009688679024191,1,0,-85,1,4153,0,0,0
2023-11-18,2023,11,4,5,18,-0.5000000000000004,0.8660254037844384,-0.9749279121818236,-0.2225209339563146,1,0,-84,1,4154,0,0,0
2023-11-19,2023,11,4,6,19,-0.5000000000000004,0.8660254037844384,-0.7818314824680299,0.6234898018587334,1,0,-83,1,4155,0,0,0
2023-11-20,2023,11,4,0,20,-0.5000000000000004,0.8660254037844384,0.0,1.0,1,0,-82,1,4156,0,0,0
2023-11-21,2023,11,4,1,21,-0.5000000000000004,0.8660254037844384,0.7818314824680298,0.6234898018587336,1,0,-81,1,4157,0,0,0
2023-11-22,2023,11,4,2,22,-0.5000000000000004,0.8660254037844384,0.9749279121818236,-0.22252093395631434,1,0,-80,1,4158,0,0,0
2023-11-23,2023,11,4,3,23,-0.5000000000000004,0.8660254037844384,0.43388373911755823,-0.900968867902419,1,0,-79,1,4159,0,0,0
2023-11-24,2023,11,4,4,24,-0.5000000000000004,0.8660254037844384,-0.433883739117558,-0.9009688679024191,1,0,-78,1,4160,0,0,0
2023-11-25,2023,11,4,5,25,-0.5000000000000004,0.8660254037844384,-0.9749279121818236,-0.2225209339563146,1,0,-77,1,4161,0,0,0
2023-11-26,2023,11,4,6,26,-0.5000000000000004,0.8660254037844384,-0.7818314824680299,0.6234898018587334,1,0,-76,1,4162,0,0,0
2023-11-27,2023,11,4,0,27,-0.5000000000000004,0.8660254037844384,0.0,1.0,1,0,-75,1,4163,0,0,0
2023-11-28,2023,11,4,1,28,-0.5000000000000004,0.8660254037844384,0.7818314824680298,0.6234898018587336,1,0,-74,1,4164,0,0,0
2023-11-29,2023,11,4,2,29,-0.5000000000000004,0.8660254037844384,0.9749279121818236,-0.22252093395631434,1,0,-73,1,4165,0,0,0
2023-11-30,2023,11,4,3,30,-0.5000000000000004,0.8660254037844384,0.43388373911755823,-0.900968867902419,1,0,-72,1,4166,0,0,0
2023-12-01,2023,12,4,4,1,-2.4492935982947064e-16,1.0,-0.433883739117558,-0.9009688679024191,1,0,-71,1,4167,0,0,0
2023-12-02,2023,12,4,5,2,-2.4492935982947064e-16,1.0,-0.9749279121818236,-0.2225209339563146,1,0,-70,1,4168,0,0,0
2023-12-03,2023,12,4,6,3,-2.4492935982947064e-16,1.0,-0.7818314824680299,0.6234898018587334,1,0,-69,1,4169,0,0,0
2023-12-04,2023,12,4,0,4,-2.4492935982947064e-16,1.0,0.0,1.0,1,0,-68,1,4170,0,0,0
2023-12-05,2023,12,4,1,5,-2.4492935982947064e-16,1.0,0.7818314824680298,0.6234898018587336,1,0,-67,1,4171,0,0,0
2023-12-06,2023,12,4,2,6,-2.4492935982947064e-16,1.0,0.9749279121818236,-0.22252093395631434,1,0,-66,1,4172,0,0,0
2023-12-07,2023,12,4,3,7,-2.4492935982947064e-16,1.0,0.43388373911755823,-0.900968867902419,1,0,-65,1,4173,0,0,0
2023-12-08,2023,12,4,4,8,-2.4492935982947064e-16,1.0,-0.433883739117558,-0.9009688679024191,1,0,-64,1,4174,0,0,0
2023-12-09,2023,12,4,5,9,-2.4492935982947064e-16,1.0,-0.9749279121818236,-0.2225209339563146,1,0,-63,1,4175,0,0,0
2023-12-10,2023,12,4,6,10,-2.4492935982947064e-16,1.0,-0.7818314824680299,0.6234898018587334,1,0,-62,1,4176,0,0,0
2023-12-11,2023,12,4,0,11,-2.4492935982947064e-16,1.0,0.0,1.0,1,0,-61,1,4177,0,0,0
2023-12-12,2023,12,4,1,12,-2.4492935982947064e-16,1.0,0.7818314824680298,0.6234898018587336,1,0,-60,1,4178,0,0,0
2023-12-13,2023,12,4,2,13,-2.4492935982947064e-16,1.0,0.9749279121818236,-0.22252093395631434,1,0,-59,1,4179,0,0,0
2023-12-14,2023,12,4,3,14,-2.4492935982947064e-16,1.0,0.43388373911755823,-0.900968867902419,1,0,-58,1,4180,0,0,0
2023-12-15,2023,12,4,4,15,-2.4492935982947064e-16,1.0,-0.433883739117558,-0.9009688679024191,1,0,-57,1,4181,0,0,0
2023-12-16,2023,12,4,5,16,-2.4492935982947064e-16,1.0,-0.9749279121818236,-0.2225209339563146,1,0,-56,1,4182,0,0,0
2023-12-17,2023,12,4,6,17,-2.4492935982947064e-16,1.0,-0.7818314824680299,0.6234898018587334,1,0,-55,1,4183,0,0,0
2023-12-18,2023,12,4,0,18,-2.4492935982947064e-16,1.0,0.0,1.0,1,0,-54,1,4184,0,0,0
2023-12-19,2023,12,4,1,19,-2.4492935982947064e-16,1.0,0.7818314824680298,0.6234898018587336,1,0,-53,1,4185,0,0,0
2023-12-20,2023,12,4,2,20,-2.4492935982947064e-16,1.0,0.9749279121818236,-0.22252093395631434,1,0,-52,1,4186,0,0,0
2023-12-21,2023,12,4,3,21,-2.4492935982947064e-16,1.0,0.43388373911755823,-0.900968867902419,1,0,-51,1,4187,0,0,0
2023-12-22,2023,12,4,4,22,-2.4492935982947064e-16,1.0,-0.433883739117558,-0.9009688679024191,1,0,-50,1,4188,0,0,0
2023-12-23,2023,12,4,5,23,-2.4492935982947064e-16,1.0,-0.9749279121818236,-0.2225209339563146,1,0,-49,1,4189,0,0,0
2023-12-24,2023,12,4,6,24,-2.4492935982947064e-16,1.0,-0.7818314824680299,0.6234898018587334,1,0,-48,1,4190,0,0,0
2023-12-25,2023,12,4,0,25,-2.4492935982947064e-16,1.0,0.0,1.0,1,0,-47,1,4191,0,0,1
2023-12-26,2023,12,4,1,26,-2.4492935982947064e-16,1.0,0.7818314824680298,0.6234898018587336,1,0,-46,1,4192,0,0,0
2023-12-27,2023,12,4,2,27,-2.4492935982947064e-16,1.0,0.9749279121818236,-0.22252093395631434,1,0,-45,1,4193,0,0,0
2023-12-28,2023,12,4,3,28,-2.4492935982947064e-16,1.0,0.43388373911755823,-0.900968867902419,1,0,-44,1,4194,0,0,0
2023-12-29,2023,12,4,4,29,-2.4492935982947064e-16,1.0,-0.433883739117558,-0.9009688679024191,1,0,-43,1,4195,0,0,0
2023-12-30,2023,12,4,5,30,-2.4492935982947064e-16,1.0,-0.9749279121818236,-0.2225209339563146,1,0,-42,1,4196,0,0,0
2023-12-31,2023,12,4,6,31,-2.4492935982947064e-16,1.0,-0.7818314824680299,0.6234898018587334,1,0,-41,1,4197,0,0,0
2024-01-01,2024,1,1,0,1,0.49999999999999994,0.8660254037844387,0.0,1.0,1,0,-40,0,4198,0,0,0
2024-01-02,2024,1,1,1,2,0.49999999999999994,0.8660254037844387,0.7818314824680298,0.6234898018587336,1,0,-39,0,4199,0,0,0
2024-01-03,2024,1,1,2,3,0.49999999999999994,0.8660254037844387,0.9749279121818236,-0.22252093395631434,1,0,-38,0,4200,0,0,0
2024-01-04,2024,1,1,3,4,0.49999999999999994,0.8660254037844387,0.43388373911755823,-0.900968867902419,1,0,-37,0,4201,0,0,0
2024-01-05,2024,1,1,4,5,0.49999999999999994,0.8660254037844387,-0.433883739117558,-0.9009688679024191,1,0,-36,0,4202,0,0,0
2024-01-06,2024,1,1,5,6,0.49999999999999994,0.8660254037844387,-0.9749279121818236,-0.2225209339563146,1,0,-35,0,4203,0,0,0
2024-01-07,2024,1,1,6,7,0.49999999999999994,0.8660254037844387,-0.7818314824680299,0.6234898018587334,1,0,-34,0,4204,0,0,0
2024-01-08,2024,1,1,0,8,0.49999999999999994,0.8660254037844387,0.0,1.0,1,0,-33,0,4205,0,0,0
2024-01-09,2024,1,1,1,9,0.49999999999999994,0.8660254037844387,0.7818314824680298,0.6234898018587336,1,0,-32,0,4206,0,0,0
2024-01-10,2024,1,1,2,10,0.49999999999999994,0.8660254037844387,0.9749279121818236,-0.22252093395631434,1,0,-31,0,4207,0,0,0
2024-01-11,2024,1,1,3,11,0.49999999999999994,0.8660254037844387,0.43388373911755823,-0.900968867902419,1,0,-30,0,4208,0,0,0
2024-01-12,2024,1,1,4,12,0.49999999999999994,0.8660254037844387,-0.433883739117558,-0.9009688679024191,1,0,-29,0,4209,0,0,0
2024-01-13,2024,1,1,5,13,0.49999999999999994,0.8660254037844387,-0.9749279121818236,-0.2225209339563146,1,0,-28,0,4210,0,0,0
2024-01-14,2024,1,1,6,14,0.49999999999999994,0.8660254037844387,-0.7818314824680299,0.6234898018587334,1,0,-27,0,4211,0,0,0
2024-01-15,2024,1,1,0,15,0.49999999999999994,0.8660254037844387,0.0,1.0,1,0,-26,0,4212,0,0,0
2024-01-16,2024,1,1,1,16,0.49999999999999994,0.8660254037844387,0.7818314824680298,0.6234898018587336,1,0,-25,0,4213,0,0,0
2024-01-17,2024,1,1,2,17,0.49999999999999994,0.8660254037844387,0.9749279121818236,-0.22252093395631434,1,0,-24,0,4214,0,0,0
2024-01-18,2024,1,1,3,18,0.49999999999999994,0.8660254037844387,0.43388373911755823,-0.900968867902419,1,0,-23,0,4215,0,0,0
2024-01-19,2024,1,1,4,19,0.49999999999999994,0.8660254037844387,-0.433883739117558,-0.9009688679024191,1,0,-22,0,4216,0,0,0
2024-01-20,2024,1,1,5,20,0.49999999999999994,0.8660254037844387,-0.9749279121818236,-0.2225209339563146,1,0,-21,0,4217,0,0,0
2024-01-21,2024,1,1,6,21,0.49999999999999994,0.8660254037844387,-0.7818314824680299,0.6234898018587334,1,0,-20,0,4218,0,0,0
2024-01-22,2024,1,1,0,22,0.49999999999999994,0.8660254037844387,0.0,1.0,1,0,-19,0,4219,0,0,0
2024-01-23,2024,1,1,1,23,0.49999999999999994,0.8660254037844387,0.7818314824680298,0.6234898018587336,1,0,-18,0,4220,0,0,0
2024-01-24,2024,1,1,2,24,0.49999999999999994,0.8660254037844387,0.9749279121818236,-0.22252093395631434,1,0,-17,0,4221,0,0,0
2024-01-25,2024,1,1,3,25,0.49999999999999994,0.8660254037844387,0.43388373911755823,-0.900968867902419,1,0,-16,0,4222,0,0,0
2024-01-26,2024,1,1,4,26,0.49999999999999994,0.8660254037844387,-0.433883739117558,-0.9009688679024191,1,0,-15,0,4223,0,0,0
2024-01-27,2024,1,1,5,27,0.49999999999999994,0.8660254037844387,-0.9749279121818236,-0.2225209339563146,1,0,-14,0,4224,0,0,0
2024-01-28,2024,1,1,6,28,0.49999999999999994,0.8660254037844387,-0.7818314824680299,0.6234898018587334,1,0,-13,0,4225,0,0,0
2024-01-29,2024,1,1,0,29,0.49999999999999994,0.8660254037844387,0.0,1.0,1,0,-12,0,4226,0,0,0
2024-01-30,2024,1,1,1,30,0.49999999999999994,0.8660254037844387,0.7818314824680298,0.6234898018587336,1,0,-11,0,4227,0,0,0
2024-01-31,2024,1,1,2,31,0.49999999999999994,0.8660254037844387,0.9749279121818236,-0.22252093395631434,1,0,-10,0,4228,0,0,0
2024-02-01,2024,2,1,3,1,0.8660254037844386,0.5000000000000001,0.43388373911755823,-0.900968867902419,1,0,-9,0,4229,0,0,0
2024-02-02,2024,2,1,4,2,0.8660254037844386,0.5000000000000001,-0.433883739117558,-0.9009688679024191,1,0,-8,0,4230,0,0,0
2024-02-03,2024,2,1,5,3,0.8660254037844386,0.5000000000000001,-0.9749279121818236,-0.2225209339563146,1,0,-7,0,4231,0,0,0
2024-02-04,2024,2,1,6,4,0.8660254037844386,0.5000000000000001,-0.7818314824680299,0.6234898018587334,1,0,-6,0,4232,0,0,0
2024-02-05,2024,2,1,0,5,0.8660254037844386,0.5000000000000001,0.0,1.0,1,0,-5,0,4233,0,0,0
2024-02-06,2024,2,1,1,6,0.8660254037844386,0.5000000000000001,0.7818314824680298,0.6234898018587336,1,0,-4,0,4234,0,0,0
2024-02-07,2024,2,1,2,7,0.8660254037844386,0.5000000000000001,0.9749279121818236,-0.22252093395631434,1,0,-3,0,4235,0,0,0
2024-02-08,2024,2,1,3,8,0.8660254037844386,0.5000000000000001,0.43388373911755823,-0.900968867902419,1,0,-2,0,4236,0,0,0
2024-02-09,2024,2,1,4,9,0.8660254037844386,0.5000000000000001,-0.433883739117558,-0.9009688679024191,1,0,-1,0,4237,0,0,0
2024-02-10,2024,2,1,5,10,0.8660254037844386,0.5000000000000001,-0.9749279121818236,-0.2225209339563146,1,0,0,0,4238,0,0,0
2024-02-11,2024,2,1,6,11,0.8660254037844386,0.5000000000000001,-0.7818314824680299,0.6234898018587334,1,0,1,0,4239,0,0,0
2024-02-12,2024,2,1,0,12,0.8660254037844386,0.5000000000000001,0.0,1.0,1,0,2,0,4240,0,0,0
2024-02-13,2024,2,1,1,13,0.8660254037844386,0.5000000000000001,0.7818314824680298,0.6234898018587336,1,0,3,0,4241,0,0,0
2024-02-14,2024,2,1,2,14,0.8660254037844386,0.5000000000000001,0.9749279121818236,-0.22252093395631434,1,0,4,0,4242,0,0,0
2024-02-15,2024,2,1,3,15,0.8660254037844386,0.5000000000000001,0.43388373911755823,-0.900968867902419,1,0,5,0,4243,0,0,0
2024-02-16,2024,2,1,4,16,0.8660254037844386,0.5000000000000001,-0.433883739117558,-0.9009688679024191,1,0,6,0,4244,0,0,0
2024-02-17,2024,2,1,5,17,0.8660254037844386,0.5000000000000001,-0.9749279121818236,-0.2225209339563146,1,0,7,0,4245,0,0,0
2024-02-18,2024,2,1,6,18,0.8660254037844386,0.5000000000000001,-0.7818314824680299,0.6234898018587334,1,0,8,0,4246,0,0,0
2024-02-19,2024,2,1,0,19,0.8660254037844386,0.5000000000000001,0.0,1.0,1,0,9,0,4247,0,0,0
2024-02-20,2024,2,1,1,20,0.8660254037844386,0.5000000000000001,0.7818314824680298,0.6234898018587336,1,0,10,0,4248,0,0,0
2024-02-21,2024,2,1,2,21,0.8660254037844386,0.5000000000000001,0.9749279121818236,-0.22252093395631434,1,0,11,0,4249,0,0,0
2024-02-22,2024,2,1,3,22,0.8660254037844386,0.5000000000000001,0.43388373911755823,-0.900968867902419,1,0,12,0,4250,0,0,0
2024-02-23,2024,2,1,4,23,0.8660254037844386,0.5000000000000001,-0.433883739117558,-0.9009688679024191,1,0,13,0,4251,0,0,0
2024-02-24,2024,2,1,5,24,0.8660254037844386,0.5000000000000001,-0.9749279121818236,-0.2225209339563146,1,0,14,0,4252,0,0,0
2024-02-25,2024,2,1,6,25,0.8660254037844386,0.5000000000000001,-0.7818314824680299,0.6234898018587334,1,0,15,0,4253,0,0,0
2024-02-26,2024,2,1,0,26,0.8660254037844386,0.5000000000000001,0.0,1.0,1,0,16,0,4254,0,0,0
2024-02-27,2024,2,1,1,27,0.8660254037844386,0.5000000000000001,0.7818314824680298,0.6234898018587336,1,0,17,0,4255,0,0,0
2024-02-28,2024,2,1,2,28,0.8660254037844386,0.5000000000000001,0.9749279121818236,-0.22252093395631434,1,0,18,0,4256,0,0,0
2024-02-29,2024,2,1,3,29,0.8660254037844386,0.5000000000000001,0.43388373911755823,-0.900968867902419,1,0,19,0,4257,0,0,0
2024-03-01,2024,3,1,4,1,1.0,6.123233995736766e-17,-0.433883739117558,-0.9009688679024191,1,0,20,0,4258,0,0,0
2024-03-02,2024,3,1,5,2,1.0,6.123233995736766e-17,-0.9749279121818236,-0.2225209339563146,1,0,21,0,4259,0,0,0
2024-03-03,2024,3,1,6,3,1.0,6.123233995736766e-17,-0.7818314824680299,0.6234898018587334,1,0,22,0,4260,0,0,0
2024-03-04,2024,3,1,0,4,1.0,6.123233995736766e-17,0.0,1.0,1,0,23,0,4261,0,0,0
2024-03-05,2024,3,1,1,5,1.0,6.123233995736766e-17,0.7818314824680298,0.6234898018587336,1,0,24,0,4262,0,0,0
2024-03-06,2024,3,1,2,6,1.0,6.123233995736766e-17,0.9749279121818236,-0.22252093395631434,1,0,25,0,4263,0,0,0
2024-03-07,2024,3,1,3,7,1.0,6.123233995736766e-17,0.43388373911755823,-0.900968867902419,1,0,26,0,4264,0,0,0
2024-03-08,2024,3,1,4,8,1.0,6.123233995736766e-17,-0.433883739117558,-0.9009688679024191,1,0,27,0,4265,0,0,0
2024-03-09,2024,3,1,5,9,1.0,6.123233995736766e-17,-0.9749279121818236,-0.2225209339563146,1,0,28,0,4266,0,0,0
2024-03-10,2024,3,1,6,10,1.0,6.123233995736766e-17,-0.7818314824680299,0.6234898018587334,1,0,29,0,4267,0,0,0
2024-03-11,2024,3,1,0,11,1.0,6.123233995736766e-17,0.0,1.0,1,0,30,0,4268,0,0,0
2024-03-12,2024,3,1,1,12,1.0,6.123233995736766e-17,0.7818314824680298,0.6234898018587336,1,0,31,0,4269,0,0,0
2024-03-13,2024,3,1,2,13,1.0,6.123233995736766e-17,0.9749279121818236,-0.22252093395631434,1,0,32,0,4270,0,0,0
2024-03-14,2024,3,1,3,14,1.0,6.123233995736766e-17,0.43388373911755823,-0.900968867902419,1,0,33,0,4271,0,0,0
2024-03-15,2024,3,1,4,15,1.0,6.123233995736766e-17,-0.433883739117558,-0.9009688679024191,1,0,34,0,4272,0,0,0
2024-03-16,2024,3,1,5,16,1.0,6.123233995736766e-17,-0.9749279121818236,-0.2225209339563146,1,0,35,0,4273,0,0,0
2024-03-17,2024,3,1,6,17,1.0,6.123233995736766e-17,-0.7818314824680299,0.6234898018587334,1,0,36,0,4274,0,0,0
2024-03-18,2024,3,1,0,18,1.0,6.123233995736766e-17,0.0,1.0,1,0,37,0,4275,0,0,0
2024-03-19,2024,3,1,1,19,1.0,6.123233995736766e-17,0.7818314824680298,0.6234898018587336,1,0,38,0,4276,0,0,0
2024-03-20,2024,3,1,2,20,1.0,6.123233995736766e-17,0.9749279121818236,-0.22252093395631434,1,0,39,0,4277,0,0,0
2024-03-21,2024,3,1,3,21,1.0,6.123233995736766e-17,0.43388373911755823,-0.900968867902419,1,0,40,0,4278,0,0,0
2024-03-22,2024,3,1,4,22,1.0,6.123233995736766e-17,-0.433883739117558,-0.9009688679024191,1,0,41,0,4279,0,0,0
2024-03-23,2024,3,1,5,23,1.0,6.123233995736766e-17,-0.9749279121818236,-0.2225209339563146,1,0,42,0,4280,0,0,0
2024-03-24,2024,3,1,6,24,1.0,6.123233995736766e-17,-0.7818314824680299,0.6234898018587334,1,0,43,0,4281,0,0,0
2024-03-25,2024,3,1,0,25,1.0,6.123233995736766e-17,0.0,1.0,1,0,44,0,4282,0,0,0
2024-03-26,2024,3,1,1,26,1.0,6.123233995736766e-17,0.7818314824680298,0.6234898018587336,1,0,45,0,4283,0,0,0
2024-03-27,2024,3,1,2,27,1.0,6.123233995736766e-17,0.9749279121818236,-0.22252093395631434,1,0,46,0,4284,0,0,0
2024-03-28,2024,3,1,3,28,1.0,6.123233995736766e-17,0.43388373911755823,-0.900968867902419,1,0,47,0,4285,0,0,0
2024-03-29,2024,3,1,4,29,1.0,6.123233995736766e-17,-0.433883739117558,-0.9009688679024191,1,0,48,0,4286,0,0,0
2024-03-30,2024,3,1,5,30,1.0,6.123233995736766e-17,-0.9749279121818236,-0.2225209339563146,1,0,49,0,4287,0,0,0
2024-03-31,2024,3,1,6,31,1.0,6.123233995736766e-17,-0.7818314824680299,0.6234898018587334,1,0,50,0,4288,0,0,0
2024-04-01,2024,4,2,0,1,0.8660254037844387,-0.49999999999999983,0.0,1.0,1,0,51,0,4289,0,0,0
2024-04-02,2024,4,2,1,2,0.8660254037844387,-0.49999999999999983,0.7818314824680298,0.6234898018587336,1,0,52,0,4290,0,0,0
2024-04-03,2024,4,2,2,3,0.8660254037844387,-0.49999999999999983,0.9749279121818236,-0.22252093395631434,1,0,53,0,4291,0,0,0
2024-04-04,2024,4,2,3,4,0.8660254037844387,-0.49999999999999983,0.43388373911755823,-0.900968867902419,1,0,54,0,4292,0,0,0
2024-04-05,2024,4,2,4,5,0.8660254037844387,-0.49999999999999983,-0.433883739117558,-0.9009688679024191,1,0,55,0,4293,0,0,0
2024-04-06,2024,4,2,5,6,0.8660254037844387,-0.49999999999999983,-0.9749279121818236,-0.2225209339563146,1,0,56,0,4294,0,0,0
2024-04-07,2024,4,2,6,7,0.8660254037844387,-0.49999999999999983,-0.7818314824680299,0.6234898018587334,1,0,57,0,4295,0,0,0
2024-04-08,2024,4,2,0,8,0.8660254037844387,-0.49999999999999983,0.0,1.0,1,0,58,0,4296,0,0,0
2024-04-09,2024,4,2,1,9,0.8660254037844387,-0.49999999999999983,0.7818314824680298,0.6234898018587336,1,0,59,0,4297,0,0,0
2024-04-10,2024,4,2,2,10,0.8660254037844387,-0.49999999999999983,0.9749279121818236,-0.22252093395631434,1,0,60,0,4298,0,0,0
2024-04-11,2024,4,2,3,11,0.8660254037844387,-0.49999999999999983,0.43388373911755823,-0.900968867902419,1,0,61,0,4299,0,0,0
2024-04-12,2024,4,2,4,12,0.8660254037844387,-0.49999999999999983,-0.433883739117558,-0.9009688679024191,1,0,62,0,4300,0,0,0
2024-04-13,2024,4,2,5,13,0.8660254037844387,-0.49999999999999983,-0.9749279121818236,-0.2225209339563146,1,0,63,0,4301,0,0,0
2024-04-14,2024,4,2,6,14,0.8660254037844387,-0.49999999999999983,-0.7818314824680299,0.6234898018587334,1,0,64,0,4302,0,0,0
2024-04-15,2024,4,2,0,15,0.8660254037844387,-0.49999999999999983,0.0,1.0,1,0,65,0,4303,0,0,0
2024-04-16,2024,4,2,1,16,0.8660254037844387,-0.49999999999999983,0.7818314824680298,0.6234898018587336,1,0,66,0,4304,0,0,0
2024-04-17,2024,4,2,2,17,0.8660254037844387,-0.49999999999999983,0.9749279121818236,-0.22252093395631434,1,0,67,0,4305,0,0,0
2024-04-18,2024,4,2,3,18,0.8660254037844387,-0.49999999999999983,0.43388373911755823,-0.900968867902419,1,0,68,0,4306,0,0,0
2024-04-19,2024,4,2,4,19,0.8660254037844387,-0.49999999999999983,-0.433883739117558,-0.9009688679024191,1,0,69,0,4307,0,0,0
2024-04-20,2024,4,2,5,20,0.8660254037844387,-0.49999999999999983,-0.9749279121818236,-0.2225209339563146,1,0,70,0,4308,0,0,0
2024-04-21,2024,4,2,6,21,0.8660254037844387,-0.49999999999999983,-0.7818314824680299,0.6234898018587334,1,0,71,0,4309,0,0,0
2024-04-22,2024,4,2,0,22,0.8660254037844387,-0.49999999999999983,0.0,1.0,1,0,72,0,4310,0,0,0
2024-04-23,2024,4,2,1,23,0.8660254037844387,-0.49999999999999983,0.7818314824680298,0.6234898018587336,1,0,73,0,4311,0,0,0
2024-04-24,2024,4,2,2,24,0.8660254037844387,-0.49999999999999983,0.9749279121818236,-0.22252093395631434,1,0,74,0,4312,0,0,0
2024-04-25,2024,4,2,3,25,0.8660254037844387,-0.49999999999999983,0.43388373911755823,-0.900968867902419,1,0,75,0,4313,0,0,0
2024-04-26,2024,4,2,4,26,0.8660254037844387,-0.49999999999999983,-0.433883739117558,-0.9009688679024191,1,0,76,0,4314,0,0,0
2024-04-27,2024,4,2,5,27,0.8660254037844387,-0.49999999999999983,-0.9749279121818236,-0.2225209339563146,1,0,77,0,4315,0,0,0
2024-04-28,2024,4,2,6,28,0.8660254037844387,-0.49999999999999983,-0.7818314824680299,0.6234898018587334,1,0,78,0,4316,0,0,0
2024-04-29,2024,4,2,0,29,0.8660254037844387,-0.49999999999999983,0.0,1.0,1,0,79,0,4317,0,0,0
2024-04-30,2024,4,2,1,30,0.8660254037844387,-0.49999999999999983,0.7818314824680298,0.6234898018587336,1,0,80,0,4318,1,0,0
2024-05-01,2024,5,2,2,1,0.49999999999999994,-0.8660254037844387,0.9749279121818236,-0.22252093395631434,1,0,81,0,4319,1,0,0
2024-05-02,2024,5,2,3,2,0.49999999999999994,-0.8660254037844387,0.43388373911755823,-0.900968867902419,1,0,82,0,4320,0,0,0
2024-05-03,2024,5,2,4,3,0.49999999999999994,-0.8660254037844387,-0.433883739117558,-0.9009688679024191,1,0,83,0,4321,0,0,0
2024-05-04,2024,5,2,5,4,0.49999999999999994,-0.8660254037844387,-0.9749279121818236,-0.2225209339563146,1,0,84,0,4322,0,0,0
2024-05-05,2024,5,2,6,5,0.49999999999999994,-0.8660254037844387,-0.7818314824680299,0.6234898018587334,1,0,85,0,4323,0,0,0
2024-05-06,2024,5,2,0,6,0.49999999999999994,-0.8660254037844387,0.0,1.0,1,0,86,0,4324,0,0,0
2024-05-07,2024,5,2,1,7,0.49999999999999994,-0.8660254037844387,0.7818314824680298,0.6234898018587336,1,0,87,0,4325,0,0,0
2024-05-08,2024,5,2,2,8,0.49999999999999994,-0.8660254037844387,0.9749279121818236,-0.22252093395631434,1,0,88,0,4326,0,0,0
2024-05-09,2024,5,2,3,9,0.49999999999999994,-0.8660254037844387,0.43388373911755823,-0.900968867902419,1,0,89,0,4327,0,0,0
2024-05-10,2024,5,2,4,10,0.49999999999999994,-0.8660254037844387,-0.433883739117558,-0.9009688679024191,1,0,90,0,4328,0,0,0
2024-05-11,2024,5,2,5,11,0.49999999999999994,-0.8660254037844387,-0.9749279121818236,-0.2225209339563146,1,0,91,0,4329,0,0,0
2024-05-12,2024,5,2,6,12,0.49999999999999994,-0.8660254037844387,-0.7818314824680299,0.6234898018587334,1,0,92,0,4330,0,0,0
2024-05-13,2024,5,2,0,13,0.49999999999999994,-0.8660254037844387,0.0,1.0,1,0,93,0,4331,0,0,0
2024-05-14,2024,5,2,1,14,0.49999999999999994,-0.8660254037844387,0.7818314824680298,0.6234898018587336,1,0,94,0,4332,0,0,0
2024-05-15,2024,5,2,2,15,0.49999999999999994,-0.8660254037844387,0.9749279121818236,-0.22252093395631434,1,0,95,0,4333,0,0,0
2024-05-16,2024,5,2,3,16,0.49999999999999994,-0.8660254037844387,0.43388373911755823,-0.900968867902419,1,0,96,0,4334,0,0,0
2024-05-17,2024,5,2,4,17,0.49999999999999994,-0.8660254037844387,-0.433883739117558,-0.9009688679024191,1,0,97,0,4335,0,0,0
2024-05-18,2024,5,2,5,18,0.49999999999999994,-0.8660254037844387,-0.9749279121818236,-0.2225209339563146,1,0,98,0,4336,0,0,0
2024-05-19,2024,5,2,6,19,0.49999999999999994,-0.8660254037844387,-0.7818314824680299,0.6234898018587334,1,0,99,0,4337,0,0,0
2024-05-20,2024,5,2,0,20,0.49999999999999994,-0.8660254037844387,0.0,1.0,1,0,100,0,4338,0,0,0
2024-05-21,2024,5,2,1,21,0.49999999999999994,-0.8660254037844387,0.7818314824680298,0.6234898018587336,1,0,101,0,4339,0,0,0
2024-05-22,2024,5,2,2,22,0.49999999999999994,-0.8660254037844387,0.9749279121818236,-0.22252093395631434,1,0,102,0,4340,0,0,0
2024-05-23,2024,5,2,3,23,0.49999999999999994,-0.8660254037844387,0.43388373911755823,-0.900968867902419,1,0,103,0,4341,0,0,0
2024-05-24,2024,5,2,4,24,0.49999999999999994,-0.8660254037844387,-0.433883739117558,-0.9009688679024191,1,0,104,0,4342,0,0,0
2024-05-25,2024,5,2,5,25,0.49999999999999994,-0.8660254037844387,-0.9749279121818236,-0.2225209339563146,1,0,105,0,4343,0,0,0
2024-05-26,2024,5,2,6,26,0.49999999999999994,-0.8660254037844387,-0.7818314824680299,0.6234898018587334,1,0,106,0,4344,0,0,0
2024-05-27,2024,5,2,0,27,0.49999999999999994,-0.8660254037844387,0.0,1.0,1,0,107,0,4345,0,0,0
2024-05-28,2024,5,2,1,28,0.49999999999999994,-0.8660254037844387,0.7818314824680298,0.6234898018587336,1,0,108,0,4346,0,0,0
2024-05-29,2024,5,2,2,29,0.49999999999999994,-0.8660254037844387,0.9749279121818236,-0.22252093395631434,1,0,109,0,4347,0,0,0
2024-05-30,2024,5,2,3,30,0.49999999999999994,-0.8660254037844387,0.43388373911755823,-0.900968867902419,1,0,110,0,4348,0,0,0
2024-05-31,2024,5,2,4,31,0.49999999999999994,-0.8660254037844387,-0.433883739117558,-0.9009688679024191,1,0,111,0,4349,0,0,0
2024-06-01,2024,6,2,5,1,1.2246467991473532e-16,-1.0,-0.9749279121818236,-0.2225209339563146,1,0,112,0,4350,0,0,0
2024-06-02,2024,6,2,6,2,1.2246467991473532e-16,-1.0,-0.7818314824680299,0.6234898018587334,1,0,113,0,4351,0,0,0
2024-06-03,2024,6,2,0,3,1.2246467991473532e-16,-1.0,0.0,1.0,1,0,114,0,4352,0,0,0
2024-06-04,2024,6,2,1,4,1.2246467991473532e-16,-1.0,0.7818314824680298,0.6234898018587336,1,0,115,0,4353,0,0,0
2024-06-05,2024,6,2,2,5,1.2246467991473532e-16,-1.0,0.9749279121818236,-0.22252093395631434,1,0,116,0,4354,0,0,0
2024-06-06,2024,6,2,3,6,1.2246467991473532e-16,-1.0,0.43388373911755823,-0.900968867902419,1,0,117,0,4355,0,0,0
2024-06-07,2024,6,2,4,7,1.2246467991473532e-16,-1.0,-0.433883739117558,-0.9009688679024191,1,0,118,0,4356,0,0,0
2024-06-08,2024,6,2,5,8,1.2246467991473532e-16,-1.0,-0.9749279121818236,-0.2225209339563146,1,0,119,0,4357,0,0,0
2024-06-09,2024,6,2,6,9,1.2246467991473532e-16,-1.0,-0.7818314824680299,0.6234898018587334,1,0,120,0,4358,0,0,0
2024-06-10,2024,6,2,0,10,1.2246467991473532e-16,-1.0,0.0,1.0,1,0,121,0,4359,0,0,0
2024-06-11,2024,6,2,1,11,1.2246467991473532e-16,-1.0,0.7818314824680298,0.6234898018587336,1,0,122,0,4360,0,0,0
2024-06-12,2024,6,2,2,12,1.2246467991473532e-16,-1.0,0.9749279121818236,-0.22252093395631434,1,0,123,0,4361,0,0,0
2024-06-13,2024,6,2,3,13,1.2246467991473532e-16,-1.0,0.43388373911755823,-0.900968867902419,1,0,124,0,4362,0,0,0
2024-06-14,2024,6,2,4,14,1.2246467991473532e-16,-1.0,-0.433883739117558,-0.9009688679024191,1,0,125,0,4363,0,0,0
2024-06-15,2024,6,2,5,15,1.2246467991473532e-16,-1.0,-0.9749279121818236,-0.2225209339563146,1,0,126,0,4364,0,0,0
2024-06-16,2024,6,2,6,16,1.2246467991473532e-16,-1.0,-0.7818314824680299,0.6234898018587334,1,0,127,0,4365,0,0,0
2024-06-17,2024,6,2,0,17,1.2246467991473532e-16,-1.0,0.0,1.0,1,0,128,0,4366,0,0,0
2024-06-18,2024,6,2,1,18,1.2246467991473532e-16,-1.0,0.7818314824680298,0.6234898018587336,1,0,129,0,4367,0,0,0
2024-06-19,2024,6,2,2,19,1.2246467991473532e-16,-1.0,0.9749279121818236,-0.22252093395631434,1,0,130,0,4368,0,0,0
2024-06-20,2024,6,2,3,20,1.2246467991473532e-16,-1.0,0.43388373911755823,-0.900968867902419,1,0,131,0,4369,0,0,0
2024-06-21,2024,6,2,4,21,1.2246467991473532e-16,-1.0,-0.433883739117558,-0.9009688679024191,1,0,132,0,4370,0,0,0
2024-06-22,2024,6,2,5,22,1.2246467991473532e-16,-1.0,-0.9749279121818236,-0.2225209339563146,1,0,133,0,4371,0,0,0
2024-06-23,2024,6,2,6,23,1.2246467991473532e-16,-1.0,-0.7818314824680299,0.6234898018587334,1,0,134,0,4372,0,0,0
2024-06-24,2024,6,2,0,24,1.2246467991473532e-16,-1.0,0.0,1.0,1,0,135,0,4373,0,0,0
2024-06-25,2024,6,2,1,25,1.2246467991473532e-16,-1.0,0.7818314824680298,0.6234898018587336,1,0,136,0,4374,0,0,0
2024-06-26,2024,6,2,2,26,1.2246467991473532e-16,-1.0,0.9749279121818236,-0.22252093395631434,1,0,137,0,4375,0,0,0
2024-06-27,2024,6,2,3,27,1.2246467991473532e-16,-1.0,0.43388373911755823,-0.900968867902419,1,0,138,0,4376,0,0,0
2024-06-28,2024,6,2,4,28,1.2246467991473532e-16,-1.0,-0.433883739117558,-0.9009688679024191,1,0,139,0,4377,0,0,0
2024-06-29,2024,6,2,5,29,1.2246467991473532e-16,-1.0,-0.9749279121818236,-0.2225209339563146,1,0,140,0,4378,0,0,0
2024-06-30,2024,6,2,6,30,1.2246467991473532e-16,-1.0,-0.7818314824680299,0.6234898018587334,1,0,141,0,4379,0,0,0
2024-07-01,2024,7,3,0,1,-0.4999999999999998,-0.8660254037844388,0.0,1.0,1,0,142,1,4380,0,0,0
