zip,city,region,district
15212,Son Tay,East,District #13
15223,Ha Long,East,District #13
15235,Lao Cai,East,District #13
15236,Hanoi,East,District #13
15237,Lao Cai,East,District #13
16056,Cam Pha,East,District #13
16066,Bac Giang,East,District #13
16201,Hanoi,East,District #13
16226,Viet Tri,East,District #13
16314,Nam Dinh,East,District #13
16341,Cam Pha,East,District #13
16364,Bac Giang,East,District #13
16602,Viet Tri,East,District #13
16624,Thai Nguyen,East,District #13
16662,Bac Giang,East,District #13
16692,Thai Nguyen,East,District #13
16830,Bac Ninh,East,District #13
15001,Ninh Binh,East,District #13
15005,Lao Cai,East,District #13
15021,Hai Phong,East,District #13
15024,Phu Ly,East,District #13
15025,Bac Ninh,East,District #13
15052,Thai Nguyen,East,District #13
15063,Hanoi,East,District #13
15108,Son Tay,East,District #13
15301,Ha Long,East,District #13
15317,Bac Giang,East,District #13
15321,Phu Ly,East,District #13
15473,Hanoi,East,District #13
15563,Thai Nguyen,East,District #13
15601,Bac Ninh,East,District #13
15639,Thai Nguyen,East,District #13
15650,Cam Pha,East,District #13
15668,Hai Phong,East,District #13
15677,Ninh Binh,East,District #13
15742,Viet Tri,East,District #13
15771,Bac Ninh,East,District #13
15801,Viet Tri,East,District #13
15860,Phu Ly,East,District #13
15902,Thai Nguyen,East,District #13
15930,Viet Tri,East,District #13
18049,Ha Long,East,District #04
18055,Phu Ly,East,District #04
18068,Lao Cai,East,District #04
18914,Son Tay,East,District #04
18944,Hanoi,East,District #04
18947,Hanoi,East,District #04
19002,Cam Pha,East,District #04
19026,Ha Long,East,District #04
19027,Ha Long,East,District #04
19040,Hai Phong,East,District #04
19380,Thai Nguyen,East,District #04
19382,Phu Ly,East,District #04
19438,Lao Cai,East,District #04
19468,Ha Long,East,District #04
19103,Son Tay,East,District #04
19123,Hanoi,East,District #04
19136,Viet Tri,East,District #04
16506,Bac Giang,East,District #06
16507,Lao Cai,East,District #06
16509,Lao Cai,East,District #06
16701,Hanoi,East,District #06
16803,Nam Dinh,East,District #06
16866,Cam Pha,East,District #06
16947,Viet Tri,East,District #06
17051,Hai Phong,East,District #06
17760,Hanoi,East,District #06
17842,Thai Nguyen,East,District #06
17019,Thai Nguyen,East,District #05
17033,Viet Tri,East,District #05
17057,Lao Cai,East,District #05
17078,Hai Phong,East,District #05
17325,Cam Pha,East,District #05
17404,Cam Pha,East,District #05
17522,Bac Giang,East,District #05
17545,Uong Bi,East,District #05
17601,Hanoi,East,District #05
17980,Lao Cai,East,District #05
19363,Ha Long,East,District #05
17967,Bac Ninh,East,District #03
18017,Bac Ninh,East,District #03
18037,Ha Long,East,District #03
18042,Bac Ninh,East,District #03
18052,Bac Ninh,East,District #03
18071,Ha Long,East,District #03
18322,Ha Long,East,District #03
18661,Thai Nguyen,East,District #03
19506,Ninh Binh,East,District #03
19508,Viet Tri,East,District #03
19530,Bac Giang,East,District #03
18407,Hai Phong,East,District #01
18411,Son Tay,East,District #01
18504,Thai Nguyen,East,District #01
18519,Phu Ly,East,District #01
18618,Lao Cai,East,District #01
18801,Viet Tri,East,District #01
16125,Nam Dinh,East,District #14
16159,Uong Bi,East,District #14
10576,Hai Phong,East,District #02
10590,Bac Ninh,East,District #02
14006,Bac Giang,East,District #06
14033,Ninh Binh,East,District #06
14037,Hanoi,East,District #06
14051,Son Tay,East,District #06
14094,Bac Giang,East,District #06
14120,Hanoi,East,District #06
14174,Bac Ninh,East,District #06
14304,Son Tay,East,District #06
14424,Hanoi,East,District #06
14456,Thai Nguyen,East,District #06
14564,Uong Bi,East,District #06
14611,Ninh Binh,East,District #06
14622,Bac Giang,East,District #06
14821,Son Tay,East,District #06
14840,Ninh Binh,East,District #06
10307,Hai Phong,East,District #03
10453,Uong Bi,East,District #03
10466,Uong Bi,East,District #03
10471,Hai Phong,East,District #03
10472,Bac Ninh,East,District #03
10530,Cam Pha,East,District #03
10913,Bac Ninh,East,District #03
11003,Hanoi,East,District #03
11102,Cam Pha,East,District #03
11229,Bac Giang,East,District #03
11375,Hanoi,East,District #03
11423,Thai Nguyen,East,District #03
11433,Bac Ninh,East,District #03
11501,Uong Bi,East,District #03
11510,Viet Tri,East,District #03
11557,Cam Pha,East,District #03
11572,Lao Cai,East,District #03
11580,Uong Bi,East,District #03
11598,Hanoi,East,District #03
11713,Bac Ninh,East,District #03
11722,Bac Giang,East,District #03
11725,Phu Ly,East,District #03
11726,Viet Tri,East,District #03
11777,Cam Pha,East,District #03
11901,Bac Giang,East,District #03
11934,Hai Phong,East,District #03
11949,Ha Long,East,District #03
11967,Viet Tri,East,District #03
11972,Nam Dinh,East,District #03
11976,Hanoi,East,District #03
10019,Hai Phong,East,District #03
10022,Uong Bi,East,District #03
10940,Bac Giang,East,District #01
10990,Nam Dinh,East,District #01
12083,Nam Dinh,East,District #01
12148,Son Tay,East,District #01
12158,Cam Pha,East,District #01
12185,Bac Giang,East,District #01
12402,Lao Cai,East,District #01
12477,Phu Ly,East,District #01
12515,Viet Tri,East,District #01
12572,Hai Phong,East,District #01
12590,Cam Pha,East,District #01
12729,Phu Ly,East,District #01
12769,Ninh Binh,East,District #01
12804,Lao Cai,East,District #01
13027,Uong Bi,East,District #01
13077,Nam Dinh,East,District #01
13110,Phu Ly,East,District #01
13346,Thai Nguyen,East,District #01
13431,Hanoi,East,District #01
13440,Phu Ly,East,District #01
13502,Nam Dinh,East,District #01
13736,Cam Pha,East,District #01
13760,Ninh Binh,East,District #01
32911,Uong Bi,East,District #10
32922,Son Tay,East,District #10
32927,Bac Ninh,East,District #10
32953,Hanoi,East,District #10
32962,Ha Long,East,District #10
33015,Lao Cai,East,District #10
33040,Viet Tri,East,District #10
33064,Lao Cai,East,District #10
33160,Nam Dinh,East,District #10
33304,Phu Ly,East,District #10
33314,Lao Cai,East,District #10
33407,Viet Tri,East,District #10
33421,Thai Nguyen,East,District #10
33441,Nam Dinh,East,District #10
33463,Son Tay,East,District #10
33498,Phu Ly,East,District #10
33541,Bac Ninh,East,District #10
33617,Hanoi,East,District #10
33704,Thai Nguyen,East,District #10
33766,Ninh Binh,East,District #10
33773,Ha Long,East,District #10
33805,Lao Cai,East,District #10
33811,Cam Pha,East,District #10
33860,Hai Phong,East,District #10
33912,Son Tay,East,District #10
33919,Thai Nguyen,East,District #10
33931,Uong Bi,East,District #10
34688,Nam Dinh,East,District #10
34951,Ha Long,East,District #10
34953,Thai Nguyen,East,District #10
34974,Bac Giang,East,District #10
34994,Uong Bi,East,District #10
34997,Thai Nguyen,East,District #10
33126,Viet Tri,East,District #10
33165,Cam Pha,East,District #10
32025,Bac Giang,East,District #12
32086,Nam Dinh,East,District #12
32114,Son Tay,East,District #12
32119,Lao Cai,East,District #12
32127,Bac Giang,East,District #12
32168,Son Tay,East,District #12
32205,Nam Dinh,East,District #12
32258,Bac Ninh,East,District #12
32303,Son Tay,East,District #12
32311,Lao Cai,East,District #12
32328,Cam Pha,East,District #12
32399,Thai Nguyen,East,District #12
32701,Bac Ninh,East,District #12
32754,Hai Phong,East,District #12
32765,Hanoi,East,District #12
32779,Nam Dinh,East,District #12
32804,Hai Phong,East,District #12
32821,Bac Ninh,East,District #12
32837,Ninh Binh,East,District #12
34476,Lao Cai,East,District #12
34705,Ha Long,East,District #12
34736,Phu Ly,East,District #12
34759,Son Tay,East,District #12
34786,Thai Nguyen,East,District #12
32405,Son Tay,East,District #09
32433,Cam Pha,East,District #09
32504,Cam Pha,East,District #09
32514,Uong Bi,East,District #09
32547,Bac Ninh,East,District #09
32569,Ninh Binh,East,District #09
43938,Bac Giang,East,District #13
43948,Uong Bi,East,District #13
43976,Thai Nguyen,East,District #13
44442,Viet Tri,East,District #13
44455,Hai Phong,East,District #13
43318,Hai Phong,East,District #16
45036,Thai Nguyen,East,District #16
45102,Uong Bi,East,District #16
45122,Bac Giang,East,District #16
45322,Viet Tri,East,District #16
45324,Cam Pha,East,District #16
45331,Nam Dinh,East,District #16
45341,Uong Bi,East,District #16
45345,Ha Long,East,District #16
45371,Nam Dinh,East,District #16
45415,Thai Nguyen,East,District #16
45419,Ninh Binh,East,District #16
45424,Bac Giang,East,District #16
45439,Ha Long,East,District #16
45801,Bac Ninh,East,District #16
45840,Nam Dinh,East,District #16
45875,Hanoi,East,District #16
45206,Ha Long,East,District #16
45244,Nam Dinh,East,District #16
45247,Viet Tri,East,District #16
43055,Lao Cai,East,District #15
43068,Phu Ly,East,District #15
43078,Hanoi,East,District #15
43081,Cam Pha,East,District #15
43119,Viet Tri,East,District #15
43123,Hanoi,East,District #15
43154,Uong Bi,East,District #15
43224,Bac Ninh,East,District #15
43232,Son Tay,East,District #15
43311,Uong Bi,East,District #15
43344,Hai Phong,East,District #15
43912,Thai Nguyen,East,District #15
45601,Viet Tri,East,District #15
45640,Ha Long,East,District #15
45645,Uong Bi,East,District #15
45651,Hai Phong,East,District #15
45669,Bac Giang,East,District #15
45680,Bac Giang,East,District #15
45692,Son Tay,East,District #15
45710,Ha Long,East,District #15
43506,Ninh Binh,East,District #14
43528,Son Tay,East,District #14
43556,Lao Cai,East,District #14
43567,Viet Tri,East,District #14
43616,Bac Giang,East,District #14
44044,Lao Cai,East,District #14
44053,Cam Pha,East,District #14
44054,Ha Long,East,District #14
44056,Lao Cai,East,District #14
44077,Hanoi,East,District #14
44089,Hanoi,East,District #14
44090,Lao Cai,East,District #14
44110,Ninh Binh,East,District #14
44121,Son Tay,East,District #14
44122,Ha Long,East,District #14
44132,Thai Nguyen,East,District #14
44141,Uong Bi,East,District #14
44145,Thai Nguyen,East,District #14
44203,Bac Giang,East,District #14
44212,Son Tay,East,District #14
44221,Thai Nguyen,East,District #14
44224,Ninh Binh,East,District #14
44231,Cam Pha,East,District #14
44254,Uong Bi,East,District #14
44255,Son Tay,East,District #14
44260,Ninh Binh,East,District #14
44319,Son Tay,East,District #14
44405,Cam Pha,East,District #14
44406,Ninh Binh,East,District #14
44420,Bac Ninh,East,District #14
44425,Bac Giang,East,District #14
44444,Hanoi,East,District #14
44483,Ninh Binh,East,District #14
44601,Bac Giang,East,District #14
44646,Bac Giang,East,District #14
44710,Nam Dinh,East,District #14
44718,Hai Phong,East,District #14
44720,Nam Dinh,East,District #14
44830,Ha Long,East,District #14
44839,Nam Dinh,East,District #14
44865,Uong Bi,East,District #14
44889,Viet Tri,East,District #14
44890,Lao Cai,East,District #14
44905,Hai Phong,East,District #14
48021,Viet Tri,East,District #18
48030,Hanoi,East,District #18
48038,Nam Dinh,East,District #18
48044,Son Tay,East,District #18
48047,Thai Nguyen,East,District #18
48063,Bac Ninh,East,District #18
48064,Viet Tri,East,District #18
48067,Hanoi,East,District #18
48091,Lao Cai,East,District #18
48105,Bac Ninh,East,District #18
48114,Phu Ly,East,District #18
48116,Ha Long,East,District #18
48141,Nam Dinh,East,District #18
48146,Uong Bi,East,District #18
48158,Son Tay,East,District #18
48170,Lao Cai,East,District #18
48189,Viet Tri,East,District #18
48195,Phu Ly,East,District #18
48198,Ha Long,East,District #18
48228,Phu Ly,East,District #18
48239,Son Tay,East,District #18
48302,Ha Long,East,District #18
48322,Ha Long,East,District #18
48334,Thai Nguyen,East,District #18
48335,Bac Giang,East,District #18
48374,Nam Dinh,East,District #18
48383,Son Tay,East,District #18
48415,Uong Bi,East,District #18
48419,Hai Phong,East,District #18
48428,Son Tay,East,District #18
48438,Cam Pha,East,District #18
48442,Uong Bi,East,District #18
48446,Nam Dinh,East,District #18
48463,Bac Giang,East,District #18
48722,Nam Dinh,East,District #18
48729,Son Tay,East,District #18
48746,Hanoi,East,District #18
48762,Cam Pha,East,District #18
48843,Nam Dinh,East,District #18
48854,Son Tay,East,District #18
48858,Hanoi,East,District #18
48867,Phu Ly,East,District #18
48877,Cam Pha,East,District #18
49001,Cam Pha,East,District #18
49017,Bac Giang,East,District #18
49026,Viet Tri,East,District #18
49051,Ha Long,East,District #18
49055,Ha Long,East,District #18
49071,Son Tay,East,District #18
49097,Hai Phong,East,District #18
49201,Son Tay,East,District #18
49264,Bac Giang,East,District #18
49301,Lao Cai,East,District #18
49318,Bac Giang,East,District #18
49333,Cam Pha,East,District #18
49417,Ha Long,East,District #18
49418,Bac Ninh,East,District #18
49424,Nam Dinh,East,District #18
49431,Bac Giang,East,District #18
49663,Bac Ninh,East,District #18
49707,Ha Long,East,District #18
48131,Cam Pha,East,District #14
48144,Lao Cai,East,District #14
48157,Phu Ly,East,District #14
49022,Hanoi,East,District #17
49129,Nam Dinh,East,District #17
46714,Viet Tri,East,District #16
46788,Cam Pha,East,District #16
46809,Thai Nguyen,East,District #16
47022,Lao Cai,East,District #16
47126,Hanoi,East,District #16
47161,Phu Ly,East,District #16
47374,Cam Pha,East,District #16
47380,Ninh Binh,East,District #16
46032,Bac Ninh,East,District #17
46051,Ha Long,East,District #17
46113,Nam Dinh,East,District #17
46123,Ninh Binh,East,District #17
46151,Thai Nguyen,East,District #17
46158,Bac Ninh,East,District #17
46201,Ninh Binh,East,District #17
46227,Ninh Binh,East,District #17
46236,Thai Nguyen,East,District #17
46237,Hanoi,East,District #17
46239,Lao Cai,East,District #17
46240,Bac Giang,East,District #17
46250,Hanoi,East,District #17
46254,Ninh Binh,East,District #17
46304,Ninh Binh,East,District #17
46307,Cam Pha,East,District #17
46350,Nam Dinh,East,District #17
46360,Son Tay,East,District #17
46368,Bac Giang,East,District #17
46392,Phu Ly,East,District #17
46534,Ha Long,East,District #17
46567,Cam Pha,East,District #17
46574,Phu Ly,East,District #17
46996,Lao Cai,East,District #17
47303,Lao Cai,East,District #17
47356,Viet Tri,East,District #17
47429,Hai Phong,East,District #17
47448,Nam Dinh,East,District #17
47802,Hai Phong,East,District #17
47803,Uong Bi,East,District #17
47909,Bac Giang,East,District #17
47920,Nam Dinh,East,District #17
47933,Bac Giang,East,District #17
47946,Nam Dinh,East,District #17
24712,Ninh Binh,East,District #15
24822,Viet Tri,East,District #15
24981,Hai Phong,East,District #15
25064,Lao Cai,East,District #15
25123,Lao Cai,East,District #15
25313,Hai Phong,East,District #15
25504,Phu Ly,East,District #15
25508,Nam Dinh,East,District #15
25541,Phu Ly,East,District #15
25557,Thai Nguyen,East,District #15
25571,Thai Nguyen,East,District #15
25632,Cam Pha,East,District #15
25669,Lao Cai,East,District #15
25812,Ninh Binh,East,District #15
26201,Ninh Binh,East,District #13
26264,Cam Pha,East,District #13
26301,Cam Pha,East,District #13
26330,Hai Phong,East,District #13
26351,Ninh Binh,East,District #13
7005,Uong Bi,East,District #03
7006,Bac Ninh,East,District #03
7009,Hanoi,East,District #03
7052,Hai Phong,East,District #03
7070,Viet Tri,East,District #03
7074,Uong Bi,East,District #03
7109,Nam Dinh,East,District #03
7304,Phu Ly,East,District #03
7417,Ha Long,East,District #03
7450,Bac Giang,East,District #03
7452,Lao Cai,East,District #03
7456,Bac Ninh,East,District #03
7644,Son Tay,East,District #03
7647,Son Tay,East,District #03
7801,Uong Bi,East,District #03
7822,Ha Long,East,District #03
7830,Lao Cai,East,District #03
7843,Bac Ninh,East,District #03
7960,Thai Nguyen,East,District #03
8804,Hanoi,East,District #03
8807,Lao Cai,East,District #03
7039,Cam Pha,East,District #04
7078,Son Tay,East,District #04
7081,Son Tay,East,District #04
7206,Lao Cai,East,District #04
7722,Hanoi,East,District #04
7726,Cam Pha,East,District #04
7728,Thai Nguyen,East,District #04
7980,Hanoi,East,District #04
8016,Lao Cai,East,District #04
8021,Cam Pha,East,District #04
8075,Hai Phong,East,District #04
8210,Lao Cai,East,District #04
8225,Hai Phong,East,District #04
8234,Nam Dinh,East,District #04
8330,Bac Ninh,East,District #04
8361,Hanoi,East,District #04
8505,Bac Giang,East,District #04
8514,Uong Bi,East,District #04
8534,Son Tay,East,District #04
8620,Uong Bi,East,District #04
8724,Uong Bi,East,District #04
8753,Nam Dinh,East,District #04
8757,Nam Dinh,East,District #04
8820,Cam Pha,East,District #04
20853,Hanoi,East,District #05
20874,Ha Long,East,District #05
20876,Ninh Binh,East,District #05
21009,Viet Tri,East,District #05
21075,Phu Ly,East,District #05
21111,Hanoi,East,District #05
21117,Viet Tri,East,District #05
21122,Bac Ninh,East,District #05
21144,Son Tay,East,District #05
21146,Phu Ly,East,District #05
21157,Ninh Binh,East,District #05
21206,Phu Ly,East,District #05
21216,Lao Cai,East,District #05
21217,Ha Long,East,District #05
21218,Son Tay,East,District #05
21219,Son Tay,East,District #05
21601,Hanoi,East,District #05
21629,Ha Long,East,District #05
21640,Lao Cai,East,District #05
21769,Son Tay,East,District #05
21784,Ninh Binh,East,District #05
21787,Thai Nguyen,East,District #05
21797,Uong Bi,East,District #05
21821,Bac Giang,East,District #05
21901,Nam Dinh,East,District #05
21531,Ha Long,East,District #13
21649,Viet Tri,East,District #04
41129,Nam Dinh,East,District #15
41174,Bac Ninh,East,District #15
40013,Ninh Binh,East,District #16
40104,Ha Long,East,District #16
40115,Phu Ly,East,District #16
40162,Ha Long,East,District #16
40336,Hai Phong,East,District #16
40353,Viet Tri,East,District #16
40475,Hai Phong,East,District #16
40502,Cam Pha,East,District #16
40509,Ha Long,East,District #16
40517,Viet Tri,East,District #16
40601,Cam Pha,East,District #16
41005,Ninh Binh,East,District #16
41010,Hai Phong,East,District #16
41015,Phu Ly,East,District #16
41042,Bac Ninh,East,District #16
41075,Bac Ninh,East,District #16
41097,Hanoi,East,District #16
42724,Phu Ly,East,District #16
42748,Ha Long,East,District #16
40212,Ninh Binh,East,District #16
40218,Ninh Binh,East,District #16
40220,Son Tay,East,District #16
40272,Ninh Binh,East,District #16
62428,Uong Bi,East,District #17
62441,Thai Nguyen,East,District #17
62858,Cam Pha,East,District #17
61844,Hanoi,East,District #17
61866,Thai Nguyen,East,District #17
61872,Phu Ly,East,District #17
61920,Cam Pha,East,District #17
61938,Ha Long,East,District #17
31516,Ninh Binh,East,District #12
31548,Uong Bi,East,District #12
19709,Ha Long,East,District #04
19720,Thai Nguyen,East,District #04
19971,Hanoi,East,District #04
19977,Lao Cai,East,District #04
20176,Hai Phong,East,District #05
6820,Lao Cai,East,District #03
6878,Lao Cai,East,District #03
1247,Bac Ninh,East,District #01
5262,Thai Nguyen,East,District #01
24112,Thai Nguyen,East,District #08
24541,Lao Cai,East,District #08
27018,Son Tay,East,District #08
27103,Bac Ninh,East,District #08
27127,Bac Ninh,East,District #08
27253,Bac Ninh,East,District #08
27263,Ha Long,East,District #08
27360,Bac Giang,East,District #08
27526,Son Tay,East,District #08
27551,Bac Giang,East,District #08
27563,Uong Bi,East,District #08
27603,Cam Pha,East,District #08
27612,Lao Cai,East,District #08
27613,Lao Cai,East,District #08
27614,Ninh Binh,East,District #08
27707,Ha Long,East,District #08
27713,Ha Long,East,District #08
27804,Thai Nguyen,East,District #08
27850,Bac Giang,East,District #08
28314,Ninh Binh,East,District #08
28338,Bac Giang,East,District #08
28390,Hai Phong,East,District #08
28451,Hai Phong,East,District #08
28462,Uong Bi,East,District #08
28510,Ninh Binh,East,District #08
28518,Lao Cai,East,District #08
28539,Thai Nguyen,East,District #08
28584,Phu Ly,East,District #08
28590,Ninh Binh,East,District #08
28635,Bac Giang,East,District #08
28659,Lao Cai,East,District #08
35160,Ha Long,East,District #09
36067,Bac Giang,East,District #09
36092,Lao Cai,East,District #09
36106,Son Tay,East,District #09
36117,Nam Dinh,East,District #09
36351,Bac Ninh,East,District #09
36420,Hai Phong,East,District #09
36580,Ninh Binh,East,District #09
36801,Viet Tri,East,District #09
30004,Nam Dinh,East,District #09
30017,Phu Ly,East,District #09
30019,Ninh Binh,East,District #09
30032,Uong Bi,East,District #09
30052,Hai Phong,East,District #09
30060,Ninh Binh,East,District #09
30075,Phu Ly,East,District #09
30082,Bac Giang,East,District #09
30116,Ha Long,East,District #09
30120,Thai Nguyen,East,District #09
30126,Ninh Binh,East,District #09
30127,Uong Bi,East,District #09
30139,Ninh Binh,East,District #09
30141,Hanoi,East,District #09
30152,Hanoi,East,District #09
30153,Nam Dinh,East,District #09
30157,Phu Ly,East,District #09
30180,Uong Bi,East,District #09
30187,Thai Nguyen,East,District #09
30189,Hai Phong,East,District #09
30213,Hanoi,East,District #09
30220,Hai Phong,East,District #09
30230,Ha Long,East,District #09
30236,Nam Dinh,East,District #09
30518,Uong Bi,East,District #09
30533,Nam Dinh,East,District #09
30656,Bac Giang,East,District #09
30666,Bac Ninh,East,District #09
30683,Uong Bi,East,District #09
30711,Uong Bi,East,District #09
31002,Phu Ly,East,District #09
31008,Hai Phong,East,District #09
31027,Son Tay,East,District #09
31046,Nam Dinh,East,District #09
30306,Phu Ly,East,District #09
30345,Son Tay,East,District #09
6010,Nam Dinh,East,District #02
6029,Cam Pha,East,District #02
6037,Phu Ly,East,District #02
6118,Cam Pha,East,District #02
6239,Hai Phong,East,District #02
6250,Lao Cai,East,District #02
6277,Phu Ly,East,District #02
6360,Son Tay,East,District #02
6374,Son Tay,East,District #02
6388,Thai Nguyen,East,District #02
6410,Ha Long,East,District #02
6415,Ninh Binh,East,District #02
6424,Viet Tri,East,District #02
6470,Nam Dinh,East,District #02
6478,Uong Bi,East,District #02
6479,Phu Ly,East,District #02
6484,Nam Dinh,East,District #02
6513,Nam Dinh,East,District #02
6525,Hanoi,East,District #02
6604,Son Tay,East,District #02
6606,Cam Pha,East,District #02
6611,Hanoi,East,District #02
6614,Phu Ly,East,District #02
6791,Nam Dinh,East,District #02
6810,Phu Ly,East,District #02
6840,Phu Ly,East,District #02
6877,Ninh Binh,East,District #02
2814,Cam Pha,East,District #02
2840,Viet Tri,East,District #02
2886,Uong Bi,East,District #02
2889,Ha Long,East,District #02
1010,Cam Pha,East,District #02
1040,Uong Bi,East,District #02
1109,Hanoi,East,District #02
1118,Viet Tri,East,District #02
1330,Phu Ly,East,District #02
1450,Viet Tri,East,District #02
1473,Lao Cai,East,District #02
1540,Thai Nguyen,East,District #02
2050,Hai Phong,East,District #02
2351,Thai Nguyen,East,District #02
2356,Thai Nguyen,East,District #02
2360,Son Tay,East,District #02
2648,Phu Ly,East,District #02
2660,Ha Long,East,District #02
2720,Thai Nguyen,East,District #02
2725,Ninh Binh,East,District #02
2743,Lao Cai,East,District #02
2747,Son Tay,East,District #02
2771,Ninh Binh,East,District #02
2777,Viet Tri,East,District #02
2780,Ha Long,East,District #02
2790,Hanoi,East,District #02
27295,Thai Nguyen,East,District #11
28021,Uong Bi,East,District #11
28025,Hai Phong,East,District #11
28032,Bac Giang,East,District #11
28043,Viet Tri,East,District #11
28114,Ninh Binh,East,District #11
28115,Bac Ninh,East,District #11
28120,Ninh Binh,East,District #11
28127,Hanoi,East,District #11
28610,Hanoi,East,District #11
28704,Lao Cai,East,District #11
28715,Viet Tri,East,District #11
28739,Bac Giang,East,District #11
28216,Hai Phong,East,District #11
30635,Bac Giang,East,District #11
30813,Phu Ly,East,District #11
30907,Bac Giang,East,District #11
31326,Nam Dinh,East,District #11
31525,Viet Tri,East,District #11
29020,Nam Dinh,East,District #11
29040,Hanoi,East,District #11
29073,Cam Pha,East,District #11
29150,Hanoi,East,District #11
29160,Bac Giang,East,District #11
29384,Cam Pha,East,District #11
29412,Phu Ly,East,District #11
29440,Thai Nguyen,East,District #11
29510,Ha Long,East,District #11
29544,Phu Ly,East,District #11
29576,Viet Tri,East,District #11
29577,Nam Dinh,East,District #11
29611,Phu Ly,East,District #11
29642,Son Tay,East,District #11
29651,Phu Ly,East,District #11
29669,Cam Pha,East,District #11
29693,Ninh Binh,East,District #11
29704,Ha Long,East,District #11
29706,Bac Ninh,East,District #11
29728,Lao Cai,East,District #11
29742,Son Tay,East,District #11
29745,Uong Bi,East,District #11
29816,Ha Long,East,District #11
29822,Bac Giang,East,District #11
29906,Hai Phong,East,District #11
29910,Son Tay,East,District #11
20650,Phu Ly,East,District #07
20745,Son Tay,East,District #07
20816,Son Tay,East,District #07
20002,Uong Bi,East,District #07
20008,Hai Phong,East,District #07
20009,Cam Pha,East,District #07
20019,Uong Bi,East,District #07
20111,Uong Bi,East,District #07
20152,Nam Dinh,East,District #07
20166,Son Tay,East,District #07
20181,Uong Bi,East,District #07
20186,Lao Cai,East,District #07
22032,Hai Phong,East,District #07
22192,Nam Dinh,East,District #07
22309,Ninh Binh,East,District #07
22407,Ninh Binh,East,District #07
22630,Hanoi,East,District #07
22642,Phu Ly,East,District #07
22742,Cam Pha,East,District #07
22903,Hanoi,East,District #07
22906,Viet Tri,East,District #07
22911,Son Tay,East,District #07
22960,Viet Tri,East,District #07
23139,Hanoi,East,District #07
23234,Viet Tri,East,District #07
23323,Son Tay,East,District #07
23325,Lao Cai,East,District #07
23666,Ninh Binh,East,District #07
23701,Uong Bi,East,District #07
23834,Uong Bi,East,District #07
24015,Phu Ly,East,District #07
24141,Bac Ninh,East,District #07
24153,Ha Long,East,District #07
24477,Phu Ly,East,District #07
24521,Thai Nguyen,East,District #07
24522,Ha Long,East,District #07
24523,Hanoi,East,District #07
24571,Cam Pha,East,District #07
40769,Phu Ly,East,District #19
40962,Hai Phong,East,District #19
41311,Son Tay,East,District #19
41501,Nam Dinh,East,District #19
41763,Uong Bi,East,District #19
42633,Nam Dinh,East,District #19
35126,Viet Tri,East,District #19
35146,Bac Giang,East,District #19
35216,Phu Ly,East,District #19
35453,Viet Tri,East,District #19
35576,Thai Nguyen,East,District #19
35620,Bac Ninh,East,District #19
35674,Ha Long,East,District #19
35749,Hai Phong,East,District #19
35801,Bac Ninh,East,District #19
35806,Lao Cai,East,District #19
24212,Bac Ninh,East,District #19
30757,Nam Dinh,East,District #19
42223,Phu Ly,East,District #19
37042,Nam Dinh,East,District #19
37043,Nam Dinh,East,District #19
37064,Son Tay,East,District #19
37069,Phu Ly,East,District #19
37121,Ninh Binh,East,District #19
37160,Viet Tri,East,District #19
37204,Uong Bi,East,District #19
37209,Ninh Binh,East,District #19
37303,Phu Ly,East,District #19
37323,Son Tay,East,District #19
37370,Hai Phong,East,District #19
37601,Viet Tri,East,District #19
37663,Bac Ninh,East,District #19
37705,Hanoi,East,District #19
37716,Hanoi,East,District #19
37757,Cam Pha,East,District #19
37803,Hai Phong,East,District #19
37813,Nam Dinh,East,District #19
37849,Thai Nguyen,East,District #19
37918,Viet Tri,East,District #19
37919,Lao Cai,East,District #19
37921,Viet Tri,East,District #19
38488,Ha Long,East,District #19
38551,Cam Pha,East,District #19
38583,Hai Phong,East,District #19
38024,Phan Thiet,Central,District #25
38109,Quy Nhon,Central,District #25
38122,Quang Ngai,Central,District #25
38135,Hue,Central,District #25
38261,Phan Thiet,Central,District #25
38344,Hoi An,Central,District #25
38351,Tuy Hoa,Central,District #25
38375,Da Nang,Central,District #25
62832,Tam Ky,Central,District #25
62864,Quy Nhon,Central,District #25
62896,Da Nang,Central,District #25
62901,Hue,Central,District #25
62910,Quy Nhon,Central,District #25
62983,Hue,Central,District #25
63755,Quy Nhon,Central,District #25
63857,Nha Trang,Central,District #25
38606,Dong Hoi,Central,District #25
38732,Hoi An,Central,District #25
42003,Nha Trang,Central,District #25
42325,Tuy Hoa,Central,District #25
42431,Quy Nhon,Central,District #25
47513,Hoi An,Central,District #25
47591,Quang Ngai,Central,District #25
47713,Tam Ky,Central,District #25
47714,Quy Nhon,Central,District #25
47720,Phan Thiet,Central,District #25
47725,Phan Rang-Thap Cham,Central,District #25
74728,Nha Trang,Central,District #25
71601,Phan Thiet,Central,District #25
71801,Quy Nhon,Central,District #25
71923,Kon Tum,Central,District #25
72023,Nha Trang,Central,District #25
72034,Phan Thiet,Central,District #25
72104,Tam Ky,Central,District #25
72206,Quang Ngai,Central,District #25
72401,Tam Ky,Central,District #25
72403,Nha Trang,Central,District #25
72450,Tuy Hoa,Central,District #25
72923,Da Nang,Central,District #25
72936,Da Nang,Central,District #25
68104,Tuy Hoa,Central,District #30
68123,Phan Thiet,Central,District #30
68516,Kon Tum,Central,District #30
68521,Quang Ngai,Central,District #30
68526,Quy Nhon,Central,District #30
68640,Hoi An,Central,District #30
68823,Phan Thiet,Central,District #30
68832,Dong Hoi,Central,District #30
68845,Kon Tum,Central,District #30
68847,Tam Ky,Central,District #30
68866,Hue,Central,District #30
63565,Phan Rang-Thap Cham,Central,District #30
64050,Hue,Central,District #30
64052,Da Nang,Central,District #30
64060,Hoi An,Central,District #30
64061,Hue,Central,District #30
64064,Tam Ky,Central,District #30
64080,Hoi An,Central,District #30
64081,Da Nang,Central,District #30
64490,Quy Nhon,Central,District #30
64503,Phan Thiet,Central,District #30
64701,Phan Rang-Thap Cham,Central,District #30
64730,Da Nang,Central,District #30
65340,Tuy Hoa,Central,District #30
65360,Hue,Central,District #30
64118,Phan Thiet,Central,District #30
64152,Hoi An,Central,District #30
50010,Tuy Hoa,Central,District #30
50032,Quang Ngai,Central,District #30
50125,Da Nang,Central,District #30
50315,Quang Ngai,Central,District #30
50801,Hoi An,Central,District #30
51503,Hoi An,Central,District #30
51534,Hue,Central,District #30
51546,Quang Ngai,Central,District #30
51579,Dong Hoi,Central,District #30
66030,Tam Ky,Central,District #30
66062,Quang Ngai,Central,District #30
66085,Phan Rang-Thap Cham,Central,District #30
66102,Da Nang,Central,District #30
66206,Tam Ky,Central,District #30
66210,Phan Rang-Thap Cham,Central,District #30
66216,Phan Rang-Thap Cham,Central,District #30
66508,Dong Hoi,Central,District #30
59263,Phan Rang-Thap Cham,Central,District #32
59330,Quang Ngai,Central,District #32
68776,Tam Ky,Central,District #32
82401,Kon Tum,Central,District #32
82633,Quy Nhon,Central,District #32
82718,Kon Tum,Central,District #32
50216,Tam Ky,Central,District #32
50538,Quang Ngai,Central,District #32
51401,Hue,Central,District #32
56334,Quang Ngai,Central,District #32
56336,Kon Tum,Central,District #32
57104,Phan Thiet,Central,District #32
57105,Quang Ngai,Central,District #32
57106,Tam Ky,Central,District #32
57201,Phan Thiet,Central,District #32
57401,Hue,Central,District #32
57501,Phan Rang-Thap Cham,Central,District #32
57717,Phan Thiet,Central,District #32
58103,Phan Thiet,Central,District #32
58201,Dong Hoi,Central,District #32
58401,Phan Rang-Thap Cham,Central,District #32
58448,Dong Hoi,Central,District #32
58554,Quy Nhon,Central,District #32
58572,Phan Thiet,Central,District #32
58704,Kon Tum,Central,District #32
58788,Hue,Central,District #32
58854,Phan Thiet,Central,District #32
73099,Quang Ngai,Central,District #21
74014,Tuy Hoa,Central,District #21
74365,Hue,Central,District #21
74501,Da Nang,Central,District #21
74804,Kon Tum,Central,District #21
73114,Tam Ky,Central,District #21
73115,Quy Nhon,Central,District #21
73119,Nha Trang,Central,District #21
73179,Nha Trang,Central,District #21
66748,Quy Nhon,Central,District #21
66762,Da Nang,Central,District #21
66901,Da Nang,Central,District #21
67114,Kon Tum,Central,District #21
67156,Hue,Central,District #21
67204,Tuy Hoa,Central,District #21
67213,Kon Tum,Central,District #21
67401,Dong Hoi,Central,District #21
67658,Da Nang,Central,District #21
67851,Dong Hoi,Central,District #21
64870,Tuy Hoa,Central,District #21
65020,Phan Rang-Thap Cham,Central,District #21
65560,Tuy Hoa,Central,District #21
65616,Tam Ky,Central,District #21
65770,Hue,Central,District #21
65785,Nha Trang,Central,District #21
72727,Da Nang,Central,District #21
71655,Dong Hoi,Central,District #24
71730,Dong Hoi,Central,District #24
71826,Dong Hoi,Central,District #24
36575,Phan Rang-Thap Cham,Central,District #24
36619,Hue,Central,District #24
39111,Hue,Central,District #24
39116,Quy Nhon,Central,District #24
39154,Tuy Hoa,Central,District #24
39211,Quy Nhon,Central,District #24
39402,Nha Trang,Central,District #24
39564,Nha Trang,Central,District #24
39571,Phan Rang-Thap Cham,Central,District #24
39759,Dong Hoi,Central,District #24
39773,Da Nang,Central,District #24
70094,Tuy Hoa,Central,District #24
70118,Da Nang,Central,District #24
70124,Quy Nhon,Central,District #24
70345,Quy Nhon,Central,District #24
70357,Hoi An,Central,District #24
70364,Phan Thiet,Central,District #24
70394,Hoi An,Central,District #24
70444,Tam Ky,Central,District #24
70445,Phan Rang-Thap Cham,Central,District #24
70447,Phan Thiet,Central,District #24
70458,Hue,Central,District #24
70471,Da Nang,Central,District #24
70506,Tam Ky,Central,District #24
70523,Phan Thiet,Central,District #24
70714,Quang Ngai,Central,District #24
71040,Phan Rang-Thap Cham,Central,District #24
71044,Kon Tum,Central,District #24
71105,Dong Hoi,Central,District #24
71235,Kon Tum,Central,District #24
71277,Phan Thiet,Central,District #24
71334,Phan Rang-Thap Cham,Central,District #24
71346,Dong Hoi,Central,District #24
71446,Nha Trang,Central,District #24
71459,Quy Nhon,Central,District #24
55044,Da Nang,Central,District #28
55060,Hoi An,Central,District #28
55068,Phan Thiet,Central,District #28
55076,Nha Trang,Central,District #28
55105,Phan Thiet,Central,District #28
55109,Kon Tum,Central,District #28
55110,Hoi An,Central,District #28
55112,Da Nang,Central,District #28
55302,Tam Ky,Central,District #28
55303,Quy Nhon,Central,District #28
55305,Quang Ngai,Central,District #28
55308,Quang Ngai,Central,District #28
55311,Dong Hoi,Central,District #28
55313,Quang Ngai,Central,District #28
55315,Hoi An,Central,District #28
55318,Da Nang,Central,District #28
55330,Tam Ky,Central,District #28
55331,Phan Thiet,Central,District #28
55350,Dong Hoi,Central,District #28
55353,Hue,Central,District #28
55372,Dong Hoi,Central,District #28
55378,Hue,Central,District #28
55379,Quang Ngai,Central,District #28
55381,Tam Ky,Central,District #28
55387,Hoi An,Central,District #28
55398,Phan Rang-Thap Cham,Central,District #28
55731,Tuy Hoa,Central,District #28
55901,Hoi An,Central,District #28
55917,Dong Hoi,Central,District #28
55920,Phan Thiet,Central,District #28
56001,Nha Trang,Central,District #28
56007,Kon Tum,Central,District #28
56071,Dong Hoi,Central,District #28
56320,Hoi An,Central,District #28
56425,Da Nang,Central,District #28
55415,Quang Ngai,Central,District #28
55418,Hoi An,Central,District #28
55422,Nha Trang,Central,District #28
55423,Da Nang,Central,District #28
55434,Tuy Hoa,Central,District #28
55442,Tuy Hoa,Central,District #28
55446,Phan Thiet,Central,District #28
50071,Phan Thiet,Central,District #28
50401,Phan Rang-Thap Cham,Central,District #28
50548,Quang Ngai,Central,District #28
50616,Da Nang,Central,District #28
51301,Quy Nhon,Central,District #28
51346,Phan Rang-Thap Cham,Central,District #28
54004,Tuy Hoa,Central,District #28
54016,Quang Ngai,Central,District #28
54017,Hue,Central,District #28
54889,Tam Ky,Central,District #28
69301,Hue,Central,District #20
82001,Tam Ky,Central,District #20
82009,Phan Rang-Thap Cham,Central,District #20
82053,Hue,Central,District #20
82520,Quy Nhon,Central,District #20
82901,Tam Ky,Central,District #20
80011,Dong Hoi,Central,District #20
80013,Quang Ngai,Central,District #20
80015,Kon Tum,Central,District #20
80110,Hue,Central,District #20
80120,Kon Tum,Central,District #20
80126,Kon Tum,Central,District #20
80128,Tam Ky,Central,District #20
80129,Hoi An,Central,District #20
80135,Hoi An,Central,District #20
80301,Kon Tum,Central,District #20
80302,Phan Rang-Thap Cham,Central,District #20
80401,Nha Trang,Central,District #20
80435,Da Nang,Central,District #20
80437,Nha Trang,Central,District #20
80443,Da Nang,Central,District #20
80480,Dong Hoi,Central,District #20
80482,Dong Hoi,Central,District #20
80501,Quy Nhon,Central,District #20
80503,Kon Tum,Central,District #20
80516,Kon Tum,Central,District #20
80517,Phan Rang-Thap Cham,Central,District #20
80535,Kon Tum,Central,District #20
80538,Hue,Central,District #20
80634,Nha Trang,Central,District #20
80648,Hue,Central,District #20
80903,Phan Thiet,Central,District #20
80904,Phan Rang-Thap Cham,Central,District #20
80907,Tam Ky,Central,District #20
80908,Quy Nhon,Central,District #20
80909,Tam Ky,Central,District #20
80910,Dong Hoi,Central,District #20
80917,Quang Ngai,Central,District #20
80930,Phan Thiet,Central,District #20
81003,Quy Nhon,Central,District #20
81004,Tam Ky,Central,District #20
81401,Da Nang,Central,District #20
81504,Tam Ky,Central,District #20
81506,Phan Thiet,Central,District #20
81625,Quy Nhon,Central,District #20
80203,Da Nang,Central,District #20
80205,Quang Ngai,Central,District #20
80206,Tuy Hoa,Central,District #20
80211,Kon Tum,Central,District #20
80219,Tam Ky,Central,District #20
80221,Tam Ky,Central,District #20
80231,Phan Thiet,Central,District #20
80232,Kon Tum,Central,District #20
80234,Nha Trang,Central,District #20
80239,Tam Ky,Central,District #20
63123,Kon Tum,Central,District #29
63128,Phan Thiet,Central,District #29
63129,Hue,Central,District #29
63130,Quang Ngai,Central,District #29
63138,Hoi An,Central,District #29
63143,Tam Ky,Central,District #29
63010,Tuy Hoa,Central,District #29
63020,Tam Ky,Central,District #29
63025,Quang Ngai,Central,District #29
63026,Quang Ngai,Central,District #29
63031,Kon Tum,Central,District #29
63068,Tam Ky,Central,District #29
63304,Hoi An,Central,District #29
63366,Hoi An,Central,District #29
63401,Tam Ky,Central,District #29
63459,Dong Hoi,Central,District #29
65109,Phan Thiet,Central,District #29
52501,Nha Trang,Central,District #29
52565,Nha Trang,Central,District #29
52632,Quang Ngai,Central,District #29
52645,Phan Thiet,Central,District #29
50702,Dong Hoi,Central,District #27
52233,Quy Nhon,Central,District #27
52403,Phan Rang-Thap Cham,Central,District #27
52404,Tam Ky,Central,District #27
52405,Tuy Hoa,Central,District #27
52409,Kon Tum,Central,District #27
52761,Tam Ky,Central,District #27
73401,Quy Nhon,Central,District #22
73458,Tuy Hoa,Central,District #22
73507,Quy Nhon,Central,District #22
73573,Nha Trang,Central,District #22
46303,Quy Nhon,Central,District #31
46311,Tuy Hoa,Central,District #31
46321,Phan Thiet,Central,District #31
46324,Phan Rang-Thap Cham,Central,District #31
46410,Nha Trang,Central,District #31
49855,Nha Trang,Central,District #26
49930,Dong Hoi,Central,District #26
53142,Tuy Hoa,Central,District #31
53144,Hoi An,Central,District #31
53147,Quy Nhon,Central,District #31
53177,Phan Thiet,Central,District #31
53182,Phan Thiet,Central,District #31
53402,Quang Ngai,Central,District #31
53406,Hoi An,Central,District #31
53545,Quang Ngai,Central,District #27
53546,Phan Rang-Thap Cham,Central,District #27
53590,Kon Tum,Central,District #27
53703,Quang Ngai,Central,District #27
53713,Phan Rang-Thap Cham,Central,District #27
53813,Kon Tum,Central,District #27
54601,Hue,Central,District #27
53032,Phan Rang-Thap Cham,Central,District #26
53089,Dong Hoi,Central,District #26
53129,Nha Trang,Central,District #26
53137,Nha Trang,Central,District #26
53150,Quy Nhon,Central,District #26
53151,Tam Ky,Central,District #26
53188,Nha Trang,Central,District #26
53206,Hoi An,Central,District #26
53207,Hue,Central,District #26
53216,Kon Tum,Central,District #26
53219,Phan Thiet,Central,District #26
53221,Tam Ky,Central,District #26
53224,Hue,Central,District #26
53225,Phan Thiet,Central,District #26
53549,Hue,Central,District #26
53919,Tam Ky,Central,District #26
53946,Tuy Hoa,Central,District #26
54217,Nha Trang,Central,District #26
54311,Tam Ky,Central,District #26
54494,Da Nang,Central,District #26
54547,Tuy Hoa,Central,District #26
54904,Hue,Central,District #26
60002,Nha Trang,Central,District #31
60010,Phan Rang-Thap Cham,Central,District #31
60013,Nha Trang,Central,District #31
60014,Phan Rang-Thap Cham,Central,District #31
60025,Da Nang,Central,District #31
60035,Tam Ky,Central,District #31
60041,Dong Hoi,Central,District #31
60045,Phan Thiet,Central,District #31
60046,Quy Nhon,Central,District #31
60050,Da Nang,Central,District #31
60060,Nha Trang,Central,District #31
60061,Dong Hoi,Central,District #31
60073,Quy Nhon,Central,District #31
60091,Quy Nhon,Central,District #31
60098,Tuy Hoa,Central,District #31
60106,Tam Ky,Central,District #31
60118,Da Nang,Central,District #31
60120,Quy Nhon,Central,District #31
60130,Tam Ky,Central,District #31
60138,Dong Hoi,Central,District #31
60151,Hoi An,Central,District #31
60156,Hue,Central,District #31
60175,Hoi An,Central,District #31
60177,Quang Ngai,Central,District #31
60178,Tuy Hoa,Central,District #31
60180,Tam Ky,Central,District #31
60185,Tuy Hoa,Central,District #31
60187,Quy Nhon,Central,District #31
60188,Phan Thiet,Central,District #31
60191,Nha Trang,Central,District #31
60304,Kon Tum,Central,District #31
60417,Phan Rang-Thap Cham,Central,District #31
60419,Hue,Central,District #31
60433,Tam Ky,Central,District #31
60440,Phan Rang-Thap Cham,Central,District #31
60441,Phan Thiet,Central,District #31
60445,Phan Thiet,Central,District #31
60446,Hue,Central,District #31
60451,Phan Thiet,Central,District #31
60453,Phan Thiet,Central,District #31
60463,Da Nang,Central,District #31
60473,Phan Thiet,Central,District #31
60504,Tam Ky,Central,District #31
60506,Tam Ky,Central,District #31
60521,Phan Thiet,Central,District #31
60526,Phan Thiet,Central,District #31
60527,Tam Ky,Central,District #31
60563,Quy Nhon,Central,District #31
60564,Phan Thiet,Central,District #31
60707,Tuy Hoa,Central,District #31
60914,Hue,Central,District #31
60970,Phan Thiet,Central,District #31
60617,Da Nang,Central,District #31
60634,Dong Hoi,Central,District #31
60647,Nha Trang,Central,District #31
60548,Phan Thiet,Central,District #27
61008,Quy Nhon,Central,District #27
61014,Phan Thiet,Central,District #27
61015,Quang Ngai,Central,District #27
61021,Da Nang,Central,District #27
61024,Tuy Hoa,Central,District #27
61025,Kon Tum,Central,District #27
61032,Nha Trang,Central,District #27
61072,Hoi An,Central,District #27
61254,Hue,Central,District #27
61265,Da Nang,Central,District #27
61275,Nha Trang,Central,District #27
61283,Phan Thiet,Central,District #27
62642,Nha Trang,Central,District #29
62703,Phan Rang-Thap Cham,Central,District #29
61448,Quy Nhon,Central,District #29
61462,Da Nang,Central,District #29
61523,Tam Ky,Central,District #29
61554,Quang Ngai,Central,District #29
61568,Tam Ky,Central,District #29
61607,Hue,Central,District #29
61611,Hue,Central,District #29
61704,Quang Ngai,Central,District #29
61727,Dong Hoi,Central,District #29
61739,Quang Ngai,Central,District #29
61770,Tam Ky,Central,District #29
61830,Nha Trang,Central,District #29
62002,Dong Hoi,Central,District #29
62021,Nha Trang,Central,District #29
62035,Hue,Central,District #29
62215,Kon Tum,Central,District #29
62294,Hoi An,Central,District #29
75604,Kon Tum,Central,District #24
75650,Tam Ky,Central,District #24
75672,Dong Hoi,Central,District #24
75689,Nha Trang,Central,District #24
75701,Hue,Central,District #24
75703,Phan Thiet,Central,District #24
75801,Quang Ngai,Central,District #24
77707,Hue,Central,District #24
79015,Nha Trang,Central,District #21
79070,Tuy Hoa,Central,District #21
79121,Da Nang,Central,District #21
79226,Phan Rang-Thap Cham,Central,District #21
79255,Hoi An,Central,District #21
75501,Phan Rang-Thap Cham,Central,District #25
75503,Nha Trang,Central,District #25
75002,Phan Thiet,Central,District #22
75007,Kon Tum,Central,District #22
75013,Phan Rang-Thap Cham,Central,District #22
75019,Quy Nhon,Central,District #22
75028,Kon Tum,Central,District #22
75032,Dong Hoi,Central,District #22
75040,Tuy Hoa,Central,District #22
75047,Tam Ky,Central,District #22
75050,Da Nang,Central,District #22
75058,Phan Rang-Thap Cham,Central,District #22
75061,Kon Tum,Central,District #22
75074,Hue,Central,District #22
75077,Tam Ky,Central,District #22
75080,Quang Ngai,Central,District #22
75088,Kon Tum,Central,District #22
75090,Phan Rang-Thap Cham,Central,District #22
75093,Kon Tum,Central,District #22
75150,Hue,Central,District #22
75402,Quang Ngai,Central,District #22
76008,Dong Hoi,Central,District #22
76011,Tam Ky,Central,District #22
76014,Quy Nhon,Central,District #22
76020,Quy Nhon,Central,District #22
76028,Quy Nhon,Central,District #22
76058,Tuy Hoa,Central,District #22
76087,Kon Tum,Central,District #22
76126,Kon Tum,Central,District #22
76179,Phan Rang-Thap Cham,Central,District #22
76201,Kon Tum,Central,District #22
76248,Hue,Central,District #22
76273,Quang Ngai,Central,District #22
76384,Phan Thiet,Central,District #22
79403,Hue,Central,District #22
79423,Hue,Central,District #22
79424,Quy Nhon,Central,District #22
79563,Hoi An,Central,District #22
79703,Da Nang,Central,District #22
79705,Hue,Central,District #22
79707,Quy Nhon,Central,District #22
79731,Nha Trang,Central,District #22
79782,Kon Tum,Central,District #22
75214,Tam Ky,Central,District #22
75228,Hue,Central,District #22
75252,Tuy Hoa,Central,District #22
76513,Dong Hoi,Central,District #23
76559,Tuy Hoa,Central,District #23
76706,Phan Rang-Thap Cham,Central,District #23
77338,Quang Ngai,Central,District #23
77346,Dong Hoi,Central,District #23
77377,Hue,Central,District #23
77384,Hue,Central,District #23
77385,Kon Tum,Central,District #23
77488,Hoi An,Central,District #23
77504,Quy Nhon,Central,District #23
77505,Nha Trang,Central,District #23
77506,Phan Rang-Thap Cham,Central,District #23
77511,Tuy Hoa,Central,District #23
77515,Phan Rang-Thap Cham,Central,District #23
77535,Dong Hoi,Central,District #23
77568,Phan Thiet,Central,District #23
77901,Phan Thiet,Central,District #23
77957,Hoi An,Central,District #23
78006,Quy Nhon,Central,District #23
78015,Quy Nhon,Central,District #23
78043,Quy Nhon,Central,District #23
78076,Tam Ky,Central,District #23
78109,Quy Nhon,Central,District #23
78130,Hoi An,Central,District #23
78380,Hue,Central,District #23
78410,Kon Tum,Central,District #23
78501,Quy Nhon,Central,District #23
78504,Phan Rang-Thap Cham,Central,District #23
78559,Dong Hoi,Central,District #23
78852,Phan Rang-Thap Cham,Central,District #23
78945,Phan Thiet,Central,District #23
78744,Tuy Hoa,Central,District #23
78746,Hue,Central,District #23
78749,Tam Ky,Central,District #23
78233,Da Nang,Central,District #23
78237,Kon Tum,Central,District #23
78240,Nha Trang,Central,District #23
77005,Dong Hoi,Central,District #23
77018,Tam Ky,Central,District #23
77042,Phan Rang-Thap Cham,Central,District #23
77062,Kon Tum,Central,District #23
77073,Quang Ngai,Central,District #23
77084,Hue,Central,District #23
77095,Da Nang,Central,District #23
93291,Tra Vinh,West,District #36
93720,Vinh Long,West,District #36
93722,Soc Trang,West,District #36
93940,Ho Chi Minh City,West,District #36
94002,Pleiku,West,District #36
94061,Tra Vinh,West,District #36
94102,My Tho,West,District #36
94103,Can Tho,West,District #36
94109,Rach Gia,West,District #36
94110,Pleiku,West,District #36
94117,Can Tho,West,District #36
94118,Buon Ma Thuot,West,District #36
94301,Vinh Long,West,District #36
94303,Long Xuyen,West,District #36
94513,Vung Tau,West,District #36
94520,Soc Trang,West,District #36
94531,Buon Ma Thuot,West,District #36
94536,Buon Ma Thuot,West,District #36
94560,Ho Chi Minh City,West,District #36
94563,Ca Mau,West,District #36
94566,My Tho,West,District #36
94568,Vung Tau,West,District #36
94583,Soc Trang,West,District #36
94587,Buon Ma Thuot,West,District #36
94589,Buon Ma Thuot,West,District #36
94701,Bac Lieu,West,District #36
94928,Pleiku,West,District #36
94947,My Tho,West,District #36
95006,Long Xuyen,West,District #36
95054,Ho Chi Minh City,West,District #36
95060,My Tho,West,District #36
95062,Ho Chi Minh City,West,District #36
95070,Vung Tau,West,District #36
95075,Can Tho,West,District #36
95125,Pleiku,West,District #36
95128,Long Xuyen,West,District #36
95129,Ho Chi Minh City,West,District #36
95133,Bac Lieu,West,District #36
95148,Bac Lieu,West,District #36
95219,Bien Hoa,West,District #36
95258,Ho Chi Minh City,West,District #36
95322,Buon Ma Thuot,West,District #36
95379,Tra Vinh,West,District #36
94533,Bien Hoa,West,District #35
94535,Buon Ma Thuot,West,District #35
94585,Long Xuyen,West,District #35
95603,Rach Gia,West,District #35
95604,Ho Chi Minh City,West,District #35
95605,Buon Ma Thuot,West,District #35
95608,Ben Tre,West,District #35
95628,Vung Tau,West,District #35
95635,Bien Hoa,West,District #35
95648,Ho Chi Minh City,West,District #35
95677,Long Xuyen,West,District #35
95678,Bac Lieu,West,District #35
95709,My Tho,West,District #35
95728,Ben Tre,West,District #35
95746,Da Lat,West,District #35
95747,Buon Ma Thuot,West,District #35
95762,Da Lat,West,District #35
95765,Can Tho,West,District #35
95776,Bac Lieu,West,District #35
95901,Ho Chi Minh City,West,District #35
95928,Ben Tre,West,District #35
95961,Ca Mau,West,District #35
95966,Bac Lieu,West,District #35
95969,Vung Tau,West,District #35
95991,Long Xuyen,West,District #35
96002,Ben Tre,West,District #35
96049,Ben Tre,West,District #35
96069,Rach Gia,West,District #35
96080,Ho Chi Minh City,West,District #35
96143,My Tho,West,District #35
95816,Can Tho,West,District #35
95824,Vung Tau,West,District #35
95835,Da Lat,West,District #35
95838,Can Tho,West,District #35
92101,Rach Gia,West,District #38
92115,Soc Trang,West,District #38
92116,Long Xuyen,West,District #38
92117,Vung Tau,West,District #38
92119,Ho Chi Minh City,West,District #38
92120,My Tho,West,District #38
92130,Rach Gia,West,District #38
91901,Pleiku,West,District #38
91910,Ben Tre,West,District #38
91911,Rach Gia,West,District #38
92008,Bac Lieu,West,District #38
92009,Ca Mau,West,District #38
92021,My Tho,West,District #38
92028,Rach Gia,West,District #38
92029,Bac Lieu,West,District #38
92054,My Tho,West,District #38
92069,Long Xuyen,West,District #38
92118,Rach Gia,West,District #38
92270,Pleiku,West,District #38
92274,Vinh Long,West,District #38
92277,Ho Chi Minh City,West,District #38
92307,Vung Tau,West,District #38
92324,Pleiku,West,District #38
92337,Vinh Long,West,District #38
92345,Tra Vinh,West,District #38
92354,Ho Chi Minh City,West,District #38
92374,Vung Tau,West,District #38
92407,Bien Hoa,West,District #38
92509,Ho Chi Minh City,West,District #38
92562,Da Lat,West,District #38
92590,Vung Tau,West,District #38
92592,Long Xuyen,West,District #38
92881,Pleiku,West,District #38
93306,Rach Gia,West,District #38
93308,Bac Lieu,West,District #38
93309,Bac Lieu,West,District #38
93312,Pleiku,West,District #38
93536,Pleiku,West,District #38
92243,Pleiku,West,District #39
90250,Vung Tau,West,District #37
90277,Vinh Long,West,District #37
90278,Soc Trang,West,District #37
90291,Soc Trang,West,District #37
90501,Soc Trang,West,District #37
90505,Soc Trang,West,District #37
90602,Ho Chi Minh City,West,District #37
90620,Ben Tre,West,District #37
90680,Bien Hoa,West,District #37
90703,Pleiku,West,District #37
90746,Da Lat,West,District #37
91205,Soc Trang,West,District #37
91301,Da Lat,West,District #37
91321,Can Tho,West,District #37
91343,Da Lat,West,District #37
91351,Can Tho,West,District #37
91352,Pleiku,West,District #37
91361,Vinh Long,West,District #37
91381,Ben Tre,West,District #37
91423,Ca Mau,West,District #37
91505,Ca Mau,West,District #37
91702,Bien Hoa,West,District #37
91724,Bac Lieu,West,District #37
91730,Vung Tau,West,District #37
91737,Tra Vinh,West,District #37
91745,Bien Hoa,West,District #37
91750,Can Tho,West,District #37
91763,Vung Tau,West,District #37
91776,Can Tho,West,District #37
91784,My Tho,West,District #37
91790,Ho Chi Minh City,West,District #37
92602,Vinh Long,West,District #37
92610,Vinh Long,West,District #37
92630,Ca Mau,West,District #37
92646,Bac Lieu,West,District #37
92647,Ben Tre,West,District #37
92656,Soc Trang,West,District #37
92660,Vinh Long,West,District #37
92675,Tra Vinh,West,District #37
92679,Vung Tau,West,District #37
92688,Long Xuyen,West,District #37
92692,Bien Hoa,West,District #37
92704,Long Xuyen,West,District #37
92705,Soc Trang,West,District #37
92821,Pleiku,West,District #37
92867,Tra Vinh,West,District #37
92886,Long Xuyen,West,District #37
93001,Buon Ma Thuot,West,District #37
93004,Can Tho,West,District #37
93012,Rach Gia,West,District #37
93015,Bien Hoa,West,District #37
93041,Da Lat,West,District #37
93063,Can Tho,West,District #37
93065,Tra Vinh,West,District #37
93108,Tra Vinh,West,District #37
93422,Vinh Long,West,District #37
93433,Can Tho,West,District #37
93436,Soc Trang,West,District #37
93460,Vinh Long,West,District #37
90023,Pleiku,West,District #37
90029,Tra Vinh,West,District #37
90077,Da Lat,West,District #37
90003,Rach Gia,West,District #37
85037,Pleiku,West,District #39
85040,Tra Vinh,West,District #39
85044,Da Lat,West,District #39
85050,Bac Lieu,West,District #39
85098,Buon Ma Thuot,West,District #39
85201,Tra Vinh,West,District #39
85213,Can Tho,West,District #39
85215,Soc Trang,West,District #39
85226,Long Xuyen,West,District #39
85249,Ho Chi Minh City,West,District #39
85303,My Tho,West,District #39
85383,My Tho,West,District #39
85650,Vung Tau,West,District #39
85747,Ho Chi Minh City,West,District #39
86001,Ca Mau,West,District #39
86326,Ben Tre,West,District #39
86403,Vung Tau,West,District #39
86406,Vinh Long,West,District #39
87047,Vung Tau,West,District #39
87048,Vinh Long,West,District #39
87102,Buon Ma Thuot,West,District #39
87106,Soc Trang,West,District #39
87112,Ho Chi Minh City,West,District #39
87114,Vung Tau,West,District #39
87122,Tra Vinh,West,District #39
87124,Buon Ma Thuot,West,District #39
87144,Ca Mau,West,District #39
87401,Ca Mau,West,District #39
87505,Pleiku,West,District #39
87508,Rach Gia,West,District #39
88007,Soc Trang,West,District #39
81301,Can Tho,West,District #39
81435,Buon Ma Thuot,West,District #39
89029,Tra Vinh,West,District #39
97009,Soc Trang,West,District #34
97016,Bien Hoa,West,District #34
97045,Vinh Long,West,District #34
97055,Bac Lieu,West,District #34
97124,Tra Vinh,West,District #34
97227,Rach Gia,West,District #34
97230,Da Lat,West,District #34
97267,Bac Lieu,West,District #34
97280,Ben Tre,West,District #34
97303,Can Tho,West,District #34
97304,My Tho,West,District #34
97330,Long Xuyen,West,District #34
97338,Vinh Long,West,District #34
97361,Bac Lieu,West,District #34
97365,Long Xuyen,West,District #34
97367,Vinh Long,West,District #34
97388,Pleiku,West,District #34
99504,Rach Gia,West,District #34
99508,Soc Trang,West,District #34
99516,Bac Lieu,West,District #34
99518,Tra Vinh,West,District #34
99520,Soc Trang,West,District #34
99523,Bien Hoa,West,District #34
99577,Rach Gia,West,District #34
99603,Buon Ma Thuot,West,District #34
99654,Ho Chi Minh City,West,District #34
99664,Soc Trang,West,District #34
99669,Vung Tau,West,District #34
99672,Ca Mau,West,District #34
99706,Long Xuyen,West,District #34
99709,Can Tho,West,District #34
99801,Pleiku,West,District #34
98005,Ho Chi Minh City,West,District #34
98006,Rach Gia,West,District #34
98021,Da Lat,West,District #34
98022,Da Lat,West,District #34
98026,Vinh Long,West,District #34
98032,Bac Lieu,West,District #34
98034,My Tho,West,District #34
98092,Soc Trang,West,District #34
98107,Ca Mau,West,District #34
98112,Bac Lieu,West,District #34
98121,Bac Lieu,West,District #34
98148,Ben Tre,West,District #34
98166,Long Xuyen,West,District #34
98198,Can Tho,West,District #34
98208,Buon Ma Thuot,West,District #34
98221,Vung Tau,West,District #34
98223,Da Lat,West,District #34
98226,Ho Chi Minh City,West,District #34
98236,Vinh Long,West,District #34
98245,Ho Chi Minh City,West,District #34
98274,Bac Lieu,West,District #34
98277,Tra Vinh,West,District #34
98290,Long Xuyen,West,District #34
98327,Ho Chi Minh City,West,District #34
98335,Ho Chi Minh City,West,District #34
98351,Buon Ma Thuot,West,District #34
98372,Pleiku,West,District #34
98387,My Tho,West,District #34
98390,Long Xuyen,West,District #34
98422,Vinh Long,West,District #34
98439,Long Xuyen,West,District #34
98512,Ca Mau,West,District #34
98513,Da Lat,West,District #34
98580,Ben Tre,West,District #34
98604,Buon Ma Thuot,West,District #34
98607,Ca Mau,West,District #34
98625,Rach Gia,West,District #34
98632,Ho Chi Minh City,West,District #34
98638,Soc Trang,West,District #34
98682,My Tho,West,District #34
98684,Ca Mau,West,District #34
97333,Ben Tre,West,District #35
97420,My Tho,West,District #35
97459,Ben Tre,West,District #35
97478,Ho Chi Minh City,West,District #35
97496,Ca Mau,West,District #35
97520,Da Lat,West,District #35
97526,Pleiku,West,District #35
89410,Ben Tre,West,District #35
89509,Ben Tre,West,District #35
89510,Pleiku,West,District #35
89706,Da Lat,West,District #35
84765,Rach Gia,West,District #38
89012,Rach Gia,West,District #38
89031,Ben Tre,West,District #38
89074,Soc Trang,West,District #38
89110,Ca Mau,West,District #38
89142,Vung Tau,West,District #38
89145,Bien Hoa,West,District #38
82414,Bac Lieu,West,District #33
97813,Tra Vinh,West,District #33
98823,My Tho,West,District #33
98837,Ho Chi Minh City,West,District #33
98926,Vinh Long,West,District #33
99301,Ben Tre,West,District #33
99336,My Tho,West,District #33
99362,Can Tho,West,District #33
84003,Ho Chi Minh City,West,District #33
84015,Rach Gia,West,District #33
84043,Vinh Long,West,District #33
84088,Long Xuyen,West,District #33
84105,Vung Tau,West,District #33
84116,Bac Lieu,West,District #33
84124,Ho Chi Minh City,West,District #33
84332,My Tho,West,District #33
84403,Soc Trang,West,District #33
84542,Tra Vinh,West,District #33
84655,Long Xuyen,West,District #33
83241,Vinh Long,West,District #33
83274,My Tho,West,District #33
83340,Ca Mau,West,District #33
83440,Vung Tau,West,District #33
83467,Ben Tre,West,District #33
83619,Ca Mau,West,District #33
83703,My Tho,West,District #33
83704,Can Tho,West,District #33
83858,Can Tho,West,District #33
59034,Can Tho,West,District #33
59047,Pleiku,West,District #33
59261,Vinh Long,West,District #33
59405,Bien Hoa,West,District #33
59538,Pleiku,West,District #33
59635,Da Lat,West,District #33
59701,Rach Gia,West,District #33
59736,Ho Chi Minh City,West,District #33
59860,Soc Trang,West,District #33
59923,Soc Trang,West,District #33
59937,Buon Ma Thuot,West,District #33
