order_id,product_id,quantity,unit_price,discount_amount,promo_id,promo_id_2
1,2400,7,1138.22,0.0,,
2,609,7,10166.25,0.0,,
3,396,3,11220.33,0.0,,
4,635,5,10639.25,0.0,,
6,1935,1,1597.84,0.0,,
7,1934,6,1633.49,0.0,,
8,1934,6,1602.92,0.0,,
8,1935,4,1642.51,0.0,,
9,1432,8,4049.64,0.0,,
10,1431,5,3977.37,0.0,,
13,604,6,6006.28,0.0,,
15,574,4,10833.53,0.0,,
16,1668,1,5074.15,0.0,,
17,2352,5,4407.64,0.0,,
18,676,3,9985.76,0.0,,
20,2240,8,1064.38,0.0,,
20,2241,4,1069.75,0.0,,
21,676,2,9758.83,0.0,,
22,36,7,5595.02,0.0,,
23,1041,5,12008.32,0.0,,
24,671,3,10863.52,0.0,,
25,174,3,8298.69,0.0,,
26,609,2,10196.64,0.0,,
28,396,4,11274.95,0.0,,
29,1484,2,950.75,0.0,,
30,1483,4,1027.59,0.0,,
31,2071,3,4175.51,0.0,,
32,1862,6,2599.04,0.0,,
33,600,8,9342.06,0.0,,
34,2380,6,3778.24,0.0,,
35,2359,2,5362.22,0.0,,
36,2277,1,3514.8,0.0,,
38,2400,3,1109.32,0.0,,
39,2359,2,5254.42,0.0,,
41,400,5,9736.68,0.0,,
42,1174,3,6841.28,0.0,,
43,1859,3,1893.3,0.0,,
44,4,4,9707.48,0.0,,
45,676,8,9885.26,0.0,,
46,606,3,4013.96,0.0,,
47,1449,6,1759.59,0.0,,
47,1450,3,1809.15,0.0,,
48,1934,1,1658.89,0.0,,
48,1935,3,1594.99,0.0,,
49,671,5,10790.22,0.0,,
50,475,2,12776.36,0.0,,
52,1477,2,4048.71,0.0,,
53,396,7,11541.12,0.0,,
56,2388,5,3641.21,0.0,,
58,187,3,9031.01,0.0,,
59,671,2,11173.11,0.0,,
60,604,1,6074.2,0.0,,
62,2254,3,718.3,0.0,,
63,400,5,9998.5,0.0,,
65,1184,2,7409.79,0.0,,
66,1298,8,4600.11,0.0,,
67,604,2,6208.65,0.0,,
68,2054,2,6898.11,0.0,,
70,2251,8,1553.9,0.0,,
71,2250,5,1508.79,0.0,,
72,1942,6,1459.17,0.0,,
72,1943,7,1485.99,0.0,,
74,467,3,11159.44,0.0,,
75,676,3,9702.2,0.0,,
76,475,7,12588.76,0.0,,
78,635,6,10513.77,0.0,,
79,2071,2,4126.27,0.0,,
80,1201,4,6818.49,0.0,,
81,604,7,6071.12,0.0,,
82,2400,5,1119.42,0.0,,
83,2053,4,4010.92,0.0,,
84,2064,8,6488.12,0.0,,
85,467,1,11000.4,0.0,,
86,676,1,9897.88,0.0,,
87,1975,7,687.32,0.0,,
88,1974,5,665.35,0.0,,
89,635,7,10516.05,0.0,,
90,2055,1,6747.15,0.0,,
91,565,7,10747.18,0.0,,
92,485,2,10045.12,0.0,,
93,485,3,9937.57,0.0,,
95,604,2,6007.14,0.0,,
96,671,7,11375.49,0.0,,
97,671,3,11461.15,0.0,,
99,2050,3,5881.22,0.0,,
100,2204,3,1789.19,0.0,,
100,2205,2,1814.1,0.0,,
101,596,1,9908.35,0.0,,
102,467,1,11012.4,0.0,,
104,400,1,9634.98,0.0,,
106,396,3,10870.75,0.0,,
107,574,3,10954.01,0.0,,
108,635,7,10143.99,0.0,,
110,400,8,10199.36,0.0,,
116,604,8,6140.03,0.0,,
117,475,7,12301.56,0.0,,
118,580,5,10020.97,0.0,,
120,499,3,11527.67,0.0,,
121,604,5,6340.91,0.0,,
122,604,2,6233.16,0.0,,
124,1041,1,11891.69,0.0,,
125,1139,3,7646.94,0.0,,
125,1215,7,4079.73,0.0,,
126,445,8,10844.76,0.0,,
128,1173,7,6034.61,0.0,,
130,596,1,9639.22,0.0,,
132,103,3,10169.15,0.0,,
133,499,6,10637.7,0.0,,
135,1668,1,5282.86,0.0,,
136,2054,7,7066.78,0.0,,
137,2400,5,1117.1,0.0,,
138,1116,1,3162.53,0.0,,
140,467,3,11300.0,0.0,,
141,606,3,4084.33,0.0,,
144,396,7,11211.85,0.0,,
145,574,7,11282.44,0.0,,
146,2064,8,6470.64,0.0,,
147,1156,8,4111.93,0.0,,
149,635,8,10932.53,0.0,,
152,1061,1,1777.33,0.0,,
153,1062,7,1782.35,0.0,,
154,1120,6,2232.81,0.0,,
156,559,8,7562.17,0.0,,
157,647,4,11048.86,0.0,,
158,2353,8,5178.9,0.0,,
159,565,8,10432.67,0.0,,
160,396,6,10785.91,0.0,,
163,1974,2,696.48,0.0,,
163,1975,2,687.27,0.0,,
164,1148,2,3848.4,0.0,,
165,103,3,10480.17,0.0,,
168,1501,5,4360.63,0.0,,
169,1502,5,4316.81,0.0,,
170,2045,8,5598.4,0.0,,
171,103,4,10366.67,0.0,,
172,609,3,10263.17,0.0,,
173,2280,1,1920.52,0.0,,
175,1298,1,4575.84,0.0,,
176,671,6,11288.89,0.0,,
177,1188,5,5796.95,0.0,,
177,1895,6,8960.74,0.0,,
178,2384,8,7810.66,0.0,,
179,103,3,10128.13,0.0,,
180,1317,7,3887.33,0.0,,
182,1360,8,4836.32,0.0,,
183,1359,2,4510.45,0.0,,
184,467,5,10899.95,0.0,,
185,1139,8,8252.45,0.0,,
186,604,3,6165.14,0.0,,
187,93,5,12779.13,0.0,,
188,1916,8,3514.97,0.0,,
189,691,6,4759.02,0.0,,
190,396,2,10476.86,0.0,,
191,4,2,9593.13,0.0,,
192,1086,7,1124.58,0.0,,
193,1085,1,1172.76,0.0,,
194,1106,4,3147.48,0.0,,
196,396,2,11171.09,0.0,,
197,2053,1,4007.5,0.0,,
198,103,2,11031.04,0.0,,
199,103,7,10198.58,0.0,,
202,2223,4,2706.73,0.0,,
204,1966,4,2935.35,0.0,,
205,103,2,10298.11,0.0,,
206,31,7,8909.19,0.0,,
208,606,4,3944.85,0.0,,
209,93,3,12340.87,0.0,,
210,1891,7,8474.79,0.0,,
211,1228,5,1664.38,0.0,,
212,559,2,7602.98,0.0,,
213,2005,8,3558.42,0.0,,
214,2359,3,5378.93,0.0,,
215,1859,4,1889.02,0.0,,
217,609,6,10625.38,0.0,,
218,635,2,10758.72,0.0,,
219,671,7,11645.24,0.0,,
220,681,7,8797.68,0.0,,
223,635,7,10489.71,0.0,,
224,609,4,10478.06,0.0,,
225,681,2,8739.17,0.0,,
226,604,5,6040.18,0.0,,
227,1182,7,2199.08,0.0,,
228,396,6,11176.68,0.0,,
229,604,2,6123.97,0.0,,
230,618,7,14462.92,0.0,,
231,596,2,9590.33,0.0,,
232,604,8,6029.1,0.0,,
233,609,7,10421.74,0.0,,
234,676,2,9727.65,0.0,,
236,1920,2,3417.69,0.0,,
237,1186,6,4516.77,0.0,,
238,1451,8,4482.6,0.0,,
239,631,5,4607.61,0.0,,
239,1452,7,4461.57,0.0,,
241,2252,5,1542.13,0.0,,
241,2253,5,1627.63,0.0,,
242,1228,2,1638.99,0.0,,
244,2252,7,1606.12,0.0,,
244,2253,3,1641.09,0.0,,
245,609,5,10304.67,0.0,,
246,467,3,11145.5,0.0,,
249,1818,3,2499.83,0.0,,
250,1847,5,1491.87,0.0,,
251,573,6,3673.18,0.0,,
254,681,6,8939.87,0.0,,
257,2252,6,1617.87,0.0,,
257,2253,2,1574.12,0.0,,
259,671,4,11380.01,0.0,,
260,596,5,9546.54,0.0,,
261,467,4,11258.05,0.0,,
262,604,2,6017.75,0.0,,
263,1215,2,4159.57,0.0,,
264,443,1,11027.85,0.0,,
265,681,6,9024.16,0.0,,
266,596,3,9525.35,0.0,,
268,609,1,10404.92,0.0,,
269,1818,4,2446.93,0.0,,
271,400,6,10002.47,0.0,,
273,93,6,12495.91,0.0,,
274,676,7,9818.91,0.0,,
275,609,2,10461.99,0.0,,
278,488,5,13167.12,0.0,,
280,671,3,11225.11,0.0,,
281,1202,5,7232.31,0.0,,
282,2045,6,5569.48,0.0,,
284,1227,7,3663.8,0.0,,
285,647,7,11252.63,0.0,,
286,2083,3,3991.78,0.0,,
287,1040,1,13125.52,0.0,,
290,2174,3,5039.78,0.0,,
291,499,7,11103.65,0.0,,
292,1489,2,3317.74,0.0,,
292,1490,2,3243.46,0.0,,
293,618,8,14350.27,0.0,,
295,565,4,10716.52,0.0,,
296,559,8,7735.17,0.0,,
297,1188,1,5608.92,0.0,,
298,645,8,8778.32,0.0,,
299,396,6,10642.52,0.0,,
300,1182,7,2154.75,0.0,,
301,2359,2,5237.79,0.0,,
302,467,1,10972.21,0.0,,
303,2250,2,1526.72,0.0,,
305,2250,2,1511.03,0.0,,
305,2251,1,1527.71,0.0,,
306,2359,2,5331.33,0.0,,
307,2388,8,3643.36,0.0,,
308,676,7,9967.9,0.0,,
309,484,5,15520.41,0.0,,
310,475,5,12598.21,0.0,,
311,433,4,11436.6,0.0,,
312,691,5,4653.0,0.0,,
315,573,7,3678.14,0.0,,
316,676,6,10065.28,0.0,,
317,671,6,10981.58,0.0,,
318,1215,8,4209.39,0.0,,
322,635,5,10716.69,0.0,,
323,676,2,9815.63,0.0,,
324,445,3,10833.03,0.0,,
326,467,2,11343.75,0.0,,
328,573,4,3869.99,0.0,,
330,2070,6,6197.24,0.0,,
331,604,8,6218.3,0.0,,
333,488,2,12957.34,0.0,,
335,2380,2,3768.57,0.0,,
336,396,6,11184.22,0.0,,
337,635,4,10762.32,0.0,,
338,671,5,11322.68,0.0,,
339,1870,7,10023.8,0.0,,
340,1062,2,1760.9,0.0,,
341,1061,1,1809.62,0.0,,
342,671,2,11461.15,0.0,,
344,635,2,11169.66,0.0,,
346,499,5,11072.97,0.0,,
347,475,1,13037.3,0.0,,
348,676,2,9843.93,0.0,,
351,671,2,11210.55,0.0,,
352,2046,1,5349.33,0.0,,
353,609,1,10302.24,0.0,,
357,248,8,6735.72,0.0,,
358,573,5,3686.72,0.0,,
359,606,6,4100.23,0.0,,
362,631,7,4776.71,0.0,,
365,1934,1,1641.85,0.0,,
366,475,3,12628.0,0.0,,
367,671,7,11254.2,0.0,,
368,2343,5,5937.59,0.0,,
369,396,1,10912.47,0.0,,
370,550,5,5218.34,0.0,,
371,1987,7,1973.05,0.0,,
372,2240,1,1071.54,0.0,,
373,647,1,11147.26,0.0,,
376,1934,1,1599.25,0.0,,
377,1935,4,1639.61,0.0,,
378,396,8,10989.09,0.0,,
380,1188,7,5630.75,0.0,,
381,1915,1,5859.77,0.0,,
383,1174,5,7150.76,0.0,,
385,443,7,10934.32,0.0,,
386,2332,6,5689.85,0.0,,
388,2204,5,1812.5,0.0,,
388,2205,6,1802.26,0.0,,
391,2054,2,6995.72,0.0,,
393,445,3,11174.73,0.0,,
394,2269,6,3846.22,0.0,,
395,2070,2,6117.77,0.0,,
396,1081,4,2839.87,0.0,,
396,1082,5,2805.62,0.0,,
397,396,1,11022.77,0.0,,
399,396,6,11363.96,0.0,,
400,606,3,4071.38,0.0,,
401,396,5,11104.93,0.0,,
402,1894,2,8738.1,0.0,,
403,1085,3,1157.81,0.0,,
404,1086,6,1124.99,0.0,,
405,1085,1,1124.97,0.0,,
405,1086,5,1075.88,0.0,,
406,445,5,10647.79,0.0,,
409,635,1,11018.25,0.0,,
410,596,4,9394.43,0.0,,
411,676,5,10046.66,0.0,,
412,676,4,9985.06,0.0,,
413,671,2,10868.66,0.0,,
414,596,7,9436.01,0.0,,
415,550,1,5338.72,0.0,,
416,475,5,12553.29,0.0,,
417,485,4,10296.06,0.0,,
418,400,1,9890.7,0.0,,
419,606,1,4133.3,0.0,,
420,671,8,11308.31,0.0,,
421,475,1,12040.43,0.0,,
423,495,6,8584.48,0.0,,
425,532,2,6699.51,0.0,,
426,532,4,6959.82,0.0,,
427,488,4,12595.52,0.0,,
428,676,3,10250.5,0.0,,
429,635,6,10602.31,0.0,,
430,475,6,12862.61,0.0,,
432,574,1,10881.26,0.0,,
433,596,4,9480.93,0.0,,
434,606,6,4001.39,0.0,,
435,400,7,10106.92,0.0,,
436,635,3,10861.41,0.0,,
438,609,4,10196.86,0.0,,
439,609,8,10790.17,0.0,,
440,2332,2,5842.55,0.0,,
442,681,2,8508.54,0.0,,
443,604,6,5996.9,0.0,,
444,2359,1,5195.95,0.0,,
445,2240,6,1041.51,0.0,,
446,2241,5,1068.73,0.0,,
448,396,8,10788.42,0.0,,
449,396,4,11184.59,0.0,,
450,2174,7,5141.42,0.0,,
451,2332,8,6094.78,0.0,,
452,559,7,7723.46,0.0,,
453,580,7,9633.2,0.0,,
457,2055,1,7029.71,0.0,,
458,2254,4,693.36,0.0,,
458,2255,4,716.47,0.0,,
459,2045,4,5696.27,0.0,,
461,604,6,6398.55,0.0,,
463,573,3,3712.41,0.0,,
466,989,6,5245.68,0.0,,
469,2054,4,7013.02,0.0,,
470,2053,4,4040.77,0.0,,
471,604,7,6149.1,0.0,,
472,2053,5,4037.82,0.0,,
473,647,1,11137.25,0.0,,
474,2331,1,7518.13,0.0,,
475,676,7,10019.86,0.0,,
476,2046,7,5085.98,0.0,,
477,992,1,3406.11,0.0,,
478,740,2,2060.49,0.0,,
479,739,3,1972.85,0.0,,
484,631,8,4591.51,0.0,,
485,676,8,9970.31,0.0,,
486,2240,2,1032.17,0.0,,
486,2241,4,1107.01,0.0,,
487,592,2,11381.93,0.0,,
490,725,6,1339.72,0.0,,
490,726,4,1351.42,0.0,,
491,604,8,6195.87,0.0,,
492,2128,8,4907.18,0.0,,
495,631,3,4677.1,0.0,,
496,981,7,2075.37,0.0,,
497,600,3,9511.63,0.0,,
499,1862,1,2667.89,0.0,,
501,573,2,3843.41,0.0,,
503,676,7,9880.1,0.0,,
505,826,1,12383.66,0.0,,
506,725,8,1325.53,0.0,,
508,981,8,2071.79,0.0,,
509,1859,6,1875.44,0.0,,
511,2055,7,7203.99,0.0,,
513,609,1,10709.85,0.0,,
514,647,2,10863.9,0.0,,
515,910,5,5113.95,0.0,,
516,1000,1,1172.61,0.0,,
517,2396,6,1189.31,0.0,,
518,915,6,6589.04,0.0,,
520,1870,1,10174.92,0.0,,
523,1014,8,1016.77,0.0,,
525,604,8,6309.22,0.0,,
527,2083,4,3845.51,0.0,,
528,1987,7,2048.35,0.0,,
530,1926,8,1090.7,0.0,,
530,1927,1,1121.7,0.0,,
531,2046,7,5192.17,0.0,,
532,2396,3,1188.75,0.0,,
533,1003,5,1014.3,0.0,,
534,758,1,902.72,0.0,,
535,757,4,869.39,0.0,,
536,475,6,12345.07,0.0,,
539,2396,8,1164.76,0.0,,
540,981,3,1992.63,0.0,,
542,475,6,12468.03,0.0,,
543,1017,3,3314.88,0.0,,
544,691,4,4603.83,0.0,,
545,954,5,8213.85,0.0,,
546,826,8,13210.73,0.0,,
547,676,1,9931.2,0.0,,
548,609,1,10514.63,0.0,,
550,580,2,10007.68,0.0,,
551,2332,1,5840.28,0.0,,
552,795,5,3303.32,0.0,,
552,796,1,3424.5,0.0,,
554,635,4,10567.46,0.0,,
556,467,8,10590.37,0.0,,
557,767,2,1164.04,0.0,,
557,768,2,1177.72,0.0,,
558,635,2,10477.15,0.0,,
559,467,6,11158.81,0.0,,
560,964,5,3846.87,0.0,,
562,396,7,11231.49,0.0,,
563,954,6,8387.18,0.0,,
564,676,3,9278.41,0.0,,
565,559,7,7711.35,0.0,,
566,532,8,6837.21,0.0,,
567,785,7,704.17,0.0,,
567,786,4,717.1,0.0,,
568,600,5,9146.0,0.0,,
569,1916,7,3521.24,0.0,,
570,2082,2,3997.85,0.0,,
571,1903,7,9554.1,0.0,,
573,604,3,6164.03,0.0,,
574,1001,6,4748.76,0.0,,
577,559,5,7691.59,0.0,,
581,573,1,3720.27,0.0,,
582,2240,3,1036.06,0.0,,
582,2241,2,1079.86,0.0,,
583,936,5,6097.26,0.0,,
584,396,5,11122.23,0.0,,
586,2169,7,6539.19,0.0,,
587,94,8,10840.01,0.0,,
588,467,7,10937.58,0.0,,
589,559,7,7663.61,0.0,,
590,604,4,6117.38,0.0,,
591,609,6,10140.76,0.0,,
592,1000,7,1178.13,0.0,,
593,769,7,3188.21,0.0,,
593,770,2,3289.8,0.0,,
594,2331,5,7546.29,0.0,,
596,725,8,1352.11,0.0,,
596,726,6,1313.9,0.0,,
597,475,8,12715.96,0.0,,
598,739,2,2042.85,0.0,,
598,740,1,2092.81,0.0,,
599,726,1,1352.14,0.0,,
600,725,1,1320.2,0.0,,
601,757,1,878.76,0.0,,
601,758,8,889.6,0.0,,
602,740,8,2076.33,0.0,,
603,739,6,2067.9,0.0,,
605,922,1,5703.25,0.0,,
607,396,6,10874.03,0.0,,
609,604,7,6087.03,0.0,,
610,604,5,6181.96,0.0,,
612,596,8,9265.94,0.0,,
613,433,5,11409.35,0.0,,
614,635,2,10699.55,0.0,,
615,604,6,6035.46,0.0,,
616,964,3,3843.25,0.0,,
618,726,1,1312.18,0.0,,
619,725,4,1353.92,0.0,,
620,445,4,11045.8,0.0,,
621,635,5,10921.47,0.0,,
624,967,1,8047.81,0.0,,
625,906,8,5303.99,0.0,,
628,976,1,3993.12,0.0,,
631,467,3,11296.14,0.0,,
632,606,6,3952.24,0.0,,
633,992,8,3366.41,0.0,,
634,475,7,12721.17,0.0,,
635,989,7,5141.74,0.0,,
636,565,2,11086.57,0.0,,
637,739,8,1977.96,0.0,,
638,740,2,2058.97,0.0,,
639,400,2,9778.53,0.0,,
641,400,1,9414.58,0.0,,
642,826,5,12647.77,0.0,,
643,785,5,699.11,0.0,,
643,786,6,703.21,0.0,,
644,967,7,8079.76,0.0,,
645,596,3,9926.68,0.0,,
646,604,3,6288.43,0.0,,
647,681,8,8840.53,0.0,,
648,967,5,8107.99,0.0,,
649,604,4,6151.93,0.0,,
650,514,7,5597.05,0.0,,
652,475,7,13093.45,0.0,,
654,964,7,3961.05,0.0,,
656,574,4,10935.42,0.0,,
658,604,4,6079.77,0.0,,
659,964,7,3995.02,0.0,,
662,786,3,694.3,0.0,,
663,785,5,702.32,0.0,,
664,396,1,11069.16,0.0,,
665,676,5,9927.12,0.0,,
667,488,4,12680.22,0.0,,
669,826,6,12639.86,0.0,,
670,396,6,11142.22,0.0,,
671,681,4,8834.75,0.0,,
672,475,4,12663.98,0.0,,
673,574,8,10923.04,0.0,,
674,609,8,10637.04,0.0,,
675,631,4,4792.79,0.0,,
676,475,3,12955.15,0.0,,
678,992,2,3423.36,0.0,,
679,915,8,6495.47,0.0,,
680,967,3,7784.8,0.0,,
681,1859,4,1859.7,0.0,,
682,1005,3,1371.24,0.0,,
683,952,4,3239.23,0.0,,
684,767,6,1124.21,0.0,,
684,768,5,1127.12,0.0,,
686,785,8,676.35,0.0,,
687,786,4,691.26,0.0,,
688,676,5,9753.09,0.0,,
689,635,7,10506.87,0.0,,
690,464,8,7561.08,0.0,,
692,785,3,715.15,0.0,,
692,786,8,677.26,0.0,,
695,785,1,687.41,0.0,,
696,573,5,3715.34,0.0,,
697,467,4,10992.64,0.0,,
698,1847,6,1628.22,0.0,,
700,467,2,11401.49,0.0,,
702,635,2,10952.62,0.0,,
703,785,3,696.18,0.0,,
703,786,8,692.2,0.0,,
705,413,6,14671.89,0.0,,
706,467,2,11359.5,0.0,,
707,1818,7,2506.73,0.0,,
708,725,3,1351.58,0.0,,
708,726,1,1350.55,0.0,,
709,606,7,4012.93,0.0,,
712,725,7,1397.74,0.0,,
712,726,3,1361.83,0.0,,
713,895,8,7083.61,0.0,,
714,1000,3,1173.22,0.0,,
715,725,4,1387.25,0.0,,
715,726,1,1342.57,0.0,,
717,445,6,11003.1,0.0,,
718,1847,8,1558.45,0.0,,
719,1818,2,2511.75,0.0,,
720,396,1,10856.15,0.0,,
724,2343,3,5684.81,0.0,,
725,676,8,10315.55,0.0,,
726,2054,3,7225.25,0.0,,
728,753,7,2984.89,0.0,,
729,2064,8,6435.02,0.0,,
731,1227,2,3753.74,0.0,,
732,2396,6,1186.08,0.0,,
733,2082,3,4089.4,0.0,,
734,1186,8,4622.47,0.0,,
736,2082,3,4227.1,0.0,,
738,443,5,10976.41,0.0,,
739,2380,3,3755.5,0.0,,
740,1203,1,3830.62,0.0,,
741,681,4,8742.13,0.0,,
742,2254,5,732.2,0.0,,
743,2255,5,724.13,0.0,,
744,1040,2,13245.04,0.0,,
747,2054,3,7135.42,0.0,,
748,2234,1,820.99,0.0,,
748,2235,3,828.87,0.0,,
751,725,2,1379.9,0.0,,
751,726,4,1339.84,0.0,,
753,1230,3,5985.85,0.0,,
754,1144,8,4993.59,0.0,,
756,725,4,1353.67,0.0,,
756,726,5,1322.03,0.0,,
757,1485,7,4170.77,0.0,,
757,1486,1,4206.37,0.0,,
758,2235,4,816.78,0.0,,
759,2234,2,809.15,0.0,,
760,1191,6,3020.44,0.0,,
762,2343,2,5726.24,0.0,,
763,1182,3,2249.15,0.0,,
764,396,2,10991.33,0.0,,
765,676,3,9910.63,0.0,,
766,2252,3,1610.25,0.0,,
766,2253,2,1686.28,0.0,,
768,658,3,11190.27,0.0,,
769,990,6,5290.98,0.0,,
770,573,8,3764.97,0.0,,
771,1186,8,4714.32,0.0,,
772,1894,1,8400.38,0.0,,
773,1040,5,13481.43,0.0,,
774,2064,8,6611.93,0.0,,
775,445,3,11034.44,0.0,,
779,786,7,694.26,0.0,,
781,596,4,9976.46,0.0,,
782,1040,2,13169.09,0.0,,
783,1014,2,1025.67,0.0,,
784,757,6,903.72,0.0,,
784,758,5,865.57,0.0,,
786,725,8,1318.05,0.0,,
786,726,5,1360.16,0.0,,
787,767,8,1146.43,0.0,,
787,768,5,1136.32,0.0,,
789,1213,6,6172.44,0.0,,
790,1201,8,6865.86,0.0,,
791,2126,7,5591.45,0.0,,
792,1483,7,1000.62,0.0,,
792,1484,4,997.69,0.0,,
793,1431,7,4150.49,0.0,,
793,1432,4,4003.36,0.0,,
794,2263,6,3969.72,0.0,,
795,2262,6,3943.22,0.0,,
796,2081,6,2728.13,0.0,,
797,631,4,4661.35,0.0,,
798,2388,4,3928.42,0.0,,
799,2045,1,5413.55,0.0,,
802,786,5,705.73,0.0,,
803,681,3,8878.58,0.0,,
805,964,1,4026.47,0.0,,
806,596,2,9645.27,0.0,,
807,631,4,4755.95,0.0,,
808,2373,5,7208.25,0.0,,
809,785,6,690.72,0.0,,
809,786,8,691.27,0.0,,
810,786,8,690.39,0.0,,
811,785,7,696.52,0.0,,
812,2159,3,5501.71,0.0,,
813,2331,4,7485.63,0.0,,
814,565,6,10812.46,0.0,,
815,2240,1,1081.95,0.0,,
815,2241,2,1106.24,0.0,,
816,2050,2,5844.15,0.0,,
817,2388,4,3842.27,0.0,,
818,1948,8,3707.17,0.0,,
818,1949,3,3708.57,0.0,,
820,1862,2,2660.54,0.0,,
821,2379,8,2348.24,0.0,,
823,488,7,12961.24,0.0,,
824,2064,4,6484.38,0.0,,
825,396,7,11167.33,0.0,,
826,676,2,9835.65,0.0,,
827,604,7,5984.94,0.0,,
828,396,4,11222.0,0.0,,
829,475,1,12667.02,0.0,,
831,2396,5,1187.13,0.0,,
832,1085,1,1148.64,0.0,,
832,1086,5,1153.6,0.0,,
833,964,4,4054.62,0.0,,
834,676,3,9608.5,0.0,,
835,2332,5,5891.51,0.0,,
836,1229,3,3155.46,0.0,,
838,1111,2,1397.43,0.0,,
838,1112,2,1463.73,0.0,,
839,1490,1,3335.31,0.0,,
840,1489,5,3125.86,0.0,,
841,1451,8,4491.77,0.0,,
841,1452,5,4587.21,0.0,,
842,2352,7,4363.25,0.0,,
845,1818,7,2534.83,0.0,,
846,573,8,3533.21,0.0,,
848,1041,2,11860.51,0.0,,
849,671,3,11229.35,0.0,,
850,964,7,3845.78,0.0,,
851,2254,4,716.61,0.0,,
851,2255,8,700.69,0.0,,
852,1347,1,3851.17,0.0,,
852,1348,5,3755.39,0.0,,
853,1000,7,1215.67,0.0,,
854,1213,7,6117.76,0.0,,
859,915,7,6448.95,0.0,,
860,1915,3,5774.83,0.0,,
861,1213,1,6218.72,0.0,,
862,990,3,5326.06,0.0,,
863,2055,2,7361.19,0.0,,
864,1213,6,6444.48,0.0,,
865,2400,6,1098.62,0.0,,
866,2400,2,1111.27,0.0,,
867,2400,3,1099.13,0.0,,
868,604,7,6171.23,0.0,,
869,2353,5,5284.32,0.0,,
870,989,1,5272.91,0.0,,
871,604,8,5956.29,0.0,,
872,2407,5,959.65,0.0,,
873,687,4,5625.52,0.0,,
874,2240,1,1088.4,0.0,,
875,2241,1,1063.65,0.0,,
876,550,5,5059.13,0.0,,
877,2388,4,3847.64,0.0,,
878,1909,6,2499.76,0.0,,
879,992,1,3483.8,0.0,,
880,992,8,3435.54,0.0,,
881,1215,7,4203.54,0.0,,
882,1188,3,5452.01,0.0,,
883,1978,8,3234.13,0.0,,
883,1979,4,3175.7,0.0,,
885,2373,5,7004.12,0.0,,
888,2388,2,3922.51,0.0,,
889,1131,7,5210.16,0.0,,
890,604,5,6139.06,0.0,,
891,2045,1,5503.27,0.0,,
896,467,8,11318.02,0.0,,
897,2407,8,926.91,0.0,,
898,1168,2,4127.64,0.0,,
899,2149,2,5145.69,0.0,,
900,671,1,11319.96,0.0,,
901,36,8,5653.71,0.0,,
902,467,4,11304.31,0.0,,
903,467,4,10932.35,0.0,,
904,2192,1,2597.31,0.0,,
905,1005,8,1391.32,0.0,,
906,785,5,706.34,0.0,,
906,786,8,686.68,0.0,,
907,1215,6,4150.69,0.0,,
908,1188,8,5646.07,0.0,,
909,967,8,8170.77,0.0,,
910,2055,2,7201.12,0.0,,
911,2240,5,1105.85,0.0,,
913,895,1,7199.16,0.0,,
915,1430,7,3644.94,0.0,,
916,676,6,9953.86,0.0,,
917,485,5,10230.04,0.0,,
918,1927,3,1152.98,0.0,,
919,1926,1,1169.5,0.0,,
920,2353,3,5281.6,0.0,,
922,559,5,7662.93,0.0,,
924,976,2,3900.12,0.0,,
925,2353,7,5126.64,0.0,,
926,2359,5,5572.74,0.0,,
929,1228,4,1634.87,0.0,,
930,1085,4,1166.0,0.0,,
930,1086,7,1178.86,0.0,,
931,2022,6,3025.26,0.0,,
931,2112,3,7048.0,0.0,,
932,2112,3,6822.81,0.0,,
934,635,8,10944.0,0.0,,
935,1186,4,4547.19,0.0,,
936,488,4,12719.98,0.0,,
937,1426,7,3743.45,0.0,,
938,1425,8,3669.46,0.0,,
939,1329,2,1645.03,0.0,,
939,1330,1,1677.57,0.0,,
940,2192,5,2584.45,0.0,,
941,671,8,11335.57,0.0,,
942,2284,4,3986.29,0.0,,
943,2295,6,10930.48,0.0,,
944,2192,7,2689.98,0.0,,
945,2331,7,7493.55,0.0,,
946,2071,1,4002.15,0.0,,
949,2277,8,3359.44,0.0,,
951,606,4,4189.72,0.0,,
952,1173,2,5952.64,0.0,,
953,2064,1,6619.55,0.0,,
955,2359,8,5454.8,0.0,,
956,580,5,9830.25,0.0,,
957,2353,5,5344.98,0.0,,
958,1227,1,3819.42,0.0,,
959,445,4,10584.24,0.0,,
960,1836,4,1742.58,0.0,,
962,964,4,3847.25,0.0,,
963,1086,5,1138.14,0.0,,
964,1085,8,1159.23,0.0,,
965,2145,5,4933.94,0.0,,
966,967,8,8171.88,0.0,,
968,2331,8,7417.01,0.0,,
969,1191,5,3149.89,0.0,,
970,768,5,1194.99,0.0,,
971,767,7,1129.59,0.0,,
972,396,2,10892.99,0.0,,
973,2250,1,1539.0,0.0,,
974,2251,2,1510.46,0.0,,
976,915,2,6710.98,0.0,,
977,1034,7,11091.72,0.0,,
978,2054,8,7160.89,0.0,,
980,1085,3,1143.62,0.0,,
981,1086,1,1113.23,0.0,,
982,1047,4,2777.05,0.0,,
983,1061,6,1807.18,0.0,,
983,1062,8,1803.17,0.0,,
984,671,1,11262.03,0.0,,
986,2373,1,7450.93,0.0,,
987,2388,2,3822.4,0.0,,
988,573,2,3716.14,0.0,,
989,2016,3,3747.57,0.0,,
990,484,5,15361.98,0.0,,
991,565,3,10562.08,0.0,,
992,2388,2,3893.24,0.0,,
993,1978,2,3106.81,0.0,,
993,1979,7,3209.4,0.0,,
994,757,8,872.68,0.0,,
994,758,7,872.23,0.0,,
995,1085,1,1175.57,0.0,,
995,1086,5,1172.74,0.0,,
996,2071,1,4223.49,0.0,,
997,976,3,3767.7,0.0,,
998,702,1,3734.08,0.0,,
999,1173,7,6073.26,0.0,,
1001,786,3,685.17,0.0,,
1002,1201,4,6824.32,0.0,,
1003,445,8,10762.08,0.0,,
1004,2254,5,723.56,0.0,,
1004,2255,3,703.25,0.0,,
1005,2045,3,5736.93,0.0,,
1006,981,6,2007.69,0.0,,
1010,895,8,6997.71,0.0,,
1011,671,8,11240.94,0.0,,
1016,767,3,1096.6,0.0,,
1016,768,1,1197.28,0.0,,
1017,954,7,8336.73,0.0,,
1018,2352,7,4502.37,0.0,,
1019,2253,2,1666.22,0.0,,
1020,2252,1,1592.63,0.0,,
1023,609,6,10391.39,0.0,,
1024,2396,5,1222.94,0.0,,
1025,992,5,3389.38,0.0,,
1026,910,4,5234.4,0.0,,
1027,467,6,11349.1,0.0,,
1028,739,7,2133.91,0.0,,
1028,740,7,2090.29,0.0,,
1030,2016,5,3752.09,0.0,,
1031,2074,4,3996.0,0.0,,
1032,2145,1,4900.65,0.0,,
1033,2016,8,3741.81,0.0,,
1034,2126,7,5319.75,0.0,,
1035,550,3,5125.4,0.0,,
1036,725,2,1325.99,0.0,,
1036,726,6,1333.47,0.0,,
1037,1168,6,4239.83,0.0,,
1039,1916,5,3588.01,0.0,,
1040,635,6,10693.84,0.0,,
1041,467,5,11058.45,0.0,,
1042,725,2,1361.67,0.0,,
1044,981,3,2055.33,0.0,,
1046,2082,4,4040.4,0.0,,
1047,2064,6,6366.45,0.0,,
1048,1859,1,1915.36,0.0,,
1049,1120,7,2296.22,0.0,,
1050,1934,8,1663.82,0.0,,
1050,1935,4,1584.61,0.0,,
1051,609,4,10492.48,0.0,,
1054,467,6,11178.18,0.0,,
1055,1191,2,3316.01,0.0,,
1056,2045,4,5586.81,0.0,,
1058,910,3,5089.89,0.0,,
1060,443,2,10832.76,0.0,,
1061,93,3,12247.76,0.0,,
1062,604,4,6153.93,0.0,,
1063,604,1,6148.87,0.0,,
1064,647,5,10855.88,0.0,,
1065,1215,2,4206.81,0.0,,
1067,726,4,1323.19,0.0,,
1068,725,2,1379.08,0.0,,
1070,2269,3,3943.46,0.0,,
1071,1034,6,11146.58,0.0,,
1073,915,5,6439.39,0.0,,
1074,559,7,7774.53,0.0,,
1075,606,3,3945.28,0.0,,
1076,2083,6,3880.08,0.0,,
1077,580,7,10178.53,0.0,,
1078,2016,2,3733.73,0.0,,
1079,1143,5,6531.75,0.0,,
1081,2252,8,1580.94,0.0,,
1081,2253,8,1577.13,0.0,,
1082,713,5,1947.56,0.0,,
1083,714,4,1893.32,0.0,,
1084,550,2,5202.94,0.0,,
1085,2056,2,3899.95,0.0,,
1087,1818,4,2444.78,0.0,,
1088,921,4,6410.45,0.0,,
1089,573,8,3784.88,0.0,,
1090,915,3,6708.89,0.0,,
1091,604,5,5908.74,0.0,,
1091,609,6,10288.39,0.0,,
1092,604,5,6286.54,0.0,,
1093,767,1,1116.18,0.0,,
1093,768,4,1128.51,0.0,,
1094,565,1,10704.87,0.0,,
1096,992,1,3406.55,0.0,,
1097,1966,6,2976.32,0.0,,
1097,1967,8,2913.5,0.0,,
1098,671,2,10745.97,0.0,,
1099,910,1,5232.81,0.0,,
1101,966,6,5845.16,0.0,,
1102,1041,5,12285.23,0.0,,
1103,676,5,10039.18,0.0,,
1104,2332,3,5615.07,0.0,,
1105,609,8,10461.02,0.0,,
1107,1040,6,13193.76,0.0,,
1108,2047,7,4513.38,0.0,,
1109,671,8,11337.15,0.0,,
1110,2332,6,5643.65,0.0,,
1111,396,1,11082.76,0.0,,
1112,992,8,3416.32,0.0,,
1113,729,6,3861.64,0.0,,
1113,730,6,3723.05,0.0,,
1114,1075,8,3031.19,0.0,,
1114,1076,3,3118.22,0.0,,
1115,979,5,4699.8,0.0,,
1117,915,1,6738.84,0.0,,
1119,2204,2,1785.97,0.0,,
1119,2205,3,1823.49,0.0,,
1122,2332,2,5900.62,0.0,,
1125,596,7,9665.86,0.0,,
1126,966,2,5538.99,0.0,,
1126,1847,4,1592.21,0.0,,
1127,964,2,3970.39,0.0,,
1129,475,7,12990.28,0.0,,
1132,2091,4,2025.51,0.0,,
1133,1000,1,1171.15,0.0,,
1134,676,8,9901.9,0.0,,
1135,826,8,12643.15,0.0,,
1136,725,7,1342.73,0.0,,
1136,726,2,1348.57,0.0,,
1138,1184,1,7623.48,0.0,,
1139,1182,3,2199.58,0.0,,
1140,596,6,9686.75,0.0,,
1141,1203,8,3943.05,0.0,,
1142,936,3,6190.74,0.0,,
1146,964,7,3916.51,0.0,,
1146,2016,5,3816.07,0.0,,
1147,915,4,6583.04,0.0,,
1149,604,1,6063.13,0.0,,
1150,910,1,5265.51,0.0,,
1151,1213,6,6130.62,0.0,,
1153,910,4,4978.03,0.0,,
1154,1436,6,4081.74,0.0,,
1155,2234,8,834.35,0.0,,
1156,1435,3,4010.31,0.0,,
1156,2235,3,815.64,0.0,,
1157,1489,5,3299.79,0.0,,
1158,1490,1,3261.25,0.0,,
1160,966,5,5869.62,0.0,,
1162,1451,8,4518.56,0.0,,
1164,573,3,3784.19,0.0,,
1165,396,5,10954.3,0.0,,
1166,635,4,10886.96,0.0,,
1167,725,1,1329.84,0.0,,
1167,726,6,1348.01,0.0,,
1168,2205,1,1748.98,0.0,,
1169,2204,1,1766.6,0.0,,
1170,550,6,5200.28,0.0,,
1171,671,1,11221.22,0.0,,
1172,1450,1,1802.4,0.0,,
1173,1449,5,1798.37,0.0,,
1174,1435,3,3905.78,0.0,,
1174,1436,4,4101.49,0.0,,
1175,1000,6,1217.73,0.0,,
1176,725,3,1322.3,0.0,,
1176,726,3,1328.81,0.0,,
1177,532,6,6816.32,0.0,,
1178,482,2,7799.02,0.0,,
1180,488,3,12266.74,0.0,,
1181,910,2,5122.28,0.0,,
1182,484,1,15172.45,0.0,,
1182,609,5,10611.05,0.0,,
1183,964,3,3831.29,0.0,,
1184,1000,6,1232.18,0.0,,
1184,1014,8,1049.16,0.0,,
1185,443,7,10961.72,0.0,,
1186,512,5,2844.55,0.0,,
1188,1000,5,1171.91,0.0,,
1190,396,8,11353.62,0.0,,
1191,635,8,10911.26,0.0,,
1192,906,4,5018.23,0.0,,
1194,2055,5,7293.03,0.0,,
1195,1230,8,5608.6,0.0,,
1197,580,4,9778.67,0.0,,
1198,671,3,11453.15,0.0,,
1199,769,5,3432.5,0.0,,
1199,770,7,3274.3,0.0,,
1200,574,6,10910.95,0.0,,
1201,1057,3,1579.75,0.0,,
1201,1058,1,1611.31,0.0,,
1202,596,6,9192.25,0.0,,
1203,1201,6,6545.14,0.0,,
1204,2380,6,3739.0,0.0,,
1206,1229,5,3037.29,0.0,,
1208,600,7,9102.85,0.0,,
1209,604,6,6138.03,0.0,,
1211,2254,3,710.18,0.0,,
1211,2255,6,716.01,0.0,,
1213,826,8,12797.37,0.0,,
1214,635,8,11091.96,0.0,,
1217,726,1,1396.39,0.0,,
1218,725,4,1340.43,0.0,,
1219,757,6,890.95,0.0,,
1221,596,2,9689.72,0.0,,
1223,2205,2,1793.55,0.0,,
1224,2204,5,1784.13,0.0,,
1225,757,3,921.21,0.0,,
1225,758,6,857.76,0.0,,
1226,1000,4,1165.82,0.0,,
1227,915,3,6814.45,0.0,,
1228,966,3,5660.6,0.0,,
1232,635,3,10874.96,0.0,,
1233,739,1,2110.79,0.0,,
1233,740,3,2100.38,0.0,,
1234,574,2,10884.44,0.0,,
1235,1000,2,1153.87,0.0,,
1237,964,5,4046.09,0.0,,
1238,475,3,12395.37,0.0,,
1239,2407,8,927.7,0.0,,
1241,767,1,1181.35,0.0,,
1241,768,7,1107.98,0.0,,
1242,671,1,10781.17,0.0,,
1243,2388,6,3883.6,0.0,,
1244,936,1,6279.5,0.0,,
1246,2388,4,3825.39,0.0,,
1247,2280,8,1967.25,0.0,,
1248,976,3,3850.31,0.0,,
1251,635,6,10141.74,0.0,,
1252,676,2,9441.69,0.0,,
1253,635,2,10655.32,0.0,,
1254,826,1,13277.91,0.0,,
1255,2192,6,2627.57,0.0,,
1256,676,5,9762.12,0.0,,
1257,2380,6,3692.3,0.0,,
1258,1061,4,1710.31,0.0,,
1258,1062,2,1819.08,0.0,,
1260,691,6,4779.3,0.0,,
1261,826,6,12968.4,0.0,,
1262,609,7,10793.77,0.0,,
1263,396,8,11024.09,0.0,,
1264,1114,8,2085.22,0.0,,
1265,713,6,2011.64,0.0,,
1266,714,5,1936.35,0.0,,
1267,964,6,3991.71,0.0,,
1268,2359,5,5481.58,0.0,,
1271,676,8,9795.4,0.0,,
1272,1203,5,3771.95,0.0,,
1273,726,2,1332.49,0.0,,
1274,725,6,1304.02,0.0,,
1275,676,6,9996.28,0.0,,
1276,967,7,8258.61,0.0,,
1277,976,2,4080.52,0.0,,
1278,992,3,3410.67,0.0,,
1279,559,4,7734.16,0.0,,
1280,981,5,2107.68,0.0,,
1281,915,4,6615.51,0.0,,
1283,796,3,3376.56,0.0,,
1284,795,8,3380.41,0.0,,
1285,1781,5,6689.15,0.0,,
1287,475,1,12701.62,0.0,,
1288,647,8,11016.4,0.0,,
1290,795,1,3403.01,0.0,,
1291,533,7,6059.83,0.0,,
1292,676,3,9518.15,0.0,,
1293,600,7,9376.57,0.0,,
1294,2388,2,3688.17,0.0,,
1297,512,3,2948.7,0.0,,
1298,443,8,10506.47,0.0,,
1299,964,3,3874.72,0.0,,
1301,787,8,3880.42,0.0,,
1302,1000,6,1216.52,0.0,,
1303,785,1,675.37,0.0,,
1303,786,4,721.59,0.0,,
1304,1000,2,1166.05,0.0,,
1305,2005,7,3748.64,0.0,,
1307,1203,5,3880.94,0.0,,
1308,1974,7,679.92,0.0,,
1308,1975,6,688.68,0.0,,
1309,2005,2,3671.06,0.0,,
1310,1174,8,7058.82,0.0,,
1311,606,6,4048.08,0.0,,
1312,964,4,3940.07,0.0,,
1313,1034,2,10845.66,0.0,,
1314,1041,7,12056.66,0.0,,
1315,467,3,11403.25,0.0,,
1316,596,8,9451.08,0.0,,
1317,770,7,3232.38,0.0,,
1318,769,5,3283.71,0.0,,
1319,645,3,9071.8,0.0,,
1320,910,3,5253.46,0.0,,
1321,2227,3,4126.75,0.0,,
1322,2226,7,3951.0,0.0,,
1323,573,8,3726.13,0.0,,
1324,1351,6,3915.75,0.0,,
1325,1352,8,3857.43,0.0,,
1326,785,5,692.75,0.0,,
1327,785,6,701.08,0.0,,
1327,786,5,723.03,0.0,,
1328,786,6,716.33,0.0,,
1329,769,7,3323.54,0.0,,
1333,729,6,3799.9,0.0,,
1333,730,1,3731.4,0.0,,
1334,964,4,3896.69,0.0,,
1335,559,8,7551.04,0.0,,
1337,1201,1,7002.8,0.0,,
1338,484,4,15676.26,0.0,,
1339,1053,8,3354.48,0.0,,
1340,2343,1,5753.75,0.0,,
1341,604,4,6137.46,0.0,,
1343,819,5,14699.16,0.0,,
1345,604,7,6032.58,0.0,,
1346,133,8,8734.53,0.0,,
1347,609,3,10281.12,0.0,,
1348,964,4,3951.85,0.0,,
1349,2270,2,3788.49,0.0,,
1350,1431,4,4059.96,0.0,,
1350,1432,5,4079.66,0.0,,
1351,2270,1,3840.07,0.0,,
1352,1182,4,2168.32,0.0,,
1354,596,4,9170.54,0.0,,
1355,691,7,4778.16,0.0,,
1356,574,1,11351.35,0.0,,
1357,512,6,2948.42,0.0,,
1358,2234,7,799.4,0.0,,
1358,2235,5,797.94,0.0,,
1359,976,3,3906.32,0.0,,
1360,2252,8,1718.48,0.0,,
1361,2253,1,1584.3,0.0,,
1362,1935,5,1660.14,0.0,,
1364,2277,2,3360.28,0.0,,
1366,2332,6,5594.39,0.0,,
1368,1426,4,3800.89,0.0,,
1369,1168,7,4251.72,0.0,,
1371,2094,3,5223.07,0.0,,
1372,1186,6,4610.89,0.0,,
1373,467,4,10978.73,0.0,,
1376,565,1,10647.11,0.0,,
1378,1230,1,5960.67,0.0,,
1379,2388,3,3856.33,0.0,,
1380,2331,1,7366.88,0.0,,
1381,2331,4,7487.16,0.0,,
1383,609,4,10625.25,0.0,,
1384,475,5,12819.27,0.0,,
1385,964,5,3873.12,0.0,,
1387,1934,7,1570.06,0.0,,
1388,1935,7,1532.51,0.0,,
1389,671,6,11381.35,0.0,,
1391,671,2,10846.4,0.0,,
1392,2388,4,3798.21,0.0,,
1395,622,5,9775.67,0.0,,
1396,565,3,10601.52,0.0,,
1397,631,5,4762.3,0.0,,
1398,910,7,5307.14,0.0,,
1399,559,1,7513.88,0.0,,
1400,2091,7,1982.22,0.0,,
1401,2252,8,1565.06,0.0,,
1402,2253,4,1592.87,0.0,,
1403,976,8,3950.72,0.0,,
1404,2379,8,2290.91,0.0,,
1405,2371,5,7021.78,0.0,,
1406,1351,1,3846.68,0.0,,
1406,1352,8,3933.75,0.0,,
1407,954,7,8072.3,0.0,,
1408,1201,1,6986.99,0.0,,
1409,2280,6,2024.78,0.0,,
1410,2251,7,1484.41,0.0,,
1411,2250,4,1453.39,0.0,,
1412,964,3,3859.21,0.0,,
1414,1210,7,7065.19,0.0,,
1415,1942,3,1490.15,0.0,,
1415,1943,6,1519.75,0.0,,
1416,604,6,6142.08,0.0,,
1417,2153,7,6544.94,0.0,,
1419,1975,3,711.19,0.0,,
1420,1974,1,699.77,0.0,,
1422,786,4,697.13,0.0,,
1423,785,5,702.8,0.0,,
1424,550,8,5204.13,0.0,,
1425,2250,4,1524.38,0.0,,
1425,2251,4,1482.52,0.0,,
1426,992,6,3352.78,0.0,,
1427,1114,2,2073.62,0.0,,
1428,1920,7,3272.3,0.0,,
1429,2343,2,5687.98,0.0,,
1430,510,1,11122.83,0.0,,
1431,681,2,9240.95,0.0,,
1432,915,2,6454.57,0.0,,
1433,725,6,1334.38,0.0,,
1433,726,5,1389.04,0.0,,
1434,559,8,7683.26,0.0,,
1435,559,1,7770.3,0.0,,
1436,2081,4,2786.67,0.0,,
1437,1061,7,1715.98,0.0,,
1437,1062,4,1761.34,0.0,,
1440,574,5,11115.67,0.0,,
1441,676,1,9917.35,0.0,,
1442,2343,7,5700.56,0.0,,
1445,565,3,10100.6,0.0,,
1446,443,3,10674.97,0.0,,
1447,606,2,4019.83,0.0,,
1449,2359,5,5402.11,0.0,,
1450,512,8,2932.51,0.0,,
1451,635,5,10517.49,0.0,,
1454,725,7,1333.77,0.0,,
1454,726,4,1353.37,0.0,,
1455,989,7,5278.91,0.0,,
1456,1203,2,3973.44,0.0,,
1457,495,4,8523.58,0.0,,
1459,396,2,10829.2,0.0,,
1460,990,4,5337.73,0.0,,
1463,443,8,11008.96,0.0,,
1464,954,3,8398.86,0.0,,
1465,580,1,9944.37,0.0,,
1466,499,3,11309.51,0.0,,
1466,647,1,10755.87,0.0,,
1469,964,4,3731.66,0.0,,
1470,767,5,1177.44,0.0,,
1471,768,5,1178.67,0.0,,
1474,573,3,3798.07,0.0,,
1476,2054,8,7258.17,0.0,,
1477,1232,7,4596.09,0.0,,
1478,2379,7,2276.45,0.0,,
1480,2050,5,6095.97,0.0,,
1481,2373,8,7276.17,0.0,,
1485,1227,1,3828.32,0.0,,
1487,2352,3,4400.5,0.0,,
1489,933,3,6951.88,0.0,,
1490,609,4,10324.8,0.0,,
1492,1005,8,1431.36,0.0,,
1493,910,7,5011.95,0.0,,
1494,757,1,888.04,0.0,,
1494,758,6,896.41,0.0,,
1496,992,6,3397.45,0.0,,
1497,992,2,3406.81,0.0,,
1498,396,7,11206.28,0.0,,
1499,596,2,9534.49,0.0,,
1503,826,5,12836.09,0.0,,
1504,2255,8,694.65,0.0,,
1505,2254,8,721.98,0.0,,
1507,573,1,3612.24,0.0,,
1508,1298,1,4459.72,0.0,,
1509,976,2,4000.86,0.0,,
1510,1017,3,3393.7,0.0,,
1511,499,5,11450.28,0.0,,
1512,1203,6,3852.5,0.0,,
1512,1230,8,5706.5,0.0,,
1513,1227,3,3835.56,0.0,,
1514,596,6,9746.7,0.0,,
1517,2241,2,1023.95,0.0,,
1519,2379,7,2300.94,0.0,,
1520,2054,5,7161.75,0.0,,
1521,910,3,5122.41,0.0,,
1521,954,8,8017.44,0.0,,
1522,1000,3,1209.05,0.0,,
1523,267,8,4034.48,0.0,,
1524,976,2,4084.43,0.0,,
1526,443,7,10664.0,0.0,,
1527,467,3,11306.23,0.0,,
1528,635,6,10581.04,0.0,,
1530,992,3,3367.7,0.0,,
1531,1000,8,1223.2,0.0,,
1532,1086,7,1166.8,0.0,,
1533,1085,4,1163.93,0.0,,
1534,443,8,11079.23,0.0,,
1535,2396,4,1176.64,0.0,,
1536,895,3,7156.06,0.0,,
1539,910,2,5473.06,0.0,,
1541,725,8,1346.86,0.0,,
1541,726,5,1310.17,0.0,,
1542,606,1,4088.48,0.0,,
1543,1490,4,3327.08,0.0,,
1544,1489,7,3282.11,0.0,,
1545,1005,3,1363.5,0.0,,
1547,488,7,12755.19,0.0,,
1547,596,5,10009.09,0.0,,
1548,2145,2,4707.79,0.0,,
1549,2149,7,5030.32,0.0,,
1550,606,8,4069.02,0.0,,
1551,1014,8,1017.6,0.0,,
1552,1014,4,1063.2,0.0,,
1553,499,5,11608.8,0.0,,
1554,426,2,11585.78,0.0,,
1555,475,7,12702.98,0.0,,
1557,1188,5,5593.78,0.0,,
1558,1186,4,4523.02,0.0,,
1559,396,4,10873.36,0.0,,
1561,964,5,3847.95,0.0,,
1562,1000,8,1204.15,0.0,,
1563,443,5,11029.75,0.0,,
1564,658,3,11323.92,0.0,,
1565,976,1,3886.11,0.0,,
1567,573,4,3822.67,0.0,,
1568,1041,2,12065.71,0.0,,
1569,1040,7,13579.1,0.0,,
1571,739,3,2109.35,0.0,,
1571,740,4,1990.79,0.0,,
1572,1085,4,1129.5,0.0,,
1572,1086,6,1141.75,0.0,,
1573,596,7,9755.77,0.0,,
1574,609,8,9985.16,0.0,,
1575,976,2,4057.1,0.0,,
1576,488,7,13443.71,0.0,,
1578,967,5,8072.2,0.0,,
1579,1174,5,6906.86,0.0,,
1580,609,4,10090.73,0.0,,
1581,954,7,8413.8,0.0,,
1582,512,6,2814.52,0.0,,
1583,635,1,11002.57,0.0,,
1584,2064,4,6589.68,0.0,,
1585,559,8,7548.54,0.0,,
1586,757,3,877.19,0.0,,
1586,758,5,911.21,0.0,,
1587,1213,8,6207.1,0.0,,
1588,573,1,3759.82,0.0,,
1589,910,8,5207.15,0.0,,
1591,819,7,14679.51,0.0,,
1592,467,5,11207.06,0.0,,
1593,785,2,700.55,0.0,,
1594,786,7,692.97,0.0,,
1595,1915,4,6066.73,0.0,,
1596,2074,5,3978.72,0.0,,
1598,966,4,5935.32,0.0,,
1599,1975,6,710.83,0.0,,
1600,1974,2,704.55,0.0,,
1601,1139,2,7952.28,0.0,,
1603,2070,6,6153.75,0.0,,
1604,992,6,3475.22,0.0,,
1605,826,6,12599.81,0.0,,
1606,1201,3,6753.72,0.0,,
1608,2396,8,1179.56,0.0,,
1609,1227,7,3718.68,0.0,,
1610,2071,8,4105.47,0.0,,
1611,895,8,7039.58,0.0,,
1612,488,4,13297.62,0.0,,
1613,1041,7,12014.38,0.0,,
1615,1085,7,1116.19,0.0,,
1616,676,1,10241.94,0.0,,
1617,512,5,2881.51,0.0,,
1618,512,7,2825.91,0.0,,
1619,1040,1,13049.09,0.0,,
1620,819,1,14230.81,0.0,,
1622,467,2,11100.26,0.0,,
1623,604,3,6137.78,0.0,,
1625,910,6,5415.0,0.0,,
1626,826,2,12559.57,0.0,,
1627,2352,8,4396.83,0.0,,
1628,2359,8,5163.11,0.0,,
1629,966,3,5860.97,0.0,,
1630,2169,5,6392.15,0.0,,
1631,671,2,11278.23,0.0,,
1632,787,3,3829.95,0.0,,
1633,788,4,3809.39,0.0,,
1634,2371,3,6835.73,0.0,,
1635,964,3,3947.32,0.0,,
1636,2054,3,7034.39,0.0,,
1638,400,3,9598.49,0.0,,
1639,2280,8,1915.49,0.0,,
1640,1870,7,10464.23,0.0,,
1641,647,1,10988.25,0.0,,
1642,1360,5,4725.25,0.0,,
1643,1359,3,4546.92,0.0,,
1644,740,3,2027.02,0.0,,
1646,713,5,1906.81,0.0,,
1646,714,2,1946.92,0.0,,
1647,788,6,3799.13,0.0,,
1648,787,7,3663.41,0.0,,
1651,826,5,12315.78,0.0,,
1652,796,3,3360.19,0.0,,
1652,1148,4,3721.49,0.0,,
1653,795,7,3457.31,0.0,,
1654,1329,4,1635.18,0.0,,
1654,1330,6,1670.74,0.0,,
1656,2343,2,5565.04,0.0,,
1657,1862,1,2631.11,0.0,,
1658,967,1,8219.45,0.0,,
1659,910,6,5124.12,0.0,,
1660,914,6,6781.94,0.0,,
1663,767,7,1162.79,0.0,,
1663,768,4,1162.13,0.0,,
1664,2056,2,4135.04,0.0,,
1665,725,4,1316.33,0.0,,
1665,726,3,1331.25,0.0,,
1666,786,3,696.08,0.0,,
1666,788,8,3788.95,0.0,,
1667,785,2,692.23,0.0,,
1667,787,3,3772.46,0.0,,
1668,786,8,691.13,0.0,,
1669,785,3,683.79,0.0,,
1670,786,1,709.11,0.0,,
1672,499,3,11167.0,0.0,,
1673,802,6,2043.26,0.0,,
1674,758,3,909.41,0.0,,
1675,757,2,879.45,0.0,,
1676,729,8,3602.76,0.0,,
1676,730,2,3872.22,0.0,,
1677,400,8,9882.25,0.0,,
1678,2359,2,5530.78,0.0,,
1679,936,4,6131.47,0.0,,
1680,2016,6,3819.33,0.0,,
1681,1182,6,2245.15,0.0,,
1682,767,5,1114.58,0.0,,
1682,768,6,1118.21,0.0,,
1684,2053,6,4020.36,0.0,,
1686,622,4,9776.7,0.0,,
1689,1085,6,1160.61,0.0,,
1689,1086,5,1143.21,0.0,,
1690,910,7,5329.49,0.0,,
1691,2388,7,3850.55,0.0,,
1693,819,2,15099.49,0.0,,
1695,574,4,11022.07,0.0,,
1696,2046,4,5060.14,0.0,,
1697,396,5,11005.69,0.0,,
1699,2005,5,3776.52,0.0,,
1700,606,5,4046.36,0.0,,
1701,2064,8,6303.94,0.0,,
1702,2240,2,1077.98,0.0,,
1702,2241,3,1073.73,0.0,,
1703,635,8,11024.12,0.0,,
1704,604,7,6087.32,0.0,,
1705,382,2,11147.67,0.0,,
1706,1916,6,3640.04,0.0,,
1709,1000,1,1153.45,0.0,,
1710,725,6,1335.64,0.0,,
1711,726,3,1317.36,0.0,,
1712,573,6,3736.04,0.0,,
1713,635,5,10531.24,0.0,,
1714,785,8,697.35,0.0,,
1714,786,2,684.03,0.0,,
1715,2070,4,6343.17,0.0,,
1716,2071,1,4204.16,0.0,,
1717,609,5,10159.61,0.0,,
1718,2384,7,7878.1,0.0,,
1719,691,2,4623.75,0.0,,
1720,1000,2,1178.45,0.0,,
1722,604,7,6285.68,0.0,,
1724,596,3,9616.21,0.0,,
1725,739,3,2096.87,0.0,,
1725,740,3,2120.57,0.0,,
1726,510,6,11223.17,0.0,,
1727,768,7,1174.13,0.0,,
1728,767,8,1166.53,0.0,,
1729,910,6,5203.61,0.0,,
1730,725,4,1341.18,0.0,,
1731,726,1,1371.92,0.0,,
1732,2343,5,5649.23,0.0,,
1734,2373,6,7287.46,0.0,,
1735,1191,6,3193.55,0.0,,
1738,1173,2,6118.94,0.0,,
1740,785,3,681.14,0.0,,
1740,786,4,706.48,0.0,,
1742,770,1,3278.32,0.0,,
1743,769,8,3329.69,0.0,,
1744,725,5,1312.68,0.0,,
1744,726,5,1366.32,0.0,,
1746,2055,3,7295.86,0.0,,
1747,1934,5,1616.54,0.0,,
1747,1935,6,1587.36,0.0,,
1748,559,5,7634.36,0.0,,
1751,2343,7,5770.04,0.0,,
1753,1131,1,5179.32,0.0,,
1756,596,1,9394.12,0.0,,
1757,609,1,10687.27,0.0,,
1758,1203,6,3869.94,0.0,,
1759,467,1,10815.98,0.0,,
1760,1490,8,3272.82,0.0,,
1761,1489,4,3327.36,0.0,,
1762,2270,1,3767.85,0.0,,
1763,2400,4,1108.29,0.0,,
1764,2074,6,4068.14,0.0,,
1765,2005,1,3802.59,0.0,,
1766,826,8,12685.25,0.0,,
1766,2384,4,7755.4,0.0,,
1767,992,6,3414.25,0.0,,
1769,2331,3,7508.73,0.0,,
1770,767,7,1154.24,0.0,,
1770,768,1,1121.44,0.0,,
1771,2071,8,4151.5,0.0,,
1772,2045,8,5610.73,0.0,,
1774,1120,8,2213.85,0.0,,
1777,940,4,7995.56,0.0,,
1778,1109,2,2570.4,0.0,,
1778,1110,7,2589.63,0.0,,
1780,512,6,2907.16,0.0,,
1781,512,1,2853.53,0.0,,
1783,574,3,11208.58,0.0,,
1784,647,1,11255.4,0.0,,
1785,990,8,5396.57,0.0,,
1787,647,5,11117.0,0.0,,
1789,1139,3,8389.04,0.0,,
1790,1203,6,3812.78,0.0,,
1791,976,1,3939.75,0.0,,
1792,2331,2,7499.62,0.0,,
1793,671,6,11276.57,0.0,,
1794,574,5,10621.38,0.0,,
1795,676,4,9849.19,0.0,,
1796,606,5,4098.93,0.0,,
1797,467,5,11049.96,0.0,,
1798,671,5,11185.48,0.0,,
1799,2396,1,1161.31,0.0,,
1800,604,7,6089.29,0.0,,
1802,1916,2,3651.47,0.0,,
1803,671,1,11379.59,0.0,,
1804,2174,5,4968.58,0.0,,
1805,981,8,2014.84,0.0,,
1806,1229,3,3157.23,0.0,,
1807,550,8,5126.68,0.0,,
1808,910,8,5287.94,0.0,,
1809,976,2,3953.65,0.0,,
1811,2352,5,4606.52,0.0,,
1812,2250,5,1493.68,0.0,,
1812,2251,7,1562.81,0.0,,
1813,826,3,12638.79,0.0,,
1814,976,1,4082.03,0.0,,
1815,400,2,9710.03,0.0,,
1817,757,8,937.59,0.0,,
1817,758,2,885.89,0.0,,
1818,826,6,12448.07,0.0,,
1819,976,4,3970.27,0.0,,
1821,512,2,2895.46,0.0,,
1822,826,7,13104.47,0.0,,
1823,1934,1,1609.45,0.0,,
1824,1935,2,1569.67,0.0,,
1825,1213,7,5990.4,0.0,,
1826,1061,3,1751.36,0.0,,
1826,1062,8,1804.32,0.0,,
1827,2332,1,5818.18,0.0,,
1829,2064,3,6605.72,0.0,,
1830,2241,3,1085.77,0.0,,
1831,2240,1,1094.22,0.0,,
1832,758,3,887.33,0.0,,
1834,785,1,710.01,0.0,,
1835,786,4,712.29,0.0,,
1837,2081,1,2640.9,0.0,,
1838,596,7,9250.75,0.0,,
1839,2252,2,1603.64,0.0,,
1839,2253,1,1645.27,0.0,,
1840,635,1,10774.88,0.0,,
1841,2400,3,1111.07,0.0,,
1842,2284,4,3747.68,0.0,,
1843,2145,8,4739.66,0.0,,
1846,1182,5,2203.54,0.0,,
1847,1006,5,1112.45,0.0,,
1848,681,3,8817.79,0.0,,
1850,2331,5,7087.09,0.0,,
1851,510,3,10974.08,0.0,,
1853,1227,3,3738.62,0.0,,
1854,2083,3,3918.92,0.0,,
1856,1182,4,2209.9,0.0,,
1858,2270,3,3819.53,0.0,,
1859,786,8,686.62,0.0,,
1860,785,4,721.61,0.0,,
1861,1859,1,1913.49,0.0,,
1862,2332,7,5644.22,0.0,,
1863,2400,4,1071.53,0.0,,
1864,635,4,10896.04,0.0,,
1866,2359,7,5203.57,0.0,,
1867,467,3,10826.75,0.0,,
1868,618,8,14166.98,0.0,,
1869,596,5,9610.82,0.0,,
1870,1201,2,6838.9,0.0,,
1870,1751,7,8024.54,0.0,,
1871,990,6,5584.31,0.0,,
1872,1000,8,1180.01,0.0,,
1873,2012,5,4695.18,0.0,,
1874,1144,7,4874.95,0.0,,
1875,1436,5,3888.08,0.0,,
1877,964,6,3811.59,0.0,,
1878,1003,7,1058.21,0.0,,
1879,725,3,1334.01,0.0,,
1880,726,5,1316.72,0.0,,
1881,1001,6,4850.26,0.0,,
1882,1075,7,3146.56,0.0,,
1882,1076,5,3013.68,0.0,,
1883,396,2,10901.69,0.0,,
1884,2353,5,5188.81,0.0,,
1885,631,2,4632.91,0.0,,
1886,443,1,10819.19,0.0,,
1887,1174,2,6818.62,0.0,,
1888,600,3,9323.65,0.0,,
1890,992,1,3552.16,0.0,,
1891,964,2,4007.0,0.0,,
1892,2352,7,4507.28,0.0,,
1893,915,1,6565.93,0.0,,
1894,981,4,1990.46,0.0,,
1896,1182,6,2285.33,0.0,,
1897,467,6,11284.52,0.0,,
1899,964,8,3821.95,0.0,,
1900,1182,2,2230.29,0.0,,
1902,990,3,5385.78,0.0,,
1903,676,2,10087.12,0.0,,
1904,1000,4,1197.45,0.0,,
1905,1000,3,1218.5,0.0,,
1907,816,1,4651.88,0.0,,
1909,1182,6,2227.89,0.0,,
1910,467,1,11202.96,0.0,,
1911,467,1,11174.91,0.0,,
1912,1974,2,686.77,0.0,,
1912,1975,5,685.09,0.0,,
1913,1990,2,3147.92,0.0,,
1914,2277,5,3482.72,0.0,,
1915,592,2,11392.31,0.0,,
1917,992,2,3355.74,0.0,,
1918,550,8,5036.2,0.0,,
1919,671,1,11094.65,0.0,,
1920,2056,8,3832.86,0.0,,
1921,658,6,10893.38,0.0,,
1923,954,6,8107.99,0.0,,
1924,702,5,3706.12,0.0,,
1926,676,3,9876.15,0.0,,
1927,940,1,8371.21,0.0,,
1929,2352,6,4361.91,0.0,,
1930,786,8,696.43,0.0,,
1931,785,6,693.02,0.0,,
1932,786,4,694.44,0.0,,
1934,1232,2,4613.45,0.0,,
1935,606,2,3931.44,0.0,,
1936,1298,2,4515.12,0.0,,
1937,1232,8,4565.33,0.0,,
1938,2400,3,1118.36,0.0,,
1939,2046,5,5266.34,0.0,,
1942,2359,2,5472.14,0.0,,
1945,2380,5,3805.58,0.0,,
1950,1000,4,1167.27,0.0,,
1951,676,2,9850.53,0.0,,
1953,2396,8,1212.27,0.0,,
1955,2005,4,3710.39,0.0,,
1957,787,4,3778.64,0.0,,
1958,788,5,3629.64,0.0,,
1964,433,8,11331.58,0.0,,
1965,1991,2,3868.58,0.0,,
1966,2046,3,5269.69,0.0,,
1967,676,3,9882.51,0.0,,
1968,635,4,10578.4,0.0,,
1969,635,2,10599.52,0.0,,
1970,475,1,12432.08,0.0,,
1971,739,4,2038.61,0.0,,
1972,740,7,2100.02,0.0,,
1972,1191,3,3303.14,0.0,,
1973,1916,4,3422.84,0.0,,
1974,726,2,1333.91,0.0,,
1975,725,5,1347.77,0.0,,
1976,2045,6,5434.83,0.0,,
1977,966,2,5826.68,0.0,,
1978,785,5,685.83,0.0,,
1979,786,3,711.99,0.0,,
1980,2388,5,3796.1,0.0,,
1981,2050,6,6092.66,0.0,,
1983,1062,3,1791.08,0.0,,
1984,1061,1,1771.71,0.0,,
1984,1062,3,1798.18,0.0,,
1985,895,6,7046.45,0.0,,
1991,485,5,10608.72,0.0,,
1992,635,8,10763.92,0.0,,
1993,725,8,1352.14,0.0,,
1993,795,3,3277.57,0.0,,
1995,647,4,10850.57,0.0,,
1997,725,4,1340.71,0.0,,
1999,2064,6,6478.74,0.0,,
2000,1920,6,3319.67,0.0,,
2001,1000,1,1132.52,0.0,,
2002,785,2,720.33,0.0,,
2004,725,3,1336.76,0.0,,
2005,726,6,1314.42,0.0,,
2006,2199,5,2397.56,0.0,,
2007,573,5,3838.43,0.0,,
2009,510,7,11208.23,0.0,,
2010,1150,4,5376.82,0.0,,
2012,687,5,5803.06,0.0,,
2013,734,7,4337.62,0.0,,
2014,733,1,4258.24,0.0,,
2015,754,5,2972.22,0.0,,
2017,1916,7,3680.39,0.0,,
2018,1859,2,1946.09,0.0,,
2019,1915,3,5741.99,0.0,,
2020,2145,2,4658.35,0.0,,
2022,635,6,10460.49,0.0,,
2023,676,1,9922.85,0.0,,
2024,1061,2,1786.87,0.0,,
2024,1062,2,1826.4,0.0,,
2025,729,1,3787.54,0.0,,
2026,730,8,3851.61,0.0,,
2027,785,4,694.26,0.0,,
2028,786,1,687.12,0.0,,
2029,676,5,10206.39,0.0,,
2031,609,7,10447.82,0.0,,
2032,671,5,11133.21,0.0,,
2033,604,2,6231.57,0.0,,
2034,606,8,3955.94,0.0,,
2035,559,3,7553.38,0.0,,
2036,2352,8,4517.91,0.0,,
2041,967,3,8181.73,0.0,,
2042,609,7,10151.51,0.0,,
2043,1818,2,2587.19,0.0,,
2045,758,8,894.4,0.0,,
2046,757,6,877.7,0.0,,
2048,990,5,5329.97,0.0,,
2049,2054,5,7081.06,0.0,,
2050,2343,6,5689.71,0.0,,
2051,1926,7,1165.78,0.0,,
2051,1927,6,1102.75,0.0,,
2052,989,5,5008.61,0.0,,
2053,2056,2,4154.15,0.0,,
2055,768,3,1152.98,0.0,,
2056,2396,1,1190.83,0.0,,
2057,1230,1,5716.65,0.0,,
2059,2388,8,3873.5,0.0,,
2062,445,2,11013.92,0.0,,
2063,1765,5,2264.85,0.0,,
2064,445,4,10707.09,0.0,,
2065,2240,2,1063.69,0.0,,
2065,2241,7,1076.16,0.0,,
2066,2384,2,7849.09,0.0,,
2068,2064,7,6411.75,0.0,,
2069,1173,5,5968.24,0.0,,
2070,604,7,6101.77,0.0,,
2072,604,2,6107.35,0.0,,
2073,445,7,11119.49,0.0,,
2074,2255,7,714.64,0.0,,
2075,2254,1,721.22,0.0,,
2076,1006,4,1116.64,0.0,,
2078,964,5,3987.48,0.0,,
2080,2169,7,6646.57,0.0,,
2081,1203,8,3898.97,0.0,,
2083,2145,5,4915.72,0.0,,
2084,1229,3,3212.43,0.0,,
2087,964,3,3920.04,0.0,,
2088,768,1,1126.57,0.0,,
2089,767,8,1162.63,0.0,,
2092,753,1,2964.59,0.0,,
2092,754,7,2993.91,0.0,,
2097,2400,2,1128.35,0.0,,
2098,1201,5,7124.3,0.0,,
2099,512,7,2929.62,0.0,,
2101,739,3,1975.91,0.0,,
2101,740,3,2144.66,0.0,,
2102,740,3,2097.27,0.0,,
2104,2204,4,1808.4,0.0,,
2105,769,1,3283.3,0.0,,
2106,770,6,3334.86,0.0,,
2107,2380,7,3838.52,0.0,,
2108,826,3,12676.18,0.0,,
2110,989,4,5325.12,0.0,,
2111,1061,6,1753.54,0.0,,
2111,1062,7,1824.64,0.0,,
2112,2384,8,7843.68,0.0,,
2114,915,6,6424.98,0.0,,
2115,475,3,12479.91,0.0,,
2116,2388,1,3826.64,0.0,,
2118,2234,2,809.39,0.0,,
2119,2235,2,813.96,0.0,,
2121,2064,8,6441.92,0.0,,
2122,976,1,3929.69,0.0,,
2123,967,7,7928.84,0.0,,
2125,1120,8,2161.12,0.0,,
2127,671,5,11369.39,0.0,,
2128,631,5,4645.02,0.0,,
2129,2254,3,698.13,0.0,,
2129,2255,1,731.62,0.0,,
2130,467,7,11411.28,0.0,,
2132,964,7,3838.75,0.0,,
2133,550,4,5069.38,0.0,,
2134,565,2,10683.02,0.0,,
2135,981,7,2077.23,0.0,,
2136,2400,6,1134.97,0.0,,
2137,976,4,3881.18,0.0,,
2138,484,1,15738.5,0.0,,
2141,618,6,14241.54,0.0,,
2142,826,7,12736.27,0.0,,
2143,2396,8,1203.78,0.0,,
2144,785,6,710.82,0.0,,
2144,786,8,682.91,0.0,,
2145,635,4,10657.7,0.0,,
2146,1139,6,8131.43,0.0,,
2147,2235,5,806.3,0.0,,
2149,2199,1,2461.05,0.0,,
2150,739,4,2082.78,0.0,,
2150,753,1,3069.6,0.0,,
2151,740,8,1999.15,0.0,,
2151,754,6,2905.93,0.0,,
2153,826,3,12777.96,0.0,,
2154,1432,6,4053.69,0.0,,
2155,1431,3,3978.72,0.0,,
2157,2071,3,4215.59,0.0,,
2160,725,5,1290.63,0.0,,
2160,726,1,1317.08,0.0,,
2162,488,7,12817.06,0.0,,
2163,826,2,13118.21,0.0,,
2164,606,5,3859.77,0.0,,
2165,2005,5,3751.35,0.0,,
2166,2396,5,1153.11,0.0,,
2167,671,4,11118.67,0.0,,
2168,826,7,12682.54,0.0,,
2169,992,2,3420.68,0.0,,
2170,2384,8,7586.05,0.0,,
2172,1041,7,11866.9,0.0,,
2173,769,4,3320.62,0.0,,
2173,770,7,3299.96,0.0,,
2174,596,8,9793.93,0.0,,
2175,1173,1,6093.89,0.0,,
2176,502,6,13384.78,0.0,,
2177,475,7,12582.23,0.0,,
2178,596,6,9892.78,0.0,,
2179,433,1,11055.5,0.0,,
2180,596,3,9461.82,0.0,,
2182,676,7,9894.87,0.0,,
2183,174,5,8550.79,0.0,,
2184,647,1,11111.31,0.0,,
2185,725,2,1309.35,0.0,,
2185,726,1,1372.43,0.0,,
2186,1114,1,2073.32,0.0,,
2188,635,5,10902.84,0.0,,
2189,551,1,11149.82,0.0,,
2190,1000,1,1178.58,0.0,,
2191,826,6,12616.25,0.0,,
2192,895,5,6999.44,0.0,,
2193,1001,8,4800.21,0.0,,
2194,445,3,10931.86,0.0,,
2195,1005,5,1375.09,0.0,,
2196,574,4,11034.21,0.0,,
2197,992,3,3559.61,0.0,,
2198,992,4,3427.28,0.0,,
2199,2083,3,4013.5,0.0,,
2200,1818,3,2462.08,0.0,,
2201,753,4,2873.06,0.0,,
2201,754,8,2989.7,0.0,,
2202,992,3,3388.01,0.0,,
2203,981,1,2090.02,0.0,,
2204,964,2,3962.19,0.0,,
2205,475,5,12826.37,0.0,,
2206,2094,6,5075.85,0.0,,
2207,502,8,13451.86,0.0,,
2208,604,3,6115.59,0.0,,
2209,1182,5,2196.02,0.0,,
2210,1000,8,1202.27,0.0,,
2213,2250,2,1509.2,0.0,,
2213,2251,1,1514.5,0.0,,
2214,1005,8,1385.84,0.0,,
2215,1096,2,1452.7,0.0,,
2216,1095,5,1468.1,0.0,,
2217,676,6,9795.78,0.0,,
2220,2332,4,5861.26,0.0,,
2221,2400,8,1134.21,0.0,,
2223,826,4,12556.27,0.0,,
2224,767,6,1162.78,0.0,,
2226,725,4,1352.77,0.0,,
2226,726,4,1357.27,0.0,,
2227,725,1,1326.67,0.0,,
2230,596,6,9455.03,0.0,,
2231,550,1,5084.58,0.0,,
2232,981,6,1991.55,0.0,,
2233,966,8,5885.79,0.0,,
2234,725,4,1356.42,0.0,,
2234,726,3,1338.9,0.0,,
2235,2204,7,1784.28,0.0,,
2235,2205,2,1741.98,0.0,,
2236,967,8,8009.98,0.0,,
2241,573,4,3740.13,0.0,,
2242,1934,7,1618.04,0.0,,
2242,1935,7,1623.89,0.0,,
2243,1061,1,1826.55,0.0,,
2243,1062,3,1819.86,0.0,,
2244,785,4,690.37,0.0,,
2245,786,3,688.97,0.0,,
2246,2046,5,5045.57,0.0,,
2247,396,6,10824.59,0.0,,
2251,785,1,670.97,0.0,,
2251,786,2,690.18,0.0,,
2253,785,1,709.05,0.0,,
2253,786,8,715.57,0.0,,
2255,757,2,883.97,0.0,,
2255,758,2,902.15,0.0,,
2256,785,4,729.94,0.0,,
2256,786,5,684.76,0.0,,
2257,979,7,4696.25,0.0,,
2258,647,4,11469.34,0.0,,
2259,702,3,3686.89,0.0,,
2260,992,7,3351.13,0.0,,
2263,786,3,672.41,0.0,,
2264,2331,1,7328.9,0.0,,
2265,1232,8,4437.12,0.0,,
2266,740,2,2108.04,0.0,,
2267,739,3,2108.61,0.0,,
2268,1053,4,3451.65,0.0,,
2269,754,5,2955.47,0.0,,
2270,753,5,3025.72,0.0,,
2272,2091,2,2039.91,0.0,,
2273,740,4,2066.89,0.0,,
2274,739,6,2038.83,0.0,,
2276,740,3,1998.45,0.0,,
2277,826,7,12947.84,0.0,,
2280,475,4,12629.63,0.0,,
2281,467,8,11134.42,0.0,,
2283,1934,8,1583.71,0.0,,
2284,1935,7,1559.59,0.0,,
2285,964,2,3876.26,0.0,,
2286,596,7,9343.0,0.0,,
2287,797,8,3831.8,0.0,,
2288,1201,4,6815.83,0.0,,
2290,802,2,2007.94,0.0,,
2291,445,6,10814.23,0.0,,
2291,609,2,10544.83,0.0,,
2292,1920,6,3392.44,0.0,,
2293,604,3,6304.91,0.0,,
2294,725,3,1350.41,0.0,,
2296,967,2,8026.32,0.0,,
2302,725,3,1334.34,0.0,,
2303,976,6,3946.8,0.0,,
2306,964,6,3767.49,0.0,,
2307,758,8,903.62,0.0,,
2308,757,6,902.48,0.0,,
2309,691,3,4608.45,0.0,,
2310,954,1,8222.18,0.0,,
2311,966,8,5698.37,0.0,,
2312,954,3,8319.68,0.0,,
2313,826,4,12260.57,0.0,,
2314,964,3,3994.78,0.0,,
2315,936,3,6190.68,0.0,,
2316,976,5,3876.83,0.0,,
2318,826,7,12669.63,0.0,,
2320,826,7,13260.2,0.0,,
2321,758,4,897.99,0.0,,
2322,757,7,875.76,0.0,,
2324,559,3,7559.12,0.0,,
2325,915,8,6745.34,0.0,,
2327,1894,4,8821.43,0.0,,
2328,550,7,5179.03,0.0,,
2329,1000,4,1189.91,0.0,,
2331,990,8,5366.27,0.0,,
2332,966,7,5925.11,0.0,,
2333,499,8,11350.66,0.0,,
2334,729,4,3789.27,0.0,,
2334,730,7,3859.22,0.0,,
2335,400,4,9658.94,0.0,,
2336,1859,2,1846.25,0.0,,
2337,740,7,2072.36,0.0,,
2338,739,2,2082.83,0.0,,
2339,787,7,3750.97,0.0,,
2339,788,6,3874.85,0.0,,
2341,826,3,13056.17,0.0,,
2345,488,5,13317.4,0.0,,
2346,785,5,698.28,0.0,,
2346,786,4,695.25,0.0,,
2347,933,1,7146.35,0.0,,
2348,681,7,8949.35,0.0,,
2349,1870,1,10001.37,0.0,,
2350,467,6,11083.23,0.0,,
2351,622,4,10081.35,0.0,,
2353,967,6,8496.07,0.0,,
2354,976,6,3848.96,0.0,,
2355,981,8,2035.99,0.0,,
2357,445,7,10572.09,0.0,,
2358,910,6,5320.25,0.0,,
2359,954,7,8604.36,0.0,,
2360,826,8,13001.27,0.0,,
2361,954,1,7858.87,0.0,,
2362,1903,4,9565.03,0.0,,
2364,512,7,2978.87,0.0,,
2365,31,2,9384.12,0.0,,
2366,964,7,3920.27,0.0,,
2367,966,3,5846.86,0.0,,
2368,826,2,13330.59,0.0,,
2369,631,8,4525.78,0.0,,
2370,631,6,4528.55,0.0,,
2371,1847,6,1518.52,0.0,,
2372,826,6,12570.21,0.0,,
2373,992,6,3475.17,0.0,,
2374,4,5,9934.81,0.0,,
2375,1000,6,1203.65,0.0,,
2377,488,8,13061.68,0.0,,
2380,769,8,3203.93,0.0,,
2381,964,1,3947.46,0.0,,
2383,1862,5,2661.72,0.0,,
2384,36,2,5577.72,0.0,,
2386,937,2,6380.59,0.0,,
2390,396,3,10655.92,0.0,,
2391,795,6,3428.61,0.0,,
2391,796,2,3279.14,0.0,,
2393,785,1,697.76,0.0,,
2393,786,7,710.11,0.0,,
2394,565,1,11104.29,0.0,,
2395,757,8,889.44,0.0,,
2395,758,1,893.61,0.0,,
2397,574,3,10852.69,0.0,,
2398,512,4,2939.39,0.0,,
2399,1847,6,1574.27,0.0,,
2400,573,8,3795.07,0.0,,
2401,596,3,9719.94,0.0,,
2404,618,2,14071.49,0.0,,
2405,1859,1,1828.0,0.0,,
2408,964,4,3825.58,0.0,,
2409,1114,8,2097.67,0.0,,
2410,2331,5,7581.66,0.0,,
2411,604,1,6182.48,0.0,,
2412,726,8,1370.86,0.0,,
2414,2400,6,1155.44,0.0,,
2415,954,1,8550.68,0.0,,
2418,1001,2,4889.28,0.0,,
2419,1351,1,3960.43,0.0,,
2420,1352,7,3968.22,0.0,,
2421,910,8,5405.95,0.0,,
2422,819,7,14826.11,0.0,,
2423,2384,6,8055.06,0.0,,
2424,2045,4,5584.44,0.0,,
2425,1201,4,6783.1,0.0,,
2426,2373,2,7239.36,0.0,,
2428,2082,2,3974.96,0.0,,
2430,1000,5,1153.79,0.0,,
2431,691,6,4694.63,0.0,,
2432,2054,3,6909.29,0.0,,
2433,1173,4,6025.84,0.0,,
2436,671,2,10896.02,0.0,,
2437,1191,2,3293.39,0.0,,
2438,1114,2,2065.3,0.0,,
2439,1085,5,1151.76,0.0,,
2439,1086,2,1160.84,0.0,,
2440,2054,8,7104.82,0.0,,
2441,1926,3,1140.37,0.0,,
2441,1927,5,1090.29,0.0,,
2442,826,3,12483.78,0.0,,
2443,952,2,3244.93,0.0,,
2444,2371,1,7261.57,0.0,,
2446,2070,2,6271.03,0.0,,
2448,910,6,5460.19,0.0,,
2449,785,2,710.51,0.0,,
2450,786,5,712.16,0.0,,
2451,574,1,11206.04,0.0,,
2452,966,3,5801.42,0.0,,
2453,645,7,9285.01,0.0,,
2455,964,1,3865.99,0.0,,
2456,1974,7,687.22,0.0,,
2456,1975,8,689.18,0.0,,
2457,2359,4,5310.71,0.0,,
2458,1034,6,11020.43,0.0,,
2459,1859,5,1849.99,0.0,,
2460,1000,8,1176.83,0.0,,
2461,981,3,2002.76,0.0,,
2462,910,8,5212.6,0.0,,
2463,676,4,9665.05,0.0,,
2464,2054,4,6875.04,0.0,,
2465,2380,1,3819.19,0.0,,
2466,2250,6,1512.4,0.0,,
2466,2251,1,1551.26,0.0,,
2467,1173,5,5982.73,0.0,,
2468,1006,7,1155.95,0.0,,
2470,1484,8,965.32,0.0,,
2472,915,7,6451.79,0.0,,
2474,2343,8,5673.23,0.0,,
2476,475,7,12913.8,0.0,,
2477,2373,1,7032.72,0.0,,
2479,992,3,3415.89,0.0,,
2481,2250,7,1516.86,0.0,,
2481,2251,7,1512.96,0.0,,
2482,2064,3,6336.66,0.0,,
2484,2396,4,1187.66,0.0,,
2485,2396,3,1169.94,0.0,,
2487,2280,5,1934.44,0.0,,
2488,1431,4,4081.66,0.0,,
2488,1432,2,4123.6,0.0,,
2489,2252,5,1599.61,0.0,,
2489,2253,5,1630.99,0.0,,
2490,2240,6,1064.58,0.0,,
2490,2241,5,1097.8,0.0,,
2493,596,5,9573.89,0.0,,
2494,915,1,6613.47,0.0,,
2495,702,5,3661.08,0.0,,
2496,1317,1,3901.26,0.0,,
2496,1318,2,4014.26,0.0,,
2497,604,4,6072.95,0.0,,
2498,964,4,3852.09,0.0,,
2499,400,3,9735.49,0.0,,
2500,2045,7,5522.3,0.0,,
2501,1201,5,7015.87,0.0,,
2502,992,2,3492.85,0.0,,
2503,757,3,897.83,0.0,,
2503,758,7,879.59,0.0,,
2504,1120,3,2222.54,0.0,,
2507,495,7,8687.36,0.0,,
2509,2252,3,1604.8,0.0,,
2510,2253,4,1587.79,0.0,,
2511,1191,5,3236.75,0.0,,
2513,574,6,11185.31,0.0,,
2515,396,8,11154.7,0.0,,
2517,1479,5,4369.21,0.0,,
2517,1480,8,4455.69,0.0,,
2518,1173,5,6077.67,0.0,,
2519,946,3,8162.52,0.0,,
2520,550,5,5131.17,0.0,,
2521,2374,1,7756.89,0.0,,
2523,574,2,10704.0,0.0,,
2524,2255,5,736.59,0.0,,
2526,757,5,890.15,0.0,,
2526,758,5,896.73,0.0,,
2527,1942,5,1498.22,0.0,,
2527,1943,5,1483.26,0.0,,
2528,2070,4,6499.66,0.0,,
2529,2055,5,7368.35,0.0,,
2530,1003,8,1048.75,0.0,,
2532,2396,3,1181.47,0.0,,
2533,2254,7,737.6,0.0,,
2533,2255,1,724.74,0.0,,
2534,1062,1,1791.88,0.0,,
2535,1061,7,1829.43,0.0,,
2536,467,4,10817.86,0.0,,
2538,2070,6,6107.96,0.0,,
2539,725,6,1322.81,0.0,,
2539,726,8,1368.82,0.0,,
2540,1926,3,1131.7,0.0,,
2541,1927,3,1143.96,0.0,,
2542,2343,5,5780.37,0.0,,
2543,606,8,3913.25,0.0,,
2544,1139,3,7985.92,0.0,,
2545,609,2,10264.87,0.0,,
2546,1058,2,1561.96,0.0,,
2548,2074,4,3999.0,0.0,,
2549,1227,4,3957.5,0.0,,
2551,2400,4,1116.69,0.0,,
2552,2055,7,7231.24,0.0,,
2554,2396,8,1212.29,0.0,,
2555,1006,3,1127.93,0.0,,
2556,1005,7,1382.34,0.0,,
2557,2056,1,4036.72,0.0,,
2561,726,8,1331.92,0.0,,
2562,725,1,1344.81,0.0,,
2563,600,8,9517.08,0.0,,
2564,1987,4,1982.65,0.0,,
2565,739,7,2101.09,0.0,,
2565,740,8,2161.15,0.0,,
2566,2396,6,1194.31,0.0,,
2567,966,8,5937.41,0.0,,
2572,2380,2,3905.55,0.0,,
2573,2380,8,3753.17,0.0,,
2574,2332,8,5878.73,0.0,,
2575,467,5,11145.86,0.0,,
2576,2380,1,3782.4,0.0,,
2578,1895,6,8858.57,0.0,,
2579,1046,4,1197.03,0.0,,
2581,2396,3,1185.58,0.0,,
2582,475,7,12644.89,0.0,,
2583,475,7,12724.25,0.0,,
2586,475,6,12813.34,0.0,,
2587,2400,8,1144.69,0.0,,
2588,475,5,12666.95,0.0,,
2590,964,2,3940.51,0.0,,
2591,1229,4,3160.48,0.0,,
2593,2359,6,5355.08,0.0,,
2595,1894,6,8211.49,0.0,,
2596,2270,7,3758.4,0.0,,
2597,681,6,8935.26,0.0,,
2599,1114,5,2086.36,0.0,,
2601,681,2,8634.32,0.0,,
2602,2373,8,7029.95,0.0,,
2604,631,1,4666.29,0.0,,
2605,1156,6,4040.42,0.0,,
2606,729,8,3850.22,0.0,,
2606,730,6,3784.33,0.0,,
2607,1057,1,1628.97,0.0,,
2608,1058,4,1572.45,0.0,,
2609,445,8,10999.7,0.0,,
2610,618,7,14606.97,0.0,,
2612,2332,7,5933.57,0.0,,
2614,606,5,4046.68,0.0,,
2616,2252,7,1601.94,0.0,,
2616,2253,4,1602.17,0.0,,
2617,2252,3,1604.54,0.0,,
2617,2253,7,1638.96,0.0,,
2618,1114,7,2090.2,0.0,,
2619,467,4,11452.38,0.0,,
2620,1000,4,1188.48,0.0,,
2621,1215,2,4153.59,0.0,,
2622,2388,6,3900.34,0.0,,
2623,475,2,12320.98,0.0,,
2624,2241,1,1111.27,0.0,,
2625,2240,2,1093.85,0.0,,
2626,2071,7,4193.88,0.0,,
2628,1298,3,4424.55,0.0,,
2629,1285,8,4644.54,0.0,,
2630,767,7,1158.1,0.0,,
2630,768,4,1147.12,0.0,,
2631,2094,3,5109.68,0.0,,
2632,1934,1,1557.71,0.0,,
2633,1935,8,1593.96,0.0,,
2634,2081,6,2766.85,0.0,,
2635,1062,6,1775.71,0.0,,
2636,1061,4,1741.92,0.0,,
2638,1046,1,1256.33,0.0,,
2639,2070,8,5952.14,0.0,,
2640,1139,4,7869.72,0.0,,
2644,1062,4,1800.65,0.0,,
2645,596,6,9553.42,0.0,,
2647,1186,5,4652.2,0.0,,
2648,647,1,11059.97,0.0,,
2649,933,2,6987.44,0.0,,
