order_id,payment_method,payment_value,installments
1,credit_card,7967.54,3
2,cod,71163.75,1
3,credit_card,33660.99,3
4,credit_card,53196.25,3
6,paypal,1597.84,1
7,credit_card,9800.94,12
8,credit_card,16187.56,6
9,apple_pay,32397.12,12
10,paypal,19886.85,1
13,credit_card,36037.68,3
15,credit_card,43334.12,6
16,cod,5074.15,1
17,cod,22038.2,1
18,credit_card,29957.28,3
20,credit_card,12794.04,3
21,credit_card,19517.66,1
22,apple_pay,39165.14,1
23,cod,60041.6,1
24,apple_pay,32590.56,3
25,credit_card,24896.07,6
26,credit_card,20393.28,1
28,cod,45099.8,1
29,credit_card,1901.5,12
30,cod,4110.36,1
31,cod,12526.53,1
32,credit_card,15594.24,3
33,apple_pay,74736.48,1
34,paypal,22669.44,1
35,credit_card,10724.44,3
36,paypal,3514.8,3
38,credit_card,3327.96,1
39,paypal,10508.84,1
41,credit_card,48683.4,12
42,paypal,20523.84,3
43,paypal,5679.9,6
44,cod,38829.92,1
45,credit_card,79082.08,3
46,cod,12041.88,1
47,credit_card,15984.99,3
48,credit_card,6443.86,6
49,credit_card,53951.1,3
50,credit_card,25552.72,1
52,cod,8097.42,1
53,apple_pay,80787.84,1
56,credit_card,18206.05,6
58,credit_card,27093.03,6
59,cod,22346.22,1
60,credit_card,6074.2,1
62,credit_card,2154.9,3
63,credit_card,49992.5,12
65,credit_card,14819.58,6
66,credit_card,36800.88,6
67,credit_card,12417.3,1
68,credit_card,13796.22,12
70,credit_card,12431.2,12
71,credit_card,7543.95,3
72,paypal,19156.95,1
74,credit_card,33478.32,12
75,paypal,29106.6,6
76,apple_pay,88121.32,3
78,cod,63082.62,1
79,credit_card,8252.54,6
80,credit_card,27273.96,6
81,credit_card,42497.84,3
82,paypal,5597.1,6
83,apple_pay,16043.68,6
84,cod,51904.96,1
85,paypal,11000.4,12
86,credit_card,9897.88,3
87,paypal,4811.24,6
88,apple_pay,3326.75,3
89,paypal,73612.35,1
90,paypal,6747.15,12
91,cod,75230.26,1
92,credit_card,20090.24,1
93,credit_card,29812.71,3
95,paypal,12014.28,3
96,credit_card,79628.43,1
97,cod,34383.45,1
99,credit_card,17643.66,1
100,credit_card,8995.77,3
101,credit_card,9908.35,1
102,credit_card,11012.4,12
104,paypal,9634.98,3
106,credit_card,32612.25,3
107,credit_card,32862.03,3
108,bank_transfer,71007.93,1
110,credit_card,81594.88,1
116,bank_transfer,49120.24,1
117,credit_card,86110.92,1
118,bank_transfer,50104.85,12
120,apple_pay,34583.01,1
121,credit_card,31704.55,3
122,credit_card,12466.32,3
124,bank_transfer,11891.69,1
125,bank_transfer,51498.93,3
126,credit_card,86758.08,1
128,credit_card,42242.27,3
130,cod,9639.22,1
132,credit_card,30507.45,3
133,apple_pay,63826.2,3
135,cod,5282.86,1
136,cod,49467.46,1
137,credit_card,5585.5,12
138,credit_card,3162.53,3
140,cod,33900.0,1
141,credit_card,12252.99,6
144,cod,78482.95,1
145,credit_card,78977.08,12
146,apple_pay,51765.12,3
147,credit_card,32895.44,1
149,credit_card,87460.24,12
152,credit_card,1777.33,12
153,cod,12476.45,1
154,apple_pay,13396.86,1
156,apple_pay,60497.36,3
157,paypal,44195.44,1
158,credit_card,41431.2,3
159,credit_card,83461.36,12
160,cod,64715.46,1
163,cod,2767.5,1
164,paypal,7696.8,1
165,credit_card,31440.51,3
168,cod,21803.15,1
169,paypal,21584.05,1
170,paypal,44787.2,3
171,cod,41466.68,1
172,credit_card,30789.51,12
173,apple_pay,1920.52,6
175,paypal,4575.84,6
176,bank_transfer,67733.34,3
177,paypal,82749.19,3
178,credit_card,62485.28,6
179,credit_card,30384.39,12
180,credit_card,27211.31,3
182,credit_card,38690.56,1
183,credit_card,9020.9,3
184,credit_card,54499.75,1
185,apple_pay,66019.6,6
186,paypal,18495.42,1
187,credit_card,63895.65,1
188,paypal,28119.76,1
189,cod,28554.12,1
190,paypal,20953.72,1
191,credit_card,19186.26,1
192,credit_card,7872.06,3
193,credit_card,1172.76,3
194,credit_card,12589.92,12
196,cod,22342.18,1
197,paypal,4007.5,3
198,credit_card,22062.08,12
199,apple_pay,71390.06,12
202,credit_card,10826.92,3
204,bank_transfer,11741.4,3
205,credit_card,20596.22,3
206,credit_card,62364.33,1
208,credit_card,15779.4,3
209,cod,37022.61,1
210,credit_card,59323.53,3
211,credit_card,8321.9,6
212,credit_card,15205.96,3
213,apple_pay,28467.36,6
214,credit_card,16136.79,6
215,credit_card,7556.08,1
217,credit_card,63752.28,12
218,paypal,21517.44,3
219,paypal,81516.68,12
220,credit_card,61583.76,1
223,paypal,73427.97,12
224,credit_card,41912.24,1
225,credit_card,17478.34,1
226,paypal,30200.9,3
227,apple_pay,15393.56,3
228,cod,67060.08,1
229,paypal,12247.94,3
230,cod,101240.44,1
231,apple_pay,19180.66,1
232,credit_card,48232.8,3
233,credit_card,72952.18,12
234,credit_card,19455.3,6
236,credit_card,6835.38,3
237,cod,27100.62,1
238,credit_card,35860.8,6
239,credit_card,54269.04,12
241,credit_card,15848.8,6
242,credit_card,3277.98,1
244,credit_card,16166.11,1
245,paypal,51523.35,1
246,credit_card,33436.5,1
249,paypal,7499.49,6
250,credit_card,7459.35,6
251,apple_pay,22039.08,3
254,credit_card,53639.22,6
257,paypal,12855.46,1
259,paypal,45520.04,3
260,paypal,47732.7,3
261,credit_card,45032.2,6
262,apple_pay,12035.5,3
263,credit_card,8319.14,3
264,paypal,11027.85,3
265,credit_card,54144.96,6
266,credit_card,28576.05,12
268,credit_card,10404.92,3
269,paypal,9787.72,1
271,credit_card,60014.82,6
273,credit_card,74975.46,3
274,credit_card,68732.37,3
275,credit_card,20923.98,12
278,credit_card,65835.6,12
280,credit_card,33675.33,1
281,credit_card,36161.55,3
282,apple_pay,33416.88,6
284,credit_card,25646.6,3
285,apple_pay,78768.41,3
286,credit_card,11975.34,3
287,credit_card,13125.52,3
290,apple_pay,15119.34,6
291,paypal,77725.55,3
292,credit_card,13122.4,6
293,credit_card,114802.16,6
295,credit_card,42866.08,1
296,bank_transfer,61881.36,3
297,cod,5608.92,1
298,cod,70226.56,1
299,apple_pay,63855.12,3
300,credit_card,15083.25,12
301,credit_card,10475.58,3
302,credit_card,10972.21,1
303,credit_card,3053.44,3
305,cod,4549.77,1
306,credit_card,10662.66,12
307,cod,29146.88,1
308,credit_card,69775.3,1
309,apple_pay,77602.05,12
310,cod,62991.05,1
311,credit_card,45746.4,3
312,bank_transfer,23265.0,1
315,apple_pay,25746.98,3
316,credit_card,60391.68,6
317,paypal,65889.48,3
318,credit_card,33675.12,12
322,credit_card,53583.45,3
323,paypal,19631.26,3
324,credit_card,32499.09,1
326,apple_pay,22687.5,6
328,credit_card,15479.96,1
330,credit_card,37183.44,1
331,cod,49746.4,1
333,credit_card,25914.68,3
335,credit_card,7537.14,3
336,apple_pay,67105.32,3
337,credit_card,43049.28,3
338,bank_transfer,56613.4,3
339,credit_card,70166.6,1
340,credit_card,3521.8,1
341,credit_card,1809.62,3
342,paypal,22922.3,3
344,cod,22339.32,1
346,credit_card,55364.85,3
347,apple_pay,13037.3,12
348,credit_card,19687.86,12
351,paypal,22421.1,6
352,cod,5349.33,1
353,credit_card,10302.24,3
357,paypal,53885.76,3
358,paypal,18433.6,1
359,cod,24601.38,1
362,cod,33436.97,1
365,paypal,1641.85,3
366,credit_card,37884.0,3
367,paypal,78779.4,3
368,credit_card,29687.95,1
369,credit_card,10912.47,1
370,credit_card,26091.7,3
371,credit_card,13811.35,3
372,credit_card,1071.54,1
373,apple_pay,11147.26,1
376,credit_card,1599.25,1
377,credit_card,6558.44,6
378,cod,87912.72,1
380,credit_card,39415.25,12
381,paypal,5859.77,3
383,credit_card,35753.8,1
385,credit_card,76540.24,3
386,credit_card,34139.1,1
388,credit_card,19876.06,3
391,credit_card,13991.44,6
393,credit_card,33524.19,3
394,credit_card,23077.32,6
395,paypal,12235.54,12
396,cod,25387.58,1
397,paypal,11022.77,1
399,credit_card,68183.76,3
400,cod,12214.14,1
401,paypal,55524.65,3
402,apple_pay,17476.2,3
403,credit_card,3473.43,3
404,credit_card,6749.94,3
405,cod,6504.37,1
406,credit_card,53238.95,1
409,cod,11018.25,1
410,credit_card,37577.72,6
411,credit_card,50233.3,1
412,paypal,39940.24,3
413,cod,21737.32,1
414,credit_card,66052.07,1
415,credit_card,5338.72,1
416,credit_card,62766.45,6
417,apple_pay,41184.24,3
418,paypal,9890.7,3
419,credit_card,4133.3,6
420,paypal,90466.48,3
421,credit_card,12040.43,1
423,apple_pay,51506.88,12
425,credit_card,13399.02,3
426,cod,27839.28,1
427,paypal,50382.08,6
428,credit_card,30751.5,6
429,apple_pay,63613.86,12
430,credit_card,77175.66,3
432,apple_pay,10881.26,12
433,credit_card,37923.72,3
434,credit_card,24008.34,3
435,apple_pay,70748.44,3
436,credit_card,32584.23,1
438,credit_card,40787.44,3
439,credit_card,86321.36,1
440,credit_card,11685.1,1
442,apple_pay,17017.08,1
443,credit_card,35981.4,3
444,bank_transfer,5195.95,1
445,apple_pay,6249.06,3
446,credit_card,5343.65,3
448,apple_pay,86307.36,6
449,credit_card,44738.36,3
450,credit_card,35989.94,3
451,paypal,48758.24,6
452,credit_card,54064.22,3
453,credit_card,67432.4,1
457,cod,7029.71,1
458,credit_card,5639.32,1
459,apple_pay,22785.08,1
461,paypal,38391.3,3
463,credit_card,11137.23,3
466,credit_card,31474.08,6
469,credit_card,28052.08,12
470,credit_card,16163.08,3
471,credit_card,43043.7,3
472,credit_card,20189.1,1
473,cod,11137.25,1
474,credit_card,7518.13,6
475,cod,70139.02,1
476,credit_card,35601.86,3
477,cod,3406.11,1
478,credit_card,4120.98,3
479,credit_card,5918.55,1
484,cod,36732.08,1
485,cod,79762.48,1
486,credit_card,6492.38,6
487,credit_card,22763.86,3
490,cod,13444.0,1
491,bank_transfer,49566.96,3
492,cod,39257.44,1
495,bank_transfer,14031.3,12
496,paypal,14527.59,1
497,cod,28534.89,1
499,bank_transfer,2667.89,12
501,paypal,7686.82,1
503,credit_card,69160.7,1
505,credit_card,12383.66,12
506,apple_pay,10604.24,3
508,paypal,16574.32,3
509,cod,11252.64,1
511,paypal,50427.93,3
513,paypal,10709.85,1
514,credit_card,21727.8,1
515,paypal,25569.75,6
516,credit_card,1172.61,3
517,paypal,7135.86,1
518,credit_card,39534.24,1
520,cod,10174.92,1
523,credit_card,8134.16,12
525,credit_card,50473.76,3
527,paypal,15382.04,3
528,credit_card,14338.45,3
530,bank_transfer,9847.3,12
531,credit_card,36345.19,1
532,credit_card,3566.25,3
533,credit_card,5071.5,1
534,credit_card,902.72,2
535,credit_card,3477.56,1
536,paypal,74070.42,3
539,credit_card,9318.08,12
540,paypal,5977.89,6
542,credit_card,74808.18,6
543,credit_card,9944.64,12
544,credit_card,18415.32,3
545,credit_card,41069.25,3
546,credit_card,105685.84,12
547,credit_card,9931.2,6
548,credit_card,10514.63,6
550,credit_card,20015.36,1
551,credit_card,5840.28,3
552,cod,19941.1,1
554,apple_pay,42269.84,1
556,credit_card,84722.96,1
557,credit_card,4683.52,3
558,credit_card,20954.3,12
559,credit_card,66952.86,3
560,credit_card,19234.35,6
562,credit_card,78620.43,1
563,apple_pay,50323.08,6
564,paypal,27835.23,1
565,credit_card,53979.45,1
566,credit_card,54697.68,6
567,bank_transfer,7797.59,1
568,credit_card,45730.0,12
569,apple_pay,24648.68,3
570,cod,7995.7,1
571,credit_card,66878.7,1
573,paypal,18492.09,3
574,cod,28492.56,1
577,credit_card,38457.95,6
581,credit_card,3720.27,1
582,credit_card,5267.9,3
583,paypal,30486.3,3
584,credit_card,55611.15,1
586,apple_pay,45774.33,6
587,credit_card,86720.08,1
588,bank_transfer,76563.06,3
589,cod,53645.27,1
590,credit_card,24469.52,6
591,credit_card,60844.56,6
592,credit_card,8246.91,1
593,apple_pay,28897.07,1
594,credit_card,37731.45,3
596,cod,18700.28,1
597,cod,101727.68,1
598,apple_pay,6178.51,3
599,apple_pay,1352.14,6
600,credit_card,1320.2,1
601,credit_card,7995.56,1
602,credit_card,16610.64,12
603,credit_card,12407.4,6
605,credit_card,5703.25,1
607,credit_card,65244.18,3
609,apple_pay,42609.21,12
610,cod,30909.8,1
612,credit_card,74127.52,1
613,bank_transfer,57046.75,12
614,credit_card,21399.1,1
615,paypal,36212.76,6
616,credit_card,11529.75,3
618,credit_card,1312.18,3
619,credit_card,5415.68,6
620,credit_card,44183.2,3
621,paypal,54607.35,3
624,paypal,8047.81,3
625,credit_card,42431.92,1
628,cod,3993.12,1
631,credit_card,33888.42,3
632,paypal,23713.44,3
633,cod,26931.28,1
634,credit_card,89048.19,3
635,credit_card,35992.18,6
636,apple_pay,22173.14,3
637,cod,15823.68,1
638,credit_card,4117.94,6
639,paypal,19557.06,3
641,credit_card,9414.58,3
642,credit_card,63238.85,1
643,bank_transfer,7714.81,6
644,paypal,56558.32,12
645,apple_pay,29780.04,6
646,cod,18865.29,1
647,credit_card,70724.24,3
648,apple_pay,40539.95,6
649,credit_card,24607.72,12
650,credit_card,39179.35,12
652,credit_card,91654.15,1
654,credit_card,27727.35,1
656,bank_transfer,43741.68,1
658,credit_card,24319.08,1
659,paypal,27965.14,1
662,credit_card,2082.9,12
663,credit_card,3511.6,3
664,paypal,11069.16,3
665,paypal,49635.6,6
667,apple_pay,50720.88,3
669,cod,75839.16,1
670,credit_card,66853.32,3
671,credit_card,35339.0,1
672,credit_card,50655.92,1
673,paypal,87384.32,6
674,apple_pay,85096.32,3
675,credit_card,19171.16,1
676,credit_card,38865.45,3
678,credit_card,6846.72,1
679,apple_pay,51963.76,12
680,credit_card,23354.4,3
681,cod,7438.8,1
682,credit_card,4113.72,3
683,credit_card,12956.92,12
684,cod,12380.86,1
686,credit_card,5410.8,1
687,credit_card,2765.04,12
688,credit_card,48765.45,3
689,apple_pay,73548.09,1
690,credit_card,60488.64,1
692,apple_pay,7563.53,3
695,credit_card,687.41,1
696,cod,18576.7,1
697,apple_pay,43970.56,3
698,credit_card,9769.32,1
700,cod,22802.98,1
702,cod,21905.24,1
703,paypal,7626.14,1
705,cod,88031.34,1
706,credit_card,22719.0,3
707,bank_transfer,17547.11,3
708,cod,5405.29,1
709,credit_card,28090.51,12
712,credit_card,13869.67,1
713,paypal,56668.88,6
714,cod,3519.66,1
715,apple_pay,6891.57,1
717,credit_card,66018.6,1
718,credit_card,12467.6,6
719,cod,5023.5,1
720,credit_card,10856.15,12
724,credit_card,17054.43,1
725,paypal,82524.4,6
726,paypal,21675.75,1
728,credit_card,20894.23,6
729,credit_card,51480.16,1
731,bank_transfer,7507.48,3
732,apple_pay,7116.48,3
733,credit_card,12268.2,12
734,credit_card,36979.76,1
736,credit_card,12681.3,6
738,credit_card,54882.05,6
739,cod,11266.5,1
740,credit_card,3830.62,6
741,apple_pay,34968.52,1
742,credit_card,3661.0,1
743,credit_card,3620.65,12
744,credit_card,26490.08,3
747,credit_card,21406.26,3
748,paypal,3307.6,6
751,credit_card,8119.16,6
753,paypal,17957.55,6
754,credit_card,39948.72,1
756,credit_card,12024.83,1
757,credit_card,33401.76,6
758,paypal,3267.12,1
759,credit_card,1618.3,3
760,credit_card,18122.64,12
762,credit_card,11452.48,3
763,bank_transfer,6747.45,12
764,apple_pay,21982.66,3
765,credit_card,29731.89,1
766,credit_card,8203.31,3
768,cod,33570.81,1
769,bank_transfer,31745.88,3
770,credit_card,30119.76,3
771,credit_card,37714.56,12
772,apple_pay,8400.38,3
773,paypal,67407.15,3
774,credit_card,52895.44,6
775,credit_card,33103.32,6
779,paypal,4859.82,1
781,credit_card,39905.84,3
782,credit_card,26338.18,1
783,paypal,2051.34,3
784,cod,9750.17,1
786,bank_transfer,17345.2,6
787,paypal,14853.04,6
789,paypal,37034.64,6
790,credit_card,54926.88,3
791,credit_card,39140.15,3
792,credit_card,10995.1,1
793,cod,45066.87,1
794,paypal,23818.32,1
795,cod,23659.32,1
796,credit_card,16368.78,3
797,paypal,18645.4,3
798,credit_card,15713.68,1
799,credit_card,5413.55,3
802,credit_card,3528.65,1
803,credit_card,26635.74,1
805,bank_transfer,4026.47,3
806,credit_card,19290.54,12
807,credit_card,19023.8,3
808,paypal,36041.25,3
809,credit_card,9674.48,1
810,apple_pay,5523.12,1
811,paypal,4875.64,3
812,credit_card,16505.13,3
813,credit_card,29942.52,6
814,credit_card,64874.76,1
815,paypal,3294.43,3
816,paypal,11688.3,3
817,cod,15369.08,1
818,credit_card,40783.07,3
820,credit_card,5321.08,1
821,credit_card,18785.92,6
823,credit_card,90728.68,1
824,credit_card,25937.52,3
825,paypal,78171.31,6
826,apple_pay,19671.3,1
827,bank_transfer,41894.58,6
828,cod,44888.0,1
829,credit_card,12667.02,1
831,paypal,5935.65,6
832,credit_card,6916.64,3
833,paypal,16218.48,12
834,credit_card,28825.5,3
835,credit_card,29457.55,3
836,apple_pay,9466.38,3
838,paypal,5722.32,3
839,apple_pay,3335.31,1
840,cod,15629.3,1
841,credit_card,58870.21,12
842,bank_transfer,30542.75,3
845,apple_pay,17743.81,3
846,credit_card,28265.68,12
848,credit_card,23721.02,1
849,apple_pay,33688.05,3
850,credit_card,26920.46,6
851,credit_card,8471.96,1
852,credit_card,22628.12,1
853,cod,8509.69,1
854,credit_card,42824.32,3
859,credit_card,45142.65,3
860,paypal,17324.49,3
861,apple_pay,6218.72,1
862,apple_pay,15978.18,6
863,paypal,14722.38,3
864,cod,38666.88,1
865,credit_card,6591.72,3
866,apple_pay,2222.54,3
867,apple_pay,3297.39,3
868,cod,43198.61,1
869,credit_card,26421.6,12
870,credit_card,5272.91,1
871,credit_card,47650.32,6
872,bank_transfer,4798.25,6
873,cod,22502.08,1
874,credit_card,1088.4,1
875,credit_card,1063.65,3
876,credit_card,25295.65,1
877,cod,15390.56,1
878,credit_card,14998.56,3
879,paypal,3483.8,3
880,credit_card,27484.32,3
881,paypal,29424.78,3
882,credit_card,16356.03,1
883,credit_card,38575.84,3
885,credit_card,35020.6,3
888,cod,7845.02,1
889,credit_card,36471.12,1
890,credit_card,30695.3,3
891,credit_card,5503.27,3
896,credit_card,90544.16,12
897,paypal,7415.28,6
898,credit_card,8255.28,3
899,paypal,10291.38,12
900,credit_card,11319.96,3
901,credit_card,45229.68,1
902,bank_transfer,45217.24,12
903,credit_card,43729.4,3
904,credit_card,2597.31,1
905,credit_card,11130.56,3
906,cod,9025.14,1
907,cod,24904.14,1
908,credit_card,45168.56,1
909,credit_card,65366.16,1
910,credit_card,14402.24,1
911,credit_card,5529.25,6
913,credit_card,7199.16,3
915,credit_card,25514.58,1
916,cod,59723.16,1
917,paypal,51150.2,6
918,cod,3458.94,1
919,cod,1169.5,1
920,cod,15844.8,1
922,bank_transfer,38314.65,1
924,credit_card,7800.24,12
925,cod,35886.48,1
926,paypal,27863.7,1
929,bank_transfer,6539.48,3
930,apple_pay,12916.02,3
931,paypal,39295.56,3
932,credit_card,20468.43,6
934,credit_card,87552.0,12
935,credit_card,18188.76,6
936,bank_transfer,50879.92,6
937,apple_pay,26204.15,3
938,apple_pay,29355.68,12
939,credit_card,4967.63,6
940,credit_card,12922.25,3
941,cod,90684.56,1
942,paypal,15945.16,3
943,credit_card,65582.88,6
944,credit_card,18829.86,1
945,bank_transfer,52454.85,1
946,cod,4002.15,1
949,cod,26875.52,1
951,credit_card,16758.88,3
952,cod,11905.28,1
953,paypal,6619.55,3
955,paypal,43638.4,3
956,apple_pay,49151.25,1
957,credit_card,26724.9,3
958,credit_card,3819.42,3
959,apple_pay,42336.96,12
960,credit_card,6970.32,1
962,credit_card,15389.0,1
963,credit_card,5690.7,1
964,credit_card,9273.84,1
965,credit_card,24669.7,1
966,bank_transfer,65375.04,3
968,credit_card,59336.08,12
969,cod,15749.45,1
970,cod,5974.95,1
971,paypal,7907.13,3
972,credit_card,21785.98,1
973,credit_card,1539.0,3
974,paypal,3020.92,6
976,apple_pay,13421.96,6
977,cod,77642.04,1
978,paypal,57287.12,6
980,credit_card,3430.86,1
981,apple_pay,1113.23,1
982,credit_card,11108.2,1
983,credit_card,25268.44,1
984,credit_card,11262.03,1
986,credit_card,7450.93,1
987,paypal,7644.8,1
988,cod,7432.28,1
989,credit_card,11242.71,1
990,credit_card,76809.9,3
991,apple_pay,31686.24,12
992,paypal,7786.48,3
993,credit_card,28679.42,3
994,cod,13087.05,1
995,cod,7039.27,1
996,paypal,4223.49,3
997,credit_card,11303.1,6
998,credit_card,3734.08,3
999,cod,42512.82,1
1001,credit_card,2055.51,12
1002,credit_card,27297.28,6
1003,cod,86096.64,1
1004,apple_pay,5727.55,1
1005,credit_card,17210.79,6
1006,credit_card,12046.14,1
1010,credit_card,55981.68,6
1011,credit_card,89927.52,3
1016,credit_card,4487.08,3
1017,credit_card,58357.11,1
1018,credit_card,31516.59,3
1019,credit_card,3332.44,6
1020,credit_card,1592.63,12
1023,credit_card,62348.34,3
1024,credit_card,6114.7,1
1025,cod,16946.9,1
1026,credit_card,20937.6,3
1027,paypal,68094.6,1
1028,apple_pay,29569.4,1
1030,paypal,18760.45,6
1031,credit_card,15984.0,3
1032,paypal,4900.65,1
1033,credit_card,29934.48,1
1034,credit_card,37238.25,6
1035,apple_pay,15376.2,1
1036,credit_card,10652.8,3
1037,bank_transfer,25438.98,6
1039,cod,17940.05,1
1040,paypal,64163.04,1
1041,bank_transfer,55292.25,1
1042,credit_card,2723.34,3
1044,credit_card,6165.99,1
1046,bank_transfer,16161.6,3
1047,apple_pay,38198.7,3
1048,credit_card,1915.36,1
1049,bank_transfer,16073.54,1
1050,credit_card,19649.0,1
1051,cod,41969.92,1
1054,credit_card,67069.08,3
1055,apple_pay,6632.02,1
1056,credit_card,22347.24,1
1058,credit_card,15269.67,3
1060,credit_card,21665.52,1
1061,credit_card,36743.28,3
1062,credit_card,24615.72,6
1063,apple_pay,6148.87,1
1064,cod,54279.4,1
1065,credit_card,8413.62,1
1067,apple_pay,5292.76,1
1068,apple_pay,2758.16,12
1070,cod,11830.38,1
1071,cod,66879.48,1
1073,credit_card,32196.95,3
1074,cod,54421.71,1
1075,credit_card,11835.84,3
1076,credit_card,23280.48,3
1077,paypal,71249.71,3
1078,cod,7467.46,1
1079,cod,32658.75,1
1081,credit_card,25264.56,3
1082,paypal,9737.8,6
1083,credit_card,7573.28,6
1084,credit_card,10405.88,6
1085,paypal,7799.9,1
1087,credit_card,9779.12,3
1088,cod,25641.8,1
1089,credit_card,30279.04,3
1090,cod,20126.67,1
1091,credit_card,91274.04,3
1092,apple_pay,31432.7,3
1093,credit_card,5630.22,3
1094,apple_pay,10704.87,3
1096,credit_card,3406.55,12
1097,credit_card,41165.92,6
1098,cod,21491.94,1
1099,credit_card,5232.81,3
1101,credit_card,35070.96,6
1102,credit_card,61426.15,3
1103,credit_card,50195.9,3
1104,cod,16845.21,1
1105,paypal,83688.16,1
1107,credit_card,79162.56,6
1108,credit_card,31593.66,1
1109,credit_card,90697.2,1
1110,paypal,33861.9,3
1111,credit_card,11082.76,1
1112,credit_card,27330.56,3
1113,cod,45508.14,1
1114,paypal,33604.18,1
1115,credit_card,23499.0,1
1117,apple_pay,6738.84,6
1119,bank_transfer,9042.41,3
1122,cod,11801.24,1
1125,cod,67661.02,1
1126,credit_card,17446.82,1
1127,credit_card,7940.78,3
1129,credit_card,90931.96,6
1132,credit_card,8102.04,6
1133,apple_pay,1171.15,1
1134,paypal,79215.2,1
1135,paypal,101145.2,6
1136,credit_card,12096.25,6
1138,credit_card,7623.48,12
1139,credit_card,6598.74,1
1140,credit_card,58120.5,1
1141,paypal,31544.4,1
1142,credit_card,18572.22,3
1146,apple_pay,46495.92,3
1147,paypal,26332.16,3
1149,credit_card,6063.13,6
1150,credit_card,5265.51,6
1151,credit_card,36783.72,3
1153,cod,19912.12,1
1154,credit_card,24490.44,3
1155,credit_card,6674.8,3
1156,credit_card,14477.85,12
1157,credit_card,16498.95,12
1158,cod,3261.25,1
1160,credit_card,29348.1,1
1162,cod,36148.48,1
1164,credit_card,11352.57,12
1165,credit_card,54771.5,6
1166,credit_card,43547.84,6
1167,credit_card,9417.9,12
1168,apple_pay,1748.98,3
1169,credit_card,1766.6,6
1170,cod,31201.68,1
1171,credit_card,11221.22,6
1172,bank_transfer,1802.4,1
1173,credit_card,8991.85,1
1174,credit_card,28123.3,3
1175,paypal,7306.38,3
1176,paypal,7953.33,1
1177,credit_card,40897.92,3
1178,credit_card,15598.04,3
1180,credit_card,36800.22,1
1181,credit_card,10244.56,6
1182,credit_card,68227.7,1
1183,credit_card,11493.87,3
1184,credit_card,15786.36,3
1185,cod,76732.04,1
1186,apple_pay,14222.75,3
1188,credit_card,5859.55,1
1190,paypal,90828.96,3
1191,credit_card,87290.08,1
1192,cod,20072.92,1
1194,apple_pay,36465.15,3
1195,credit_card,44868.8,3
1197,credit_card,39114.68,3
1198,credit_card,34359.45,3
1199,credit_card,40082.6,6
1200,paypal,65465.7,3
1201,credit_card,6350.56,1
1202,cod,55153.5,1
1203,paypal,39270.84,3
1204,credit_card,22434.0,1
1206,credit_card,15186.45,3
1208,bank_transfer,63719.95,3
1209,apple_pay,36828.18,3
1211,apple_pay,6426.6,3
1213,cod,102378.96,1
1214,paypal,88735.68,12
1217,credit_card,1396.39,1
1218,apple_pay,5361.72,3
1219,cod,5345.7,1
1221,credit_card,19379.44,3
1223,credit_card,3587.1,3
1224,cod,8920.65,1
1225,credit_card,7910.19,1
1226,credit_card,4663.28,3
1227,credit_card,20443.35,12
1228,credit_card,16981.8,3
1232,cod,32624.88,1
1233,credit_card,8411.93,6
1234,credit_card,21768.88,3
1235,credit_card,2307.74,3
1237,credit_card,20230.45,1
1238,cod,37186.11,1
1239,credit_card,7421.6,6
1241,credit_card,8937.21,1
1242,credit_card,10781.17,1
1243,credit_card,23301.6,6
1244,credit_card,6279.5,6
1246,credit_card,15301.56,12
1247,credit_card,15738.0,3
1248,bank_transfer,11550.93,3
1251,credit_card,60850.44,3
1252,credit_card,18883.38,6
1253,apple_pay,21310.64,1
1254,credit_card,13277.91,6
1255,cod,15765.42,1
1256,credit_card,48810.6,1
1257,apple_pay,22153.8,3
1258,cod,10479.4,1
1260,credit_card,28675.8,6
1261,apple_pay,77810.4,3
1262,credit_card,75556.39,1
1263,cod,88192.72,1
1264,credit_card,16681.76,6
1265,paypal,12069.84,6
1266,credit_card,9681.75,1
1267,credit_card,23950.26,1
1268,credit_card,27407.9,6
1271,paypal,78363.2,1
1272,credit_card,18859.75,3
1273,credit_card,2664.98,3
1274,credit_card,7824.12,6
1275,paypal,59977.68,3
1276,credit_card,57810.27,3
1277,cod,8161.04,1
1278,paypal,10232.01,12
1279,credit_card,30936.64,1
1280,credit_card,10538.4,6
1281,cod,26462.04,1
1283,credit_card,10129.68,3
1284,cod,27043.28,1
1285,credit_card,33445.75,1
1287,credit_card,12701.62,3
1288,credit_card,88131.2,6
1290,credit_card,3403.01,1
1291,cod,42418.81,1
1292,credit_card,28554.45,1
1293,credit_card,65635.99,6
1294,paypal,7376.34,12
1297,credit_card,8846.1,6
1298,credit_card,84051.76,1
1299,paypal,11624.16,3
1301,credit_card,31043.36,1
1302,credit_card,7299.12,3
1303,credit_card,3561.73,1
1304,credit_card,2332.1,6
1305,apple_pay,26240.48,3
1307,cod,19404.7,1
1308,credit_card,8891.52,3
1309,credit_card,7342.12,3
1310,apple_pay,56470.56,3
1311,apple_pay,24288.48,6
1312,bank_transfer,15760.28,6
1313,credit_card,21691.32,3
1314,credit_card,84396.62,1
1315,credit_card,34209.75,1
1316,paypal,75608.64,12
1317,credit_card,22626.66,3
1318,cod,16418.55,1
1319,credit_card,27215.4,3
1320,cod,15760.38,1
1321,cod,12380.25,1
1322,credit_card,27657.0,1
1323,credit_card,29809.04,12
1324,cod,23494.5,1
1325,credit_card,30859.44,6
1326,paypal,3463.75,3
1327,credit_card,7821.63,3
1328,credit_card,4297.98,3
1329,apple_pay,23264.78,6
1333,credit_card,26530.8,12
1334,credit_card,15586.76,3
1335,credit_card,60408.32,3
1337,apple_pay,7002.8,1
1338,cod,62705.04,1
1339,credit_card,26835.84,12
1340,credit_card,5753.75,3
1341,credit_card,24549.84,1
1343,credit_card,73495.8,6
1345,credit_card,42228.06,3
1346,apple_pay,69876.24,6
1347,credit_card,30843.36,1
1348,bank_transfer,15807.4,3
1349,credit_card,7576.98,1
1350,cod,36638.14,1
1351,cod,3840.07,1
1352,cod,8673.28,1
1354,credit_card,36682.16,1
1355,apple_pay,33447.12,3
1356,credit_card,11351.35,6
1357,credit_card,17690.52,3
1358,cod,9585.5,1
1359,credit_card,11718.96,1
1360,credit_card,13747.84,12
1361,paypal,1584.3,3
1362,credit_card,8300.7,12
1364,apple_pay,6720.56,6
1366,cod,33566.34,1
1368,apple_pay,15203.56,6
1369,credit_card,29762.04,3
1371,credit_card,15669.21,3
1372,paypal,27665.34,3
1373,cod,43914.92,1
1376,paypal,10647.11,12
1378,cod,5960.67,1
1379,cod,11568.99,1
1380,credit_card,7366.88,1
1381,credit_card,29948.64,6
1383,credit_card,42501.0,6
1384,credit_card,64096.35,6
1385,cod,19365.6,1
1387,credit_card,10990.42,3
1388,credit_card,10727.57,1
1389,credit_card,68288.1,12
1391,paypal,21692.8,6
1392,credit_card,15192.84,1
1395,apple_pay,48878.35,6
1396,apple_pay,31804.56,12
1397,credit_card,23811.5,3
1398,credit_card,37149.98,1
1399,credit_card,7513.88,1
1400,credit_card,13875.54,1
1401,credit_card,12520.48,1
1402,apple_pay,6371.48,12
1403,credit_card,31605.76,1
1404,paypal,18327.28,3
1405,credit_card,35108.9,12
1406,credit_card,35316.68,1
1407,credit_card,56506.1,3
1408,paypal,6986.99,3
1409,credit_card,12148.68,1
1410,apple_pay,10390.87,6
1411,credit_card,5813.56,3
1412,credit_card,11577.63,12
1414,credit_card,49456.33,1
1415,credit_card,13588.95,1
1416,credit_card,36852.48,3
1417,credit_card,45814.58,6
1419,bank_transfer,2133.57,6
1420,credit_card,699.77,3
1422,credit_card,2788.52,3
1423,apple_pay,3514.0,1
1424,credit_card,41633.04,3
1425,credit_card,12027.6,3
1426,credit_card,20116.68,1
1427,credit_card,4147.24,1
1428,credit_card,22906.1,1
1429,credit_card,11375.96,6
1430,credit_card,11122.83,1
1431,paypal,18481.9,1
1432,credit_card,12909.14,6
1433,credit_card,14951.48,3
1434,credit_card,61466.08,1
1435,paypal,7770.3,1
1436,credit_card,11146.68,3
1437,paypal,19057.22,12
1440,credit_card,55578.35,3
1441,paypal,9917.35,1
1442,apple_pay,39903.92,3
1445,credit_card,30301.8,6
1446,credit_card,32024.91,3
1447,credit_card,8039.66,1
1449,credit_card,27010.55,3
1450,credit_card,23460.08,1
1451,credit_card,52587.45,1
1454,credit_card,14749.87,12
1455,cod,36952.37,1
1456,credit_card,7946.88,1
1457,cod,34094.32,1
1459,credit_card,21658.4,6
1460,paypal,21350.92,1
1463,credit_card,88071.68,1
1464,credit_card,25196.58,3
1465,cod,9944.37,1
1466,credit_card,44684.4,3
1469,credit_card,14926.64,1
1470,cod,5887.2,1
1471,paypal,5893.35,1
1474,bank_transfer,11394.21,1
1476,credit_card,58065.36,3
1477,credit_card,32172.63,1
1478,cod,15935.15,1
1480,paypal,30479.85,1
1481,paypal,58209.36,1
1485,credit_card,3828.32,3
1487,credit_card,13201.5,3
1489,apple_pay,20855.64,3
1490,credit_card,41299.2,1
1492,paypal,11450.88,3
1493,credit_card,35083.65,6
1494,credit_card,6266.5,3
1496,credit_card,20384.7,1
1497,apple_pay,6813.62,1
1498,apple_pay,78443.96,3
1499,credit_card,19068.98,1
1503,paypal,64180.45,3
1504,cod,5557.2,1
1505,credit_card,5775.84,3
1507,credit_card,3612.24,1
1508,credit_card,4459.72,1
1509,credit_card,8001.72,1
1510,apple_pay,10181.1,6
1511,bank_transfer,57251.4,1
1512,credit_card,68767.0,12
1513,credit_card,11506.68,3
1514,credit_card,58480.2,1
1517,apple_pay,2047.9,1
1519,credit_card,16106.58,12
1520,credit_card,35808.75,1
1521,apple_pay,79506.75,1
1522,credit_card,3627.15,3
1523,cod,32275.84,1
1524,paypal,8168.86,12
1526,credit_card,74648.0,3
1527,credit_card,33918.69,6
1528,paypal,63486.24,12
1530,credit_card,10103.1,1
1531,credit_card,9785.6,3
1532,credit_card,8167.6,6
1533,paypal,4655.72,1
1534,credit_card,88633.84,6
1535,paypal,4706.56,12
1536,credit_card,21468.18,3
1539,paypal,10946.12,1
1541,apple_pay,17325.73,1
1542,credit_card,4088.48,1
1543,paypal,13308.32,6
1544,paypal,22974.77,1
1545,paypal,4090.5,6
1547,credit_card,139331.78,1
1548,credit_card,9415.58,3
1549,credit_card,35212.24,3
1550,cod,32552.16,1
1551,credit_card,8140.8,1
1552,credit_card,4252.8,12
1553,credit_card,58044.0,1
1554,apple_pay,23171.56,12
1555,cod,88920.86,1
1557,paypal,27968.9,3
1558,paypal,18092.08,3
1559,credit_card,43493.44,3
1561,credit_card,19239.75,3
1562,credit_card,9633.2,12
1563,paypal,55148.75,3
1564,cod,33971.76,1
1565,apple_pay,3886.11,6
1567,paypal,15290.68,1
1568,bank_transfer,24131.42,6
1569,cod,95053.7,1
1571,credit_card,14291.21,3
1572,cod,11368.5,1
1573,credit_card,68290.39,6
1574,cod,79881.28,1
1575,credit_card,8114.2,3
1576,credit_card,94105.97,6
1578,cod,40361.0,1
1579,credit_card,34534.3,1
1580,paypal,40362.92,1
1581,cod,58896.6,1
1582,cod,16887.12,1
1583,paypal,11002.57,1
1584,credit_card,26358.72,1
1585,credit_card,60388.32,3
1586,cod,7187.62,1
1587,credit_card,49656.8,3
1588,credit_card,3759.82,3
1589,credit_card,41657.2,6
1591,credit_card,102756.57,6
1592,credit_card,56035.3,3
1593,apple_pay,1401.1,6
1594,paypal,4850.79,3
1595,cod,24266.92,1
1596,credit_card,19893.6,12
1598,credit_card,23741.28,3
1599,cod,4264.98,1
1600,credit_card,1409.1,3
1601,paypal,15904.56,1
1603,credit_card,36922.5,3
1604,cod,20851.32,1
1605,credit_card,75598.86,12
1606,credit_card,20261.16,1
1608,credit_card,9436.48,3
1609,apple_pay,26030.76,3
1610,paypal,32843.76,12
1611,paypal,56316.64,3
1612,bank_transfer,53190.48,6
1613,paypal,84100.66,3
1615,cod,7813.33,1
1616,credit_card,10241.94,12
1617,paypal,14407.55,3
1618,credit_card,19781.37,6
1619,paypal,13049.09,3
1620,credit_card,14230.81,3
1622,credit_card,22200.52,6
1623,paypal,18413.34,1
1625,credit_card,32490.0,1
1626,apple_pay,25119.14,3
1627,paypal,35174.64,6
1628,credit_card,41304.88,3
1629,credit_card,17582.91,12
1630,cod,31960.75,1
1631,credit_card,22556.46,6
1632,apple_pay,11489.85,3
1633,credit_card,15237.56,3
1634,credit_card,20507.19,1
1635,paypal,11841.96,12
1636,bank_transfer,21103.17,6
1638,credit_card,28795.47,1
1639,paypal,15323.92,3
1640,credit_card,73249.61,3
1641,credit_card,10988.25,1
1642,cod,23626.25,1
1643,credit_card,13640.76,1
1644,paypal,6081.06,3
1646,credit_card,13427.89,3
1647,credit_card,22794.78,3
1648,apple_pay,25643.87,1
1651,credit_card,61578.9,6
1652,credit_card,24966.53,6
1653,credit_card,24201.17,3
1654,credit_card,16565.16,3
1656,credit_card,11130.08,6
1657,credit_card,2631.11,12
1658,paypal,8219.45,6
1659,credit_card,30744.72,6
1660,cod,40691.64,1
1663,apple_pay,12788.05,6
1664,apple_pay,8270.08,6
1665,cod,9259.07,1
1666,credit_card,32399.84,3
1667,paypal,12701.84,3
1668,cod,5529.04,1
1669,credit_card,2051.37,6
1670,paypal,709.11,1
1672,paypal,33501.0,1
1673,credit_card,12259.56,3
1674,bank_transfer,2728.23,1
1675,apple_pay,1758.9,3
1676,paypal,36566.52,6
1677,paypal,79058.0,1
1678,credit_card,11061.56,1
1679,credit_card,24525.88,6
1680,apple_pay,22915.98,3
1681,bank_transfer,13470.9,6
1682,credit_card,12282.16,1
1684,credit_card,24122.16,3
1686,credit_card,39106.8,6
1689,paypal,12679.71,12
1690,credit_card,37306.43,1
1691,credit_card,26953.85,6
1693,apple_pay,30198.98,1
1695,credit_card,44088.28,12
1696,credit_card,20240.56,3
1697,credit_card,55028.45,3
1699,credit_card,18882.6,12
1700,credit_card,20231.8,6
1701,credit_card,50431.52,1
1702,credit_card,5377.15,3
1703,cod,88192.96,1
1704,credit_card,42611.24,1
1705,credit_card,22295.34,6
1706,credit_card,21840.24,3
1709,paypal,1153.45,3
1710,cod,8013.84,1
1711,credit_card,3952.08,6
1712,bank_transfer,22416.24,6
1713,credit_card,52656.2,3
1714,bank_transfer,6946.86,1
1715,cod,25372.68,1
1716,bank_transfer,4204.16,3
1717,credit_card,50798.05,1
1718,credit_card,55146.7,1
1719,credit_card,9247.5,12
1720,credit_card,2356.9,12
1722,paypal,43999.76,1
1724,credit_card,28848.63,1
1725,credit_card,12652.32,1
1726,credit_card,67339.02,3
1727,credit_card,8218.91,3
1728,paypal,9332.24,1
1729,credit_card,31221.66,6
1730,apple_pay,5364.72,12
1731,credit_card,1371.92,1
1732,paypal,28246.15,1
1734,credit_card,43724.76,6
1735,cod,19161.3,1
1738,credit_card,12237.88,1
1740,credit_card,4869.34,3
1742,credit_card,3278.32,6
1743,cod,26637.52,1
1744,paypal,13395.0,1
1746,credit_card,21887.58,1
1747,cod,17606.86,1
1748,bank_transfer,38171.8,3
1751,apple_pay,40390.28,3
1753,bank_transfer,5179.32,1
1756,paypal,9394.12,3
1757,credit_card,10687.27,6
1758,credit_card,23219.64,1
1759,credit_card,10815.98,3
1760,paypal,26182.56,6
1761,cod,13309.44,1
1762,credit_card,3767.85,3
1763,apple_pay,4433.16,6
1764,credit_card,24408.84,1
1765,apple_pay,3802.59,6
1766,credit_card,132503.6,1
1767,credit_card,20485.5,3
1769,credit_card,22526.19,3
1770,paypal,9201.12,3
1771,apple_pay,33212.0,3
1772,cod,44885.84,1
1774,apple_pay,17710.8,1
1777,paypal,31982.24,1
1778,bank_transfer,23268.21,6
1780,paypal,17442.96,6
1781,credit_card,2853.53,1
1783,apple_pay,33625.74,1
1784,credit_card,11255.4,3
1785,cod,43172.56,1
1787,cod,55585.0,1
1789,bank_transfer,25167.12,3
1790,credit_card,22876.68,1
1791,credit_card,3939.75,6
1792,paypal,14999.24,1
1793,credit_card,67659.42,3
1794,credit_card,53106.9,6
1795,paypal,39396.76,6
1796,credit_card,20494.65,3
1797,credit_card,55249.8,3
1798,paypal,55927.4,1
1799,credit_card,1161.31,3
1800,cod,42625.03,1
1802,credit_card,7302.94,3
1803,bank_transfer,11379.59,3
1804,credit_card,24842.9,3
1805,credit_card,16118.72,6
1806,apple_pay,9471.69,3
1807,credit_card,41013.44,1
1808,credit_card,42303.52,6
1809,apple_pay,7907.3,6
1811,apple_pay,23032.6,3
1812,apple_pay,18408.07,3
1813,credit_card,37916.37,3
1814,credit_card,4082.03,3
1815,credit_card,19420.06,6
1817,apple_pay,9272.5,1
1818,credit_card,74688.42,1
1819,apple_pay,15881.08,3
1821,paypal,5790.92,3
1822,credit_card,91731.29,3
1823,credit_card,1609.45,6
1824,apple_pay,3139.34,3
1825,cod,41932.8,1
1826,credit_card,19688.64,1
1827,paypal,5818.18,1
1829,paypal,19817.16,12
1830,cod,3257.31,1
1831,apple_pay,1094.22,3
1832,credit_card,2661.99,6
1834,credit_card,710.01,1
1835,credit_card,2849.16,3
1837,paypal,2640.9,1
1838,credit_card,64755.25,1
1839,credit_card,4852.55,3
1840,credit_card,10774.88,6
1841,apple_pay,3333.21,3
1842,paypal,14990.72,1
1843,bank_transfer,37917.28,12
1846,apple_pay,11017.7,3
1847,credit_card,5562.25,3
1848,apple_pay,26453.37,12
1850,credit_card,35435.45,1
1851,credit_card,32922.24,1
1853,credit_card,11215.86,6
1854,paypal,11756.76,1
1856,paypal,8839.6,1
1858,credit_card,11458.59,1
1859,cod,5492.96,1
1860,credit_card,2886.44,3
1861,credit_card,1913.49,3
1862,cod,39509.54,1
1863,cod,4286.12,1
1864,paypal,43584.16,3
1866,apple_pay,36424.99,6
1867,cod,32480.25,1
1868,credit_card,113335.84,12
1869,credit_card,48054.1,3
1870,credit_card,69849.58,12
1871,credit_card,33505.86,1
1872,cod,9440.08,1
1873,credit_card,23475.9,3
1874,credit_card,34124.65,1
1875,bank_transfer,19440.4,1
1877,credit_card,22869.54,1
1878,cod,7407.47,1
1879,credit_card,4002.03,3
1880,credit_card,6583.6,6
1881,paypal,29101.56,3
1882,credit_card,37094.32,1
1883,credit_card,21803.38,3
1884,cod,25944.05,1
1885,apple_pay,9265.82,3
1886,cod,10819.19,1
1887,credit_card,13637.24,6
1888,credit_card,27970.95,6
1890,credit_card,3552.16,3
1891,credit_card,8014.0,3
1892,paypal,31550.96,1
1893,paypal,6565.93,1
1894,credit_card,7961.84,12
1896,credit_card,13711.98,6
1897,credit_card,67707.12,1
1899,credit_card,30575.6,1
1900,credit_card,4460.58,6
1902,credit_card,16157.34,3
1903,credit_card,20174.24,3
1904,credit_card,4789.8,3
1905,credit_card,3655.5,3
1907,apple_pay,4651.88,6
1909,paypal,13367.34,1
1910,bank_transfer,11202.96,6
1911,cod,11174.91,1
1912,bank_transfer,4798.99,6
1913,credit_card,6295.84,3
1914,cod,17413.6,1
1915,credit_card,22784.62,3
1917,credit_card,6711.48,1
1918,credit_card,40289.6,1
1919,paypal,11094.65,1
1920,credit_card,30662.88,3
1921,paypal,65360.28,3
1923,cod,48647.94,1
1924,apple_pay,18530.6,3
1926,cod,29628.45,1
1927,credit_card,8371.21,1
1929,credit_card,26171.46,1
1930,credit_card,5571.44,6
1931,cod,4158.12,1
1932,credit_card,2777.76,1
1934,cod,9226.9,1
1935,credit_card,7862.88,6
1936,credit_card,9030.24,3
1937,paypal,36522.64,6
1938,cod,3355.08,1
1939,credit_card,26331.7,1
1942,credit_card,10944.28,1
1945,credit_card,19027.9,1
1950,cod,4669.08,1
1951,credit_card,19701.06,3
1953,credit_card,9698.16,1
1955,credit_card,14841.56,12
1957,cod,15114.56,1
1958,credit_card,18148.2,1
1964,credit_card,90652.64,1
1965,credit_card,7737.16,1
1966,credit_card,15809.07,1
1967,credit_card,29647.53,3
1968,apple_pay,42313.6,3
1969,bank_transfer,21199.04,1
1970,cod,12432.08,1
1971,cod,8154.44,1
1972,credit_card,24609.56,3
1973,credit_card,13691.36,1
1974,credit_card,2667.82,1
1975,paypal,6738.85,1
1976,apple_pay,32608.98,3
1977,credit_card,11653.36,1
1978,cod,3429.15,1
1979,credit_card,2135.97,3
1980,credit_card,18980.5,3
1981,cod,36555.96,1
1983,credit_card,5373.24,3
1984,credit_card,7166.25,3
1985,cod,42278.7,1
1991,credit_card,53043.6,3
1992,credit_card,86111.36,6
1993,paypal,20649.83,1
1995,credit_card,43402.28,1
1997,cod,5362.84,1
1999,cod,38872.44,1
2000,cod,19918.02,1
2001,paypal,1132.52,3
2002,credit_card,1440.66,12
2004,paypal,4010.28,1
2005,paypal,7886.52,1
2006,paypal,11987.8,6
2007,credit_card,19192.15,1
2009,cod,78457.61,1
2010,credit_card,21507.28,6
2012,credit_card,29015.3,6
2013,credit_card,30363.34,3
2014,cod,4258.24,1
2015,credit_card,14861.1,12
2017,credit_card,25762.73,1
2018,paypal,3892.18,3
2019,credit_card,17225.97,3
2020,apple_pay,9316.7,6
2022,cod,62762.94,1
2023,cod,9922.85,1
2024,cod,7226.54,1
2025,credit_card,3787.54,6
2026,apple_pay,30812.88,3
2027,credit_card,2777.04,1
2028,apple_pay,687.12,1
2029,credit_card,51031.95,12
2031,credit_card,73134.74,3
2032,credit_card,55666.05,3
2033,apple_pay,12463.14,3
2034,credit_card,31647.52,1
2035,apple_pay,22660.14,1
2036,credit_card,36143.28,3
2041,credit_card,24545.19,3
2042,credit_card,71060.57,3
2043,credit_card,5174.38,3
2045,bank_transfer,7155.2,3
2046,credit_card,5266.2,3
2048,credit_card,26649.85,3
2049,credit_card,35405.3,3
2050,cod,34138.26,1
2051,credit_card,14776.96,3
2052,paypal,25043.05,1
2053,credit_card,8308.3,3
2055,credit_card,3458.94,6
2056,credit_card,1190.83,6
2057,paypal,5716.65,6
2059,credit_card,30988.0,3
2062,paypal,22027.84,3
2063,apple_pay,11324.25,1
2064,cod,42828.36,1
2065,credit_card,9660.5,3
2066,credit_card,15698.18,3
2068,credit_card,44882.25,3
2069,paypal,29841.2,3
2070,apple_pay,42712.39,3
2072,credit_card,12214.7,6
2073,credit_card,77836.43,6
2074,cod,5002.48,1
2075,credit_card,721.22,3
2076,credit_card,4466.56,1
2078,credit_card,19937.4,3
2080,cod,46525.99,1
2081,credit_card,31191.76,6
2083,credit_card,24578.6,3
2084,credit_card,9637.29,12
2087,credit_card,11760.12,3
2088,credit_card,1126.57,1
2089,paypal,9301.04,3
2092,credit_card,23921.96,6
2097,credit_card,2256.7,6
2098,apple_pay,35621.5,3
2099,credit_card,20507.34,3
2101,credit_card,12361.71,12
2102,credit_card,6291.81,1
2104,credit_card,7233.6,6
2105,apple_pay,3283.3,12
2106,cod,20009.16,1
2107,credit_card,26869.64,3
2108,bank_transfer,38028.54,1
2110,cod,21300.48,1
2111,cod,23293.72,1
2112,apple_pay,62749.44,1
2114,credit_card,38549.88,1
2115,credit_card,37439.73,3
2116,credit_card,3826.64,3
2118,credit_card,1618.78,1
2119,credit_card,1627.92,12
2121,credit_card,51535.36,1
2122,credit_card,3929.69,3
2123,credit_card,55501.88,1
2125,paypal,17288.96,1
2127,credit_card,56846.95,6
2128,credit_card,23225.1,3
2129,apple_pay,2826.01,1
2130,credit_card,79878.96,3
2132,credit_card,26871.25,3
2133,credit_card,20277.52,12
2134,bank_transfer,21366.04,12
2135,bank_transfer,14540.61,1
2136,paypal,6809.82,3
2137,credit_card,15524.72,3
2138,paypal,15738.5,1
2141,credit_card,85449.24,12
2142,credit_card,89153.89,3
2143,credit_card,9630.24,3
2144,credit_card,9728.2,12
2145,credit_card,42630.8,3
2146,apple_pay,48788.58,3
2147,paypal,4031.5,6
2149,credit_card,2461.05,3
2150,paypal,11400.72,3
2151,cod,33428.78,1
2153,cod,38333.88,1
2154,apple_pay,24322.14,6
2155,credit_card,11936.16,6
2157,cod,12646.77,1
2160,credit_card,7770.23,12
2162,paypal,89719.42,3
2163,apple_pay,26236.42,3
2164,credit_card,19298.85,3
2165,credit_card,18756.75,3
2166,credit_card,5765.55,3
2167,cod,44474.68,1
2168,credit_card,88777.78,1
2169,credit_card,6841.36,1
2170,cod,60688.4,1
2172,apple_pay,83068.3,3
2173,apple_pay,36382.2,6
2174,credit_card,78351.44,3
2175,credit_card,6093.89,3
2176,cod,80308.68,1
2177,credit_card,88075.61,3
2178,credit_card,59356.68,3
2179,credit_card,11055.5,12
2180,credit_card,28385.46,3
2182,credit_card,69264.09,3
2183,paypal,42753.95,1
2184,cod,11111.31,1
2185,paypal,3991.13,3
2186,credit_card,2073.32,6
2188,cod,54514.2,1
2189,credit_card,11149.82,3
2190,apple_pay,1178.58,3
2191,credit_card,75697.5,1
2192,apple_pay,34997.2,3
2193,credit_card,38401.68,1
2194,cod,32795.58,1
2195,credit_card,6875.45,1
2196,paypal,44136.84,12
2197,credit_card,10678.83,3
2198,paypal,13709.12,3
2199,credit_card,12040.5,3
2200,credit_card,7386.24,6
2201,credit_card,35409.84,12
2202,paypal,10164.03,1
2203,credit_card,2090.02,1
2204,apple_pay,7924.38,6
2205,credit_card,64131.85,6
2206,apple_pay,30455.1,1
2207,bank_transfer,107614.88,1
2208,credit_card,18346.77,3
2209,credit_card,10980.1,1
2210,cod,9618.16,1
2213,paypal,4532.9,1
2214,credit_card,11086.72,12
2215,credit_card,2905.4,3
2216,apple_pay,7340.5,3
2217,credit_card,58774.68,3
2220,credit_card,23445.04,1
2221,bank_transfer,9073.68,3
2223,credit_card,50225.08,1
2224,credit_card,6976.68,1
2226,credit_card,10840.16,1
2227,apple_pay,1326.67,12
2230,paypal,56730.18,1
2231,paypal,5084.58,12
2232,cod,11949.3,1
2233,credit_card,47086.32,6
2234,credit_card,9442.38,6
2235,credit_card,15973.92,3
2236,paypal,64079.84,6
2241,credit_card,14960.52,3
2242,cod,22693.51,1
2243,bank_transfer,7286.13,1
2244,credit_card,2761.48,3
2245,paypal,2066.91,3
2246,paypal,25227.85,3
2247,cod,64947.54,1
2251,credit_card,2051.33,1
2253,credit_card,6433.61,1
2255,cod,3572.24,1
2256,apple_pay,6343.56,1
2257,credit_card,32873.75,6
2258,credit_card,45877.36,3
2259,credit_card,11060.67,3
2260,credit_card,23457.91,3
2263,cod,2017.23,1
2264,apple_pay,7328.9,3
2265,cod,35496.96,1
2266,credit_card,4216.08,1
2267,credit_card,6325.83,1
2268,apple_pay,13806.6,6
2269,apple_pay,14777.35,3
2270,credit_card,15128.6,1
2272,credit_card,4079.82,3
2273,paypal,8267.56,3
2274,cod,12232.98,1
2276,credit_card,5995.35,12
2277,paypal,90634.88,3
2280,credit_card,50518.52,1
2281,paypal,89075.36,3
2283,cod,12669.68,1
2284,paypal,10917.13,6
2285,apple_pay,7752.52,3
2286,cod,65401.0,1
2287,bank_transfer,30654.4,1
2288,credit_card,27263.32,3
2290,credit_card,4015.88,6
2291,credit_card,85975.04,3
2292,cod,20354.64,1
2293,credit_card,18914.73,6
2294,credit_card,4051.23,3
2296,credit_card,16052.64,1
2302,credit_card,4003.02,6
2303,credit_card,23680.8,3
2306,paypal,22604.94,3
2307,credit_card,7228.96,1
2308,paypal,5414.88,1
2309,credit_card,13825.35,3
2310,paypal,8222.18,3
2311,credit_card,45586.96,1
2312,cod,24959.04,1
2313,bank_transfer,49042.28,3
2314,paypal,11984.34,1
2315,credit_card,18572.04,3
2316,credit_card,19384.15,3
2318,credit_card,88687.41,1
2320,credit_card,92821.4,1
2321,cod,3591.96,1
2322,paypal,6130.32,3
2324,credit_card,22677.36,3
2325,credit_card,53962.72,1
2327,credit_card,35285.72,6
2328,bank_transfer,36253.21,6
2329,paypal,4759.64,1
2331,cod,42930.16,1
2332,credit_card,41475.77,3
2333,paypal,90805.28,3
2334,credit_card,42171.62,3
2335,paypal,38635.76,3
2336,cod,3692.5,1
2337,credit_card,14506.52,3
2338,apple_pay,4165.66,3
2339,credit_card,49505.89,3
2341,credit_card,39168.51,12
2345,cod,66587.0,1
2346,bank_transfer,6272.4,12
2347,credit_card,7146.35,1
2348,cod,62645.45,1
2349,credit_card,10001.37,6
2350,credit_card,66499.38,3
2351,cod,40325.4,1
2353,cod,50976.42,1
2354,credit_card,23093.76,3
2355,cod,16287.92,1
2357,credit_card,74004.63,3
2358,cod,31921.5,1
2359,paypal,60230.52,3
2360,apple_pay,104010.16,12
2361,credit_card,7858.87,3
2362,cod,38260.12,1
2364,credit_card,20852.09,1
2365,cod,18768.24,1
2366,apple_pay,27441.89,3
2367,paypal,17540.58,3
2368,cod,26661.18,1
2369,credit_card,36206.24,12
2370,cod,27171.3,1
2371,cod,9111.12,1
2372,credit_card,75421.26,3
2373,credit_card,20851.02,3
2374,credit_card,49674.05,6
2375,cod,7221.9,1
2377,apple_pay,104493.44,3
2380,credit_card,25631.44,3
2381,credit_card,3947.46,6
2383,apple_pay,13308.6,3
2384,cod,11155.44,1
2386,paypal,12761.18,12
2390,paypal,31967.76,6
2391,cod,27129.94,1
2393,paypal,5668.53,3
2394,credit_card,11104.29,1
2395,credit_card,8009.13,1
2397,credit_card,32558.07,12
2398,credit_card,11757.56,6
2399,apple_pay,9445.62,3
2400,cod,30360.56,1
2401,credit_card,29159.82,3
2404,credit_card,28142.98,6
2405,bank_transfer,1828.0,1
2408,cod,15302.32,1
2409,credit_card,16781.36,6
2410,cod,37908.3,1
2411,credit_card,6182.48,6
2412,cod,10966.88,1
2414,credit_card,6932.64,3
2415,credit_card,8550.68,6
2418,credit_card,9778.56,12
2419,credit_card,3960.43,3
2420,credit_card,27777.54,1
2421,credit_card,43247.6,6
2422,cod,103782.77,1
2423,credit_card,48330.36,3
2424,bank_transfer,22337.76,6
2425,credit_card,27132.4,3
2426,credit_card,14478.72,1
2428,apple_pay,7949.92,1
2430,credit_card,5768.95,12
2431,paypal,28167.78,6
2432,credit_card,20727.87,6
2433,credit_card,24103.36,3
2436,credit_card,21792.04,3
2437,paypal,6586.78,3
2438,credit_card,4130.6,6
2439,apple_pay,8080.48,1
2440,credit_card,56838.56,3
2441,credit_card,8872.56,1
2442,credit_card,37451.34,1
2443,credit_card,6489.86,12
2444,credit_card,7261.57,6
2446,bank_transfer,12542.06,3
2448,credit_card,32761.14,3
2449,cod,1421.02,1
2450,credit_card,3560.8,6
2451,credit_card,11206.04,3
2452,credit_card,17404.26,3
2453,credit_card,64995.07,1
2455,cod,3865.99,1
2456,paypal,10323.98,6
2457,apple_pay,21242.84,12
2458,credit_card,66122.58,1
2459,apple_pay,9249.95,3
2460,credit_card,9414.64,6
2461,cod,6008.28,1
2462,credit_card,41700.8,6
2463,cod,38660.2,1
2464,cod,27500.16,1
2465,paypal,3819.19,1
2466,credit_card,10625.66,1
2467,credit_card,29913.65,3
2468,apple_pay,8091.65,1
2470,credit_card,7722.56,1
2472,apple_pay,45162.53,3
2474,credit_card,45385.84,1
2476,paypal,90396.6,1
2477,credit_card,7032.72,1
2479,credit_card,10247.67,6
2481,cod,21208.74,1
2482,credit_card,19009.98,1
2484,apple_pay,4750.64,3
2485,bank_transfer,3509.82,3
2487,bank_transfer,9672.2,3
2488,paypal,24573.84,3
2489,paypal,16153.0,3
2490,apple_pay,11876.48,1
2493,bank_transfer,47869.45,6
2494,credit_card,6613.47,12
2495,paypal,18305.4,1
2496,credit_card,11929.78,3
2497,cod,24291.8,1
2498,apple_pay,15408.36,3
2499,credit_card,29206.47,1
2500,credit_card,38656.1,3
2501,bank_transfer,35079.35,1
2502,paypal,6985.7,3
2503,apple_pay,8850.62,1
2504,credit_card,6667.62,12
2507,apple_pay,60811.52,3
2509,credit_card,4814.4,6
2510,apple_pay,6351.16,3
2511,credit_card,16183.75,3
2513,credit_card,67111.86,12
2515,credit_card,89237.6,3
2517,credit_card,57491.57,3
2518,credit_card,30388.35,3
2519,cod,24487.56,1
2520,apple_pay,25655.85,6
2521,apple_pay,7756.89,6
2523,credit_card,21408.0,12
2524,credit_card,3682.95,3
2526,bank_transfer,8934.4,6
2527,paypal,14907.4,1
2528,credit_card,25998.64,1
2529,credit_card,36841.75,6
2530,credit_card,8390.0,3
2532,credit_card,3544.41,3
2533,credit_card,5887.94,1
2534,credit_card,1791.88,6
2535,credit_card,12806.01,6
2536,bank_transfer,43271.44,1
2538,cod,36647.76,1
2539,credit_card,18887.42,1
2540,credit_card,3395.1,3
2541,credit_card,3431.88,1
2542,cod,28901.85,1
2543,apple_pay,31306.0,3
2544,credit_card,23957.76,12
2545,credit_card,20529.74,3
2546,credit_card,3123.92,3
2548,credit_card,15996.0,3
2549,credit_card,15830.0,3
2551,credit_card,4466.76,3
2552,paypal,50618.68,1
2554,cod,9698.32,1
2555,credit_card,3383.79,3
2556,bank_transfer,9676.38,6
2557,paypal,4036.72,6
2561,apple_pay,10655.36,6
2562,credit_card,1344.81,1
2563,credit_card,76136.64,1
2564,paypal,7930.6,3
2565,credit_card,31996.83,1
2566,credit_card,7165.86,3
2567,credit_card,47499.28,12
2572,credit_card,7811.1,1
2573,paypal,30025.36,12
2574,cod,47029.84,1
2575,bank_transfer,55729.3,3
2576,credit_card,3782.4,1
2578,credit_card,53151.42,3
2579,credit_card,4788.12,3
2581,credit_card,3556.74,3
2582,cod,88514.23,1
2583,credit_card,89069.75,1
2586,apple_pay,76880.04,6
2587,paypal,9157.52,3
2588,cod,63334.75,1
2590,credit_card,7881.02,3
2591,credit_card,12641.92,3
2593,paypal,32130.48,3
2595,credit_card,49268.94,3
2596,credit_card,26308.8,12
2597,paypal,53611.56,1
2599,cod,10431.8,1
2601,credit_card,17268.64,3
2602,paypal,56239.6,3
2604,credit_card,4666.29,1
2605,cod,24242.52,1
2606,credit_card,53507.74,6
2607,credit_card,1628.97,1
2608,credit_card,6289.8,3
2609,credit_card,87997.6,3
2610,credit_card,102248.79,1
2612,credit_card,41534.99,3
2614,credit_card,20233.4,3
2616,credit_card,17622.26,6
2617,credit_card,16286.34,6
2618,paypal,14631.4,12
2619,paypal,45809.52,3
2620,credit_card,4753.92,1
2621,credit_card,8307.18,1
2622,credit_card,23402.04,3
2623,credit_card,24641.96,6
2624,credit_card,1111.27,3
2625,bank_transfer,2187.7,1
2626,paypal,29357.16,3
2628,credit_card,13273.65,12
2629,credit_card,37156.32,6
2630,credit_card,12695.18,6
2631,credit_card,15329.04,6
2632,apple_pay,1557.71,6
2633,cod,12751.68,1
2634,paypal,16601.1,1
2635,cod,10654.26,1
2636,credit_card,6967.68,3
2638,paypal,1256.33,1
2639,cod,47617.12,1
2640,paypal,31478.88,6
2644,cod,7202.6,1
2645,bank_transfer,57320.52,1
2647,paypal,23261.0,3
2648,paypal,11059.97,1
2649,credit_card,13974.88,12
