return_id,order_id,product_id,return_date,return_reason,return_quantity,refund_amount
RET-000001,2,609,2012-07-25,late_delivery,6,52458.01
RET-000002,32,1862,2012-07-16,wrong_size,2,5141.37
RET-000003,35,2359,2012-07-16,wrong_size,1,5315.95
RET-000004,47,1449,2012-07-11,wrong_size,4,6493.75
RET-000005,47,1450,2012-07-25,wrong_size,1,1740.76
RET-000006,59,671,2012-07-19,defective,1,10086.33
RET-000007,67,604,2012-07-16,wrong_size,1,5713.22
RET-000008,102,467,2012-07-17,defective,1,9724.09
RET-000010,108,635,2012-07-30,wrong_size,5,43387.54
RET-000012,132,103,2012-07-29,changed_mind,2,19200.35
RET-000013,135,1668,2012-07-12,not_as_described,1,4834.0
RET-000014,144,396,2012-07-18,changed_mind,2,21480.07
RET-000015,146,2064,2012-07-29,changed_mind,8,45752.21
RET-000016,147,1156,2012-07-15,changed_mind,1,3585.13
RET-000018,192,1086,2012-07-14,wrong_size,1,977.65
RET-000019,211,1228,2012-07-28,wrong_size,2,2963.07
RET-000020,305,2250,2012-07-27,defective,1,1461.39
RET-000021,305,2251,2012-07-20,wrong_size,1,1511.59
RET-000022,336,396,2012-07-14,late_delivery,5,51989.35
RET-000024,373,647,2012-07-31,defective,1,10993.16
RET-000025,405,1085,2012-07-27,changed_mind,1,1030.19
RET-000026,405,1086,2012-07-24,changed_mind,1,996.14
RET-000027,409,635,2012-07-28,defective,1,9498.84
RET-000028,412,676,2012-08-04,wrong_size,2,18304.91
RET-000029,423,495,2012-07-24,defective,5,42109.26
RET-000030,430,475,2012-07-21,changed_mind,4,50712.69
RET-000032,530,1926,2012-07-17,not_as_described,3,3128.82
RET-000033,530,1927,2012-07-31,defective,1,989.52
RET-000034,533,1003,2012-07-19,changed_mind,3,2984.49
RET-000035,535,757,2012-07-18,changed_mind,2,1722.68
RET-000036,573,604,2012-07-27,defective,2,12072.58
RET-000037,574,1001,2012-08-04,defective,5,23287.95
RET-000038,584,396,2012-07-25,wrong_size,5,47746.91
RET-000039,587,94,2012-07-22,not_as_described,8,78524.23
RET-000040,610,604,2012-07-27,defective,1,5473.26
RET-000043,637,739,2012-07-25,changed_mind,1,1753.14
RET-000044,665,676,2012-07-22,changed_mind,5,42988.3
RET-000047,703,785,2012-07-26,wrong_size,2,1313.76
RET-000048,703,786,2012-08-05,wrong_size,6,3896.87
RET-000049,705,413,2012-07-22,defective,4,52503.65
RET-000050,720,396,2012-07-15,not_as_described,1,9949.49
RET-000052,751,725,2012-07-19,not_as_described,2,2735.52
RET-000053,751,726,2012-07-22,not_as_described,4,5243.86
RET-000054,783,1014,2012-07-26,not_as_described,2,1783.07
RET-000055,790,1201,2012-07-29,wrong_size,8,50934.33
RET-000056,815,2240,2012-07-24,wrong_size,1,1035.69
RET-000057,815,2241,2012-08-04,wrong_size,2,2126.95
RET-000059,839,1490,2012-07-19,wrong_size,1,3063.89
RET-000060,841,1451,2012-07-19,wrong_size,4,16827.48
RET-000061,841,1452,2012-07-26,wrong_size,3,13759.34
RET-000062,879,992,2012-07-29,wrong_size,1,3013.98
RET-000066,953,2064,2012-07-31,changed_mind,1,6477.59
RET-000067,982,1047,2012-07-25,defective,2,5172.68
RET-000068,1019,2253,2012-07-25,changed_mind,1,1525.9
RET-000070,1039,1916,2012-08-04,changed_mind,2,6379.13
RET-000071,1049,1120,2012-07-25,not_as_described,6,13525.45
RET-000072,1064,647,2012-07-23,defective,4,37090.45
RET-000073,1070,2269,2012-07-28,defective,3,10394.13
RET-000074,1110,2332,2012-08-06,wrong_size,6,33066.93
RET-000076,1155,2234,2012-07-28,changed_mind,5,3996.66
RET-000078,1169,2204,2012-07-29,defective,1,1657.8
RET-000079,1239,2407,2012-07-23,wrong_size,2,1804.34
RET-000082,1294,2388,2012-07-28,not_as_described,1,3588.15
RET-000083,1323,573,2012-07-27,defective,8,29572.42
RET-000084,1338,484,2012-07-21,changed_mind,2,28510.69
RET-000085,1358,2234,2012-07-26,defective,5,3623.06
RET-000086,1358,2235,2012-07-29,wrong_size,3,2321.11
RET-000087,1368,1426,2012-08-07,defective,1,3597.4
RET-000088,1376,565,2012-07-17,defective,1,10091.16
RET-000090,1395,622,2012-07-29,defective,3,28117.7
RET-000091,1434,559,2012-07-24,changed_mind,5,33389.26
RET-000092,1447,606,2012-07-24,wrong_size,1,3769.33
RET-000093,1476,2054,2012-07-21,changed_mind,7,47099.43
RET-000095,1499,596,2012-07-26,defective,1,8450.74
RET-000096,1513,1227,2012-08-02,wrong_size,2,7072.27
RET-000097,1519,2379,2012-07-21,wrong_size,6,13192.91
RET-000098,1524,976,2012-08-09,not_as_described,1,3498.2
RET-000099,1536,895,2012-07-22,wrong_size,2,12197.78
RET-000102,1565,976,2012-07-29,defective,1,3556.47
RET-000103,1600,1974,2012-07-31,wrong_size,2,1339.38
RET-000104,1608,2396,2012-07-28,not_as_described,5,5051.09
RET-000105,1623,604,2012-07-30,defective,3,17521.98
RET-000106,1642,1360,2012-08-10,wrong_size,1,4607.58
RET-000107,1669,785,2012-08-05,late_delivery,2,1296.72
RET-000108,1674,758,2012-07-31,wrong_size,1,866.92
RET-000109,1686,622,2012-07-25,late_delivery,2,18018.15
RET-000112,1740,785,2012-08-13,not_as_described,2,1287.11
RET-000113,1740,786,2012-08-09,changed_mind,2,1301.2
RET-000114,1789,1139,2012-08-06,defective,2,15133.06
RET-000115,1803,671,2012-07-23,wrong_size,1,10007.74
RET-000116,1818,826,2012-07-31,wrong_size,5,53670.76
RET-000117,1841,2400,2012-08-03,not_as_described,1,956.03
RET-000118,1850,2331,2012-08-09,late_delivery,5,35354.54
RET-000122,1911,467,2012-07-26,wrong_size,1,11013.95
RET-000124,2057,1230,2012-07-22,changed_mind,1,5013.12
RET-000125,2074,2255,2012-07-27,defective,1,674.79
RET-000126,2075,2254,2012-07-30,wrong_size,1,632.62
RET-000129,2133,550,2012-08-04,late_delivery,3,13449.34
RET-000130,2138,484,2012-07-23,not_as_described,1,14880.18
RET-000131,2170,2384,2012-07-28,wrong_size,1,7441.06
RET-000132,2174,596,2012-07-23,late_delivery,7,63977.13
RET-000133,2180,596,2012-08-09,defective,3,24861.66
RET-000134,2182,676,2012-07-31,defective,4,36202.95
RET-000135,2191,826,2012-07-28,changed_mind,1,11806.56
RET-000136,2204,964,2012-08-06,not_as_described,1,3439.77
RET-000137,2213,2250,2012-07-31,changed_mind,1,1469.26
RET-000138,2213,2251,2012-08-11,wrong_size,1,1488.29
RET-000141,2270,753,2012-08-01,wrong_size,1,2893.39
RET-000143,2325,915,2012-07-30,wrong_size,4,26661.58
RET-000144,2331,990,2012-08-03,wrong_size,4,20661.21
RET-000146,2367,966,2012-08-09,not_as_described,3,15035.92
RET-000151,2422,819,2012-08-14,wrong_size,2,25515.22
RET-000152,2468,1006,2012-08-10,wrong_size,4,4338.81
RET-000153,2470,1484,2012-08-11,not_as_described,8,7334.93
RET-000155,2524,2255,2012-07-27,changed_mind,4,2908.81
RET-000156,2532,2396,2012-07-29,not_as_described,1,1169.99
RET-000157,2538,2070,2012-08-10,wrong_size,3,16457.87
RET-000158,2543,606,2012-07-31,not_as_described,8,26810.39
RET-000159,2545,609,2012-08-10,wrong_size,1,9034.59
RET-000160,2548,2074,2012-08-03,wrong_size,4,15279.77
RET-000161,2567,966,2012-08-03,wrong_size,7,36252.76
RET-000163,2628,1298,2012-08-10,wrong_size,3,12779.24
RET-000164,2636,1061,2012-08-07,changed_mind,4,6123.19
