order_id,ship_date,delivery_date,shipping_fee
1,2012-07-07,2012-07-11,1.37
2,2012-07-06,2012-07-10,2.6
3,2012-07-04,2012-07-07,2.38
4,2012-07-05,2012-07-11,2.49
6,2012-07-09,2012-07-16,25.79
7,2012-07-06,2012-07-12,1.31
8,2012-07-06,2012-07-11,0.43
9,2012-07-07,2012-07-13,0.18
10,2012-07-07,2012-07-13,0.86
13,2012-07-09,2012-07-12,2.44
15,2012-07-07,2012-07-10,0.4
16,2012-07-07,2012-07-12,1.91
17,2012-07-08,2012-07-11,1.54
18,2012-07-06,2012-07-11,2.33
20,2012-07-07,2012-07-14,2.23
21,2012-07-04,2012-07-07,1.04
23,2012-07-09,2012-07-12,0.18
24,2012-07-08,2012-07-11,0.03
25,2012-07-06,2012-07-13,1.23
28,2012-07-07,2012-07-11,0.47
29,2012-07-08,2012-07-14,23.04
30,2012-07-07,2012-07-11,31.59
32,2012-07-06,2012-07-12,1.1
33,2012-07-05,2012-07-08,0.28
34,2012-07-07,2012-07-11,1.45
35,2012-07-06,2012-07-12,0.16
36,2012-07-06,2012-07-09,25.47
38,2012-07-06,2012-07-09,31.33
39,2012-07-07,2012-07-09,2.36
41,2012-07-05,2012-07-10,1.86
43,2012-07-05,2012-07-08,1.52
44,2012-07-08,2012-07-12,2.68
45,2012-07-05,2012-07-12,1.25
47,2012-07-06,2012-07-08,1.45
48,2012-07-04,2012-07-06,0.67
49,2012-07-04,2012-07-07,0.7
50,2012-07-05,2012-07-07,2.13
52,2012-07-07,2012-07-11,0.82
53,2012-07-07,2012-07-12,2.04
56,2012-07-06,2012-07-12,1.07
59,2012-07-06,2012-07-09,1.1
60,2012-07-05,2012-07-09,2.11
62,2012-07-06,2012-07-13,25.42
63,2012-07-07,2012-07-09,1.06
66,2012-07-04,2012-07-06,0.88
67,2012-07-06,2012-07-13,0.44
68,2012-07-06,2012-07-13,2.04
70,2012-07-06,2012-07-08,2.18
72,2012-07-07,2012-07-09,2.07
74,2012-07-04,2012-07-08,1.02
75,2012-07-07,2012-07-13,1.47
76,2012-07-07,2012-07-13,0.23
78,2012-07-04,2012-07-10,0.98
79,2012-07-07,2012-07-09,1.73
80,2012-07-06,2012-07-10,2.54
81,2012-07-05,2012-07-12,1.17
82,2012-07-04,2012-07-11,1.08
83,2012-07-06,2012-07-08,1.35
84,2012-07-05,2012-07-11,2.47
85,2012-07-05,2012-07-09,0.57
86,2012-07-08,2012-07-12,2.47
87,2012-07-05,2012-07-09,29.81
88,2012-07-07,2012-07-09,29.96
89,2012-07-06,2012-07-12,0.89
90,2012-07-06,2012-07-11,1.49
91,2012-07-07,2012-07-09,1.84
92,2012-07-04,2012-07-10,1.1
93,2012-07-06,2012-07-08,1.47
95,2012-07-06,2012-07-13,1.73
96,2012-07-06,2012-07-10,1.06
100,2012-07-05,2012-07-11,0.54
101,2012-07-07,2012-07-14,2.73
102,2012-07-06,2012-07-10,2.54
104,2012-07-05,2012-07-12,0.47
106,2012-07-06,2012-07-11,2.46
107,2012-07-07,2012-07-13,1.03
108,2012-07-06,2012-07-09,0.42
110,2012-07-09,2012-07-12,1.25
116,2012-07-07,2012-07-14,0.45
117,2012-07-04,2012-07-08,1.46
118,2012-07-05,2012-07-11,1.05
120,2012-07-05,2012-07-07,2.44
121,2012-07-06,2012-07-08,0.69
122,2012-07-07,2012-07-09,1.74
124,2012-07-07,2012-07-11,0.34
125,2012-07-05,2012-07-07,1.75
126,2012-07-06,2012-07-13,1.01
128,2012-07-07,2012-07-09,0.19
132,2012-07-06,2012-07-09,1.88
133,2012-07-06,2012-07-08,1.17
135,2012-07-06,2012-07-08,2.53
136,2012-07-04,2012-07-08,1.27
140,2012-07-08,2012-07-15,1.61
144,2012-07-06,2012-07-09,0.34
145,2012-07-09,2012-07-13,2.3
146,2012-07-06,2012-07-13,0.75
147,2012-07-07,2012-07-09,0.98
149,2012-07-08,2012-07-15,0.01
152,2012-07-04,2012-07-09,31.7
153,2012-07-05,2012-07-10,0.35
154,2012-07-08,2012-07-14,2.22
156,2012-07-06,2012-07-13,2.52
157,2012-07-07,2012-07-13,0.39
158,2012-07-06,2012-07-08,0.44
159,2012-07-05,2012-07-09,2.27
160,2012-07-06,2012-07-08,2.05
163,2012-07-04,2012-07-11,24.7
164,2012-07-07,2012-07-11,1.42
165,2012-07-04,2012-07-06,2.61
168,2012-07-04,2012-07-06,1.57
169,2012-07-05,2012-07-07,1.04
170,2012-07-06,2012-07-11,1.01
172,2012-07-08,2012-07-15,0.97
173,2012-07-05,2012-07-11,26.78
175,2012-07-04,2012-07-11,30.45
176,2012-07-07,2012-07-11,0.18
177,2012-07-07,2012-07-09,1.24
178,2012-07-06,2012-07-11,1.05
179,2012-07-07,2012-07-14,0.69
180,2012-07-06,2012-07-08,1.39
182,2012-07-06,2012-07-09,1.06
183,2012-07-06,2012-07-12,0.13
185,2012-07-07,2012-07-12,0.04
186,2012-07-04,2012-07-09,2.66
187,2012-07-07,2012-07-13,0.06
188,2012-07-08,2012-07-14,0.46
189,2012-07-07,2012-07-09,1.94
190,2012-07-06,2012-07-13,2.04
191,2012-07-08,2012-07-11,0.87
192,2012-07-06,2012-07-09,1.78
193,2012-07-04,2012-07-08,27.29
194,2012-07-07,2012-07-14,2.63
196,2012-07-07,2012-07-10,2.66
197,2012-07-07,2012-07-13,27.63
198,2012-07-08,2012-07-10,0.02
199,2012-07-05,2012-07-12,1.5
204,2012-07-07,2012-07-12,1.12
205,2012-07-04,2012-07-08,0.69
206,2012-07-04,2012-07-07,0.9
208,2012-07-06,2012-07-10,0.78
210,2012-07-08,2012-07-13,0.06
211,2012-07-09,2012-07-15,0.45
212,2012-07-09,2012-07-12,1.35
214,2012-07-05,2012-07-08,0.46
217,2012-07-09,2012-07-11,0.58
218,2012-07-06,2012-07-10,2.32
219,2012-07-06,2012-07-08,2.17
220,2012-07-08,2012-07-10,0.4
223,2012-07-05,2012-07-11,1.48
224,2012-07-09,2012-07-15,2.17
226,2012-07-04,2012-07-09,2.88
227,2012-07-07,2012-07-12,1.59
228,2012-07-08,2012-07-15,0.04
229,2012-07-07,2012-07-09,2.9
231,2012-07-04,2012-07-06,1.77
233,2012-07-09,2012-07-12,1.33
234,2012-07-07,2012-07-12,0.85
236,2012-07-06,2012-07-12,1.93
237,2012-07-10,2012-07-17,2.42
238,2012-07-04,2012-07-10,1.68
239,2012-07-04,2012-07-07,1.04
241,2012-07-04,2012-07-08,2.53
242,2012-07-07,2012-07-09,26.86
244,2012-07-07,2012-07-09,2.12
245,2012-07-06,2012-07-08,0.93
246,2012-07-07,2012-07-10,0.46
250,2012-07-06,2012-07-08,0.1
251,2012-07-08,2012-07-11,2.03
254,2012-07-06,2012-07-13,1.46
257,2012-07-05,2012-07-11,1.66
259,2012-07-06,2012-07-11,0.4
260,2012-07-07,2012-07-11,2.07
261,2012-07-08,2012-07-13,0.68
263,2012-07-04,2012-07-08,2.24
264,2012-07-09,2012-07-16,2.83
265,2012-07-04,2012-07-11,2.28
266,2012-07-07,2012-07-13,2.68
268,2012-07-07,2012-07-09,1.61
269,2012-07-05,2012-07-07,0.89
271,2012-07-06,2012-07-12,0.07
274,2012-07-07,2012-07-14,0.5
275,2012-07-08,2012-07-15,1.78
278,2012-07-10,2012-07-13,2.72
280,2012-07-06,2012-07-12,1.57
281,2012-07-07,2012-07-13,2.87
282,2012-07-06,2012-07-13,0.5
284,2012-07-06,2012-07-09,1.31
285,2012-07-06,2012-07-09,0.86
286,2012-07-08,2012-07-10,0.02
287,2012-07-08,2012-07-14,0.17
290,2012-07-06,2012-07-08,2.18
291,2012-07-05,2012-07-10,1.52
292,2012-07-07,2012-07-12,2.82
295,2012-07-07,2012-07-14,2.71
296,2012-07-07,2012-07-10,1.49
297,2012-07-08,2012-07-15,2.17
298,2012-07-04,2012-07-11,1.9
299,2012-07-04,2012-07-07,0.77
300,2012-07-07,2012-07-14,2.06
301,2012-07-06,2012-07-12,2.23
302,2012-07-06,2012-07-12,0.11
303,2012-07-05,2012-07-09,27.34
305,2012-07-08,2012-07-13,25.37
306,2012-07-07,2012-07-10,1.55
307,2012-07-09,2012-07-13,2.26
308,2012-07-05,2012-07-07,1.42
309,2012-07-10,2012-07-15,2.78
311,2012-07-08,2012-07-10,0.92
315,2012-07-05,2012-07-11,1.06
316,2012-07-06,2012-07-12,2.63
317,2012-07-06,2012-07-11,2.24
318,2012-07-06,2012-07-12,2.81
322,2012-07-07,2012-07-11,1.86
323,2012-07-08,2012-07-14,2.23
324,2012-07-04,2012-07-06,2.23
326,2012-07-07,2012-07-13,2.34
328,2012-07-05,2012-07-11,1.42
330,2012-07-05,2012-07-08,2.88
331,2012-07-06,2012-07-08,2.4
333,2012-07-08,2012-07-14,2.93
335,2012-07-09,2012-07-11,1.03
336,2012-07-07,2012-07-10,1.25
337,2012-07-10,2012-07-16,0.02
338,2012-07-05,2012-07-08,2.39
339,2012-07-04,2012-07-10,0.22
340,2012-07-08,2012-07-10,26.08
341,2012-07-09,2012-07-11,25.7
342,2012-07-10,2012-07-15,1.73
344,2012-07-07,2012-07-10,0.78
346,2012-07-08,2012-07-11,0.25
348,2012-07-07,2012-07-11,1.06
351,2012-07-05,2012-07-12,2.93
357,2012-07-06,2012-07-11,0.04
359,2012-07-05,2012-07-11,2.79
365,2012-07-07,2012-07-11,30.7
366,2012-07-09,2012-07-12,0.09
367,2012-07-07,2012-07-12,0.07
369,2012-07-09,2012-07-14,1.29
370,2012-07-10,2012-07-13,1.82
371,2012-07-06,2012-07-08,2.31
372,2012-07-08,2012-07-14,24.45
373,2012-07-07,2012-07-13,2.26
376,2012-07-08,2012-07-13,29.64
377,2012-07-09,2012-07-11,0.09
378,2012-07-04,2012-07-08,1.22
380,2012-07-06,2012-07-10,0.27
381,2012-07-07,2012-07-14,0.28
383,2012-07-05,2012-07-11,2.14
385,2012-07-05,2012-07-09,0.9
386,2012-07-07,2012-07-12,0.39
391,2012-07-07,2012-07-14,2.25
394,2012-07-06,2012-07-11,1.71
396,2012-07-09,2012-07-15,1.98
397,2012-07-05,2012-07-09,2.12
400,2012-07-07,2012-07-14,0.62
401,2012-07-05,2012-07-08,2.24
402,2012-07-06,2012-07-12,2.63
403,2012-07-09,2012-07-11,24.33
405,2012-07-04,2012-07-11,1.85
406,2012-07-10,2012-07-15,2.01
409,2012-07-10,2012-07-12,0.73
410,2012-07-07,2012-07-09,0.55
411,2012-07-11,2012-07-15,2.21
412,2012-07-10,2012-07-16,0.43
413,2012-07-08,2012-07-13,2.18
414,2012-07-10,2012-07-15,2.72
415,2012-07-07,2012-07-09,2.14
416,2012-07-09,2012-07-16,0.28
417,2012-07-11,2012-07-15,0.71
418,2012-07-06,2012-07-09,1.31
419,2012-07-08,2012-07-12,30.6
420,2012-07-11,2012-07-18,0.18
421,2012-07-05,2012-07-12,1.55
423,2012-07-09,2012-07-11,1.23
425,2012-07-08,2012-07-15,0.62
427,2012-07-05,2012-07-10,1.38
428,2012-07-10,2012-07-16,0.36
429,2012-07-07,2012-07-14,0.3
430,2012-07-07,2012-07-09,1.38
432,2012-07-06,2012-07-12,1.9
433,2012-07-08,2012-07-10,1.13
434,2012-07-06,2012-07-10,2.28
435,2012-07-07,2012-07-13,0.58
436,2012-07-08,2012-07-15,2.96
438,2012-07-09,2012-07-11,0.1
439,2012-07-08,2012-07-14,0.71
440,2012-07-08,2012-07-12,2.46
442,2012-07-09,2012-07-16,2.37
443,2012-07-08,2012-07-11,1.45
444,2012-07-06,2012-07-13,2.78
445,2012-07-08,2012-07-10,0.84
446,2012-07-07,2012-07-09,2.8
448,2012-07-10,2012-07-13,0.19
449,2012-07-10,2012-07-15,0.99
452,2012-07-10,2012-07-12,2.38
453,2012-07-09,2012-07-15,0.26
457,2012-07-10,2012-07-15,2.2
459,2012-07-08,2012-07-11,0.21
461,2012-07-10,2012-07-13,0.63
463,2012-07-10,2012-07-15,1.75
466,2012-07-07,2012-07-10,2.1
469,2012-07-06,2012-07-10,2.89
470,2012-07-10,2012-07-16,0.51
471,2012-07-09,2012-07-13,1.45
472,2012-07-06,2012-07-11,0.49
473,2012-07-10,2012-07-12,1.75
474,2012-07-08,2012-07-15,2.9
475,2012-07-10,2012-07-12,2.97
476,2012-07-08,2012-07-10,1.96
477,2012-07-06,2012-07-10,31.77
478,2012-07-08,2012-07-14,28.11
479,2012-07-11,2012-07-13,1.21
484,2012-07-09,2012-07-15,2.28
485,2012-07-08,2012-07-12,2.28
486,2012-07-06,2012-07-09,0.22
487,2012-07-08,2012-07-11,0.19
490,2012-07-10,2012-07-12,2.9
491,2012-07-06,2012-07-09,1.31
492,2012-07-07,2012-07-13,0.79
495,2012-07-06,2012-07-09,0.22
496,2012-07-06,2012-07-09,0.06
497,2012-07-07,2012-07-11,1.67
499,2012-07-05,2012-07-07,27.27
503,2012-07-06,2012-07-13,0.55
505,2012-07-11,2012-07-14,2.36
508,2012-07-06,2012-07-10,1.38
509,2012-07-07,2012-07-10,1.27
511,2012-07-08,2012-07-14,1.82
513,2012-07-11,2012-07-15,0.33
514,2012-07-08,2012-07-11,0.69
515,2012-07-05,2012-07-10,1.68
516,2012-07-11,2012-07-13,27.85
517,2012-07-05,2012-07-07,0.12
518,2012-07-09,2012-07-11,1.6
520,2012-07-05,2012-07-07,0.09
523,2012-07-06,2012-07-10,0.38
525,2012-07-11,2012-07-13,1.76
527,2012-07-09,2012-07-15,2.48
528,2012-07-09,2012-07-12,1.64
530,2012-07-06,2012-07-13,2.77
531,2012-07-09,2012-07-12,2.14
532,2012-07-08,2012-07-11,23.18
533,2012-07-06,2012-07-13,1.89
534,2012-07-09,2012-07-13,29.02
535,2012-07-07,2012-07-14,26.55
536,2012-07-07,2012-07-12,2.85
539,2012-07-06,2012-07-10,2.35
540,2012-07-07,2012-07-14,2.4
543,2012-07-10,2012-07-17,1.11
544,2012-07-08,2012-07-11,0.32
545,2012-07-06,2012-07-11,0.54
546,2012-07-06,2012-07-12,0.13
547,2012-07-10,2012-07-13,1.08
548,2012-07-06,2012-07-12,2.75
550,2012-07-09,2012-07-11,1.42
551,2012-07-11,2012-07-14,0.74
552,2012-07-05,2012-07-08,1.17
554,2012-07-10,2012-07-13,1.91
556,2012-07-07,2012-07-14,1.72
557,2012-07-06,2012-07-11,28.23
558,2012-07-08,2012-07-10,2.27
559,2012-07-07,2012-07-11,2.77
560,2012-07-08,2012-07-14,0.39
562,2012-07-10,2012-07-12,2.77
563,2012-07-10,2012-07-15,1.51
564,2012-07-08,2012-07-14,0.28
565,2012-07-10,2012-07-13,2.78
566,2012-07-08,2012-07-10,0.64
567,2012-07-09,2012-07-15,0.64
568,2012-07-09,2012-07-15,0.63
569,2012-07-09,2012-07-16,1.28
570,2012-07-11,2012-07-15,2.19
573,2012-07-09,2012-07-13,1.18
574,2012-07-12,2012-07-18,2.8
577,2012-07-10,2012-07-13,2.77
581,2012-07-09,2012-07-15,28.72
582,2012-07-09,2012-07-16,0.72
583,2012-07-06,2012-07-13,1.22
584,2012-07-10,2012-07-15,0.12
586,2012-07-10,2012-07-14,2.52
587,2012-07-07,2012-07-13,1.86
588,2012-07-09,2012-07-13,2.45
589,2012-07-10,2012-07-13,0.81
590,2012-07-10,2012-07-14,0.59
591,2012-07-08,2012-07-13,0.38
592,2012-07-07,2012-07-09,2.92
593,2012-07-10,2012-07-12,2.0
594,2012-07-07,2012-07-09,2.58
596,2012-07-07,2012-07-09,1.61
597,2012-07-08,2012-07-14,0.39
598,2012-07-11,2012-07-18,2.89
599,2012-07-09,2012-07-13,27.45
602,2012-07-06,2012-07-12,1.41
603,2012-07-09,2012-07-13,0.01
605,2012-07-07,2012-07-11,2.24
609,2012-07-08,2012-07-15,1.09
610,2012-07-07,2012-07-11,0.75
612,2012-07-10,2012-07-13,0.3
613,2012-07-10,2012-07-14,0.73
614,2012-07-10,2012-07-16,1.03
615,2012-07-07,2012-07-09,0.07
616,2012-07-10,2012-07-16,2.0
618,2012-07-09,2012-07-11,29.13
619,2012-07-13,2012-07-15,0.4
620,2012-07-09,2012-07-13,1.08
621,2012-07-12,2012-07-14,0.67
624,2012-07-09,2012-07-16,2.82
625,2012-07-07,2012-07-10,2.07
628,2012-07-11,2012-07-15,29.65
631,2012-07-10,2012-07-12,2.95
634,2012-07-08,2012-07-13,2.06
635,2012-07-11,2012-07-16,0.59
636,2012-07-07,2012-07-12,1.8
637,2012-07-09,2012-07-11,0.61
638,2012-07-10,2012-07-13,31.2
639,2012-07-08,2012-07-15,2.35
641,2012-07-09,2012-07-15,0.37
642,2012-07-09,2012-07-12,0.58
643,2012-07-13,2012-07-15,1.98
644,2012-07-12,2012-07-15,0.8
646,2012-07-10,2012-07-13,2.66
649,2012-07-09,2012-07-14,2.85
650,2012-07-10,2012-07-17,1.15
654,2012-07-10,2012-07-13,0.88
656,2012-07-12,2012-07-15,2.08
658,2012-07-10,2012-07-12,0.01
659,2012-07-09,2012-07-12,1.26
662,2012-07-07,2012-07-13,30.97
663,2012-07-10,2012-07-13,25.79
664,2012-07-11,2012-07-17,2.42
665,2012-07-11,2012-07-13,0.2
667,2012-07-13,2012-07-20,2.52
669,2012-07-08,2012-07-11,1.8
670,2012-07-11,2012-07-18,0.73
672,2012-07-11,2012-07-15,2.18
673,2012-07-07,2012-07-10,1.34
674,2012-07-10,2012-07-14,1.2
675,2012-07-08,2012-07-15,2.04
676,2012-07-10,2012-07-17,0.88
678,2012-07-09,2012-07-13,0.96
679,2012-07-08,2012-07-14,0.29
680,2012-07-06,2012-07-11,1.96
681,2012-07-08,2012-07-14,0.86
682,2012-07-06,2012-07-13,27.68
683,2012-07-06,2012-07-09,0.27
684,2012-07-11,2012-07-16,2.92
686,2012-07-09,2012-07-11,2.81
687,2012-07-10,2012-07-14,31.44
688,2012-07-11,2012-07-14,0.17
689,2012-07-08,2012-07-13,0.54
690,2012-07-10,2012-07-16,0.12
692,2012-07-11,2012-07-15,1.48
695,2012-07-08,2012-07-11,22.29
696,2012-07-10,2012-07-15,0.99
697,2012-07-10,2012-07-13,2.76
698,2012-07-09,2012-07-12,0.71
702,2012-07-12,2012-07-18,1.08
703,2012-07-12,2012-07-19,1.65
705,2012-07-10,2012-07-15,1.14
706,2012-07-08,2012-07-15,1.8
707,2012-07-11,2012-07-18,2.48
708,2012-07-12,2012-07-19,0.22
712,2012-07-09,2012-07-11,1.37
713,2012-07-11,2012-07-13,2.71
715,2012-07-10,2012-07-13,1.47
717,2012-07-10,2012-07-12,0.76
718,2012-07-11,2012-07-18,0.13
719,2012-07-14,2012-07-18,0.04
720,2012-07-10,2012-07-12,1.03
724,2012-07-11,2012-07-15,1.5
725,2012-07-12,2012-07-14,1.47
726,2012-07-11,2012-07-13,0.08
728,2012-07-08,2012-07-15,1.72
729,2012-07-14,2012-07-18,1.25
731,2012-07-11,2012-07-18,1.7
732,2012-07-11,2012-07-16,2.31
733,2012-07-13,2012-07-15,1.05
734,2012-07-08,2012-07-11,3.0
738,2012-07-11,2012-07-18,0.79
739,2012-07-10,2012-07-15,0.2
741,2012-07-11,2012-07-13,0.85
743,2012-07-13,2012-07-17,29.15
744,2012-07-13,2012-07-17,0.31
747,2012-07-09,2012-07-12,0.45
748,2012-07-08,2012-07-12,26.58
751,2012-07-11,2012-07-15,2.07
753,2012-07-10,2012-07-17,2.31
756,2012-07-08,2012-07-14,1.33
757,2012-07-10,2012-07-14,2.95
758,2012-07-12,2012-07-17,30.8
759,2012-07-10,2012-07-13,23.3
760,2012-07-13,2012-07-15,2.2
762,2012-07-09,2012-07-11,2.74
763,2012-07-14,2012-07-16,1.97
764,2012-07-12,2012-07-18,0.56
765,2012-07-15,2012-07-20,0.85
766,2012-07-15,2012-07-20,2.4
768,2012-07-13,2012-07-20,0.92
769,2012-07-13,2012-07-16,0.04
770,2012-07-10,2012-07-17,1.97
771,2012-07-10,2012-07-15,0.83
772,2012-07-10,2012-07-12,0.75
773,2012-07-09,2012-07-12,0.98
774,2012-07-12,2012-07-15,0.32
775,2012-07-13,2012-07-17,1.63
779,2012-07-09,2012-07-12,29.27
781,2012-07-13,2012-07-20,2.75
782,2012-07-12,2012-07-15,1.32
783,2012-07-09,2012-07-14,31.31
786,2012-07-14,2012-07-18,1.78
787,2012-07-14,2012-07-18,2.06
789,2012-07-10,2012-07-15,2.62
790,2012-07-10,2012-07-15,0.85
791,2012-07-13,2012-07-17,1.27
792,2012-07-13,2012-07-16,1.38
793,2012-07-12,2012-07-19,1.12
794,2012-07-12,2012-07-16,1.29
795,2012-07-13,2012-07-16,0.65
796,2012-07-11,2012-07-17,0.65
797,2012-07-13,2012-07-17,1.72
802,2012-07-15,2012-07-21,25.58
803,2012-07-13,2012-07-18,2.09
805,2012-07-08,2012-07-13,26.51
806,2012-07-11,2012-07-13,1.11
807,2012-07-09,2012-07-15,1.94
808,2012-07-15,2012-07-22,1.04
810,2012-07-11,2012-07-18,2.95
811,2012-07-10,2012-07-13,31.16
812,2012-07-12,2012-07-15,2.72
813,2012-07-10,2012-07-12,2.88
814,2012-07-11,2012-07-15,0.88
815,2012-07-11,2012-07-15,23.73
816,2012-07-09,2012-07-16,1.84
818,2012-07-11,2012-07-13,0.39
820,2012-07-10,2012-07-12,0.04
823,2012-07-12,2012-07-14,0.45
824,2012-07-11,2012-07-18,0.13
825,2012-07-11,2012-07-16,1.21
826,2012-07-08,2012-07-11,0.84
827,2012-07-08,2012-07-11,0.52
828,2012-07-13,2012-07-18,2.65
829,2012-07-13,2012-07-15,1.18
831,2012-07-09,2012-07-16,0.84
832,2012-07-09,2012-07-13,0.0
833,2012-07-12,2012-07-16,2.76
835,2012-07-11,2012-07-16,0.35
836,2012-07-08,2012-07-14,2.1
838,2012-07-09,2012-07-12,2.78
839,2012-07-10,2012-07-15,28.83
841,2012-07-11,2012-07-13,2.44
842,2012-07-11,2012-07-17,1.14
845,2012-07-13,2012-07-18,1.12
846,2012-07-14,2012-07-16,0.15
848,2012-07-13,2012-07-15,0.1
849,2012-07-09,2012-07-16,2.44
850,2012-07-11,2012-07-13,0.92
851,2012-07-10,2012-07-14,2.23
852,2012-07-11,2012-07-14,0.62
854,2012-07-11,2012-07-17,0.19
859,2012-07-08,2012-07-15,1.23
860,2012-07-11,2012-07-13,2.08
862,2012-07-09,2012-07-13,1.17
863,2012-07-10,2012-07-15,1.9
864,2012-07-12,2012-07-15,0.98
865,2012-07-11,2012-07-14,0.43
866,2012-07-13,2012-07-19,27.83
867,2012-07-11,2012-07-17,24.31
869,2012-07-12,2012-07-14,1.98
870,2012-07-09,2012-07-11,1.19
871,2012-07-09,2012-07-13,0.66
873,2012-07-14,2012-07-16,2.07
874,2012-07-14,2012-07-20,27.02
875,2012-07-11,2012-07-18,25.3
876,2012-07-13,2012-07-19,2.38
877,2012-07-13,2012-07-17,1.47
878,2012-07-12,2012-07-14,1.16
879,2012-07-08,2012-07-12,29.62
880,2012-07-14,2012-07-19,2.76
881,2012-07-12,2012-07-14,2.32
882,2012-07-08,2012-07-12,2.67
883,2012-07-12,2012-07-17,2.84
885,2012-07-13,2012-07-20,1.63
889,2012-07-10,2012-07-17,2.99
890,2012-07-11,2012-07-15,2.78
896,2012-07-11,2012-07-14,1.86
897,2012-07-11,2012-07-17,1.53
898,2012-07-13,2012-07-16,2.28
899,2012-07-15,2012-07-20,1.03
901,2012-07-11,2012-07-16,2.39
902,2012-07-13,2012-07-15,0.54
903,2012-07-10,2012-07-12,1.3
905,2012-07-14,2012-07-19,0.2
907,2012-07-10,2012-07-14,1.73
908,2012-07-12,2012-07-14,0.84
909,2012-07-10,2012-07-16,2.74
910,2012-07-15,2012-07-18,2.85
913,2012-07-12,2012-07-18,2.62
916,2012-07-11,2012-07-17,1.97
917,2012-07-12,2012-07-19,2.4
918,2012-07-13,2012-07-19,26.07
919,2012-07-13,2012-07-18,24.67
920,2012-07-12,2012-07-17,2.21
922,2012-07-12,2012-07-14,0.03
924,2012-07-11,2012-07-14,2.71
926,2012-07-13,2012-07-15,0.44
929,2012-07-13,2012-07-15,1.37
930,2012-07-11,2012-07-14,1.75
931,2012-07-12,2012-07-19,1.18
932,2012-07-12,2012-07-16,2.2
934,2012-07-15,2012-07-17,0.02
935,2012-07-09,2012-07-11,0.95
936,2012-07-11,2012-07-16,2.45
937,2012-07-14,2012-07-20,1.09
938,2012-07-10,2012-07-16,1.24
940,2012-07-11,2012-07-16,2.4
941,2012-07-11,2012-07-13,1.13
942,2012-07-13,2012-07-19,2.07
943,2012-07-08,2012-07-15,0.72
944,2012-07-13,2012-07-16,1.37
945,2012-07-13,2012-07-17,0.67
946,2012-07-13,2012-07-20,27.79
951,2012-07-10,2012-07-15,2.55
952,2012-07-13,2012-07-20,1.92
953,2012-07-10,2012-07-16,2.95
955,2012-07-09,2012-07-16,1.5
956,2012-07-14,2012-07-18,0.37
957,2012-07-12,2012-07-17,2.41
958,2012-07-11,2012-07-16,29.46
962,2012-07-14,2012-07-17,0.44
963,2012-07-09,2012-07-15,1.6
964,2012-07-12,2012-07-18,2.28
965,2012-07-14,2012-07-17,1.59
966,2012-07-10,2012-07-17,2.32
968,2012-07-12,2012-07-18,2.66
969,2012-07-12,2012-07-16,0.9
971,2012-07-11,2012-07-13,1.74
972,2012-07-09,2012-07-13,1.25
973,2012-07-08,2012-07-13,30.76
974,2012-07-09,2012-07-11,29.55
976,2012-07-12,2012-07-19,1.37
977,2012-07-15,2012-07-21,2.85
978,2012-07-13,2012-07-15,2.46
980,2012-07-12,2012-07-18,26.71
981,2012-07-09,2012-07-14,26.37
982,2012-07-12,2012-07-15,2.56
983,2012-07-14,2012-07-19,2.38
984,2012-07-12,2012-07-17,2.72
986,2012-07-10,2012-07-12,0.76
987,2012-07-12,2012-07-15,1.79
988,2012-07-11,2012-07-13,2.94
989,2012-07-12,2012-07-19,0.45
990,2012-07-13,2012-07-17,0.12
991,2012-07-11,2012-07-15,0.09
992,2012-07-10,2012-07-15,2.2
995,2012-07-15,2012-07-17,1.57
997,2012-07-14,2012-07-19,2.91
998,2012-07-12,2012-07-18,23.74
1001,2012-07-10,2012-07-12,29.54
1002,2012-07-14,2012-07-18,2.34
1003,2012-07-13,2012-07-16,1.78
1004,2012-07-15,2012-07-20,0.29
1005,2012-07-13,2012-07-16,0.13
1006,2012-07-12,2012-07-15,1.59
1010,2012-07-09,2012-07-12,1.63
1017,2012-07-15,2012-07-19,0.47
1018,2012-07-09,2012-07-15,0.08
1019,2012-07-11,2012-07-14,25.48
1020,2012-07-14,2012-07-21,29.64
1023,2012-07-13,2012-07-15,2.89
1025,2012-07-13,2012-07-16,0.99
1028,2012-07-11,2012-07-14,0.79
1030,2012-07-09,2012-07-15,0.0
1031,2012-07-12,2012-07-18,0.59
1032,2012-07-10,2012-07-17,23.34
1033,2012-07-10,2012-07-14,2.85
1034,2012-07-10,2012-07-16,1.4
1035,2012-07-09,2012-07-15,0.01
1036,2012-07-08,2012-07-13,1.36
1037,2012-07-12,2012-07-15,0.61
1039,2012-07-14,2012-07-19,1.37
1040,2012-07-09,2012-07-15,2.42
1041,2012-07-15,2012-07-19,0.49
1042,2012-07-12,2012-07-18,31.3
1044,2012-07-13,2012-07-20,2.15
1046,2012-07-12,2012-07-19,2.44
1047,2012-07-11,2012-07-18,2.04
1048,2012-07-12,2012-07-18,24.67
1049,2012-07-09,2012-07-12,0.14
1051,2012-07-12,2012-07-14,2.57
1054,2012-07-15,2012-07-22,0.61
1055,2012-07-13,2012-07-18,2.87
1056,2012-07-11,2012-07-13,1.52
1058,2012-07-14,2012-07-19,2.0
1060,2012-07-11,2012-07-17,1.71
1061,2012-07-10,2012-07-13,1.51
1062,2012-07-13,2012-07-17,0.8
1063,2012-07-12,2012-07-17,0.11
1064,2012-07-11,2012-07-17,1.94
1065,2012-07-12,2012-07-16,2.91
1067,2012-07-12,2012-07-18,2.34
1070,2012-07-13,2012-07-20,0.35
1073,2012-07-16,2012-07-22,1.6
1074,2012-07-12,2012-07-17,0.84
1075,2012-07-15,2012-07-21,0.52
1076,2012-07-12,2012-07-17,0.5
1077,2012-07-11,2012-07-16,2.81
1078,2012-07-13,2012-07-18,0.22
1079,2012-07-14,2012-07-18,2.01
1081,2012-07-13,2012-07-15,2.59
1082,2012-07-13,2012-07-18,2.23
1084,2012-07-13,2012-07-17,1.76
1085,2012-07-13,2012-07-17,1.83
1087,2012-07-13,2012-07-17,2.65
1088,2012-07-14,2012-07-17,0.71
1091,2012-07-15,2012-07-18,2.24
1092,2012-07-15,2012-07-21,0.21
1093,2012-07-09,2012-07-14,1.27
1094,2012-07-15,2012-07-21,1.98
1096,2012-07-13,2012-07-15,29.03
1097,2012-07-14,2012-07-16,0.07
1098,2012-07-10,2012-07-12,1.69
1099,2012-07-12,2012-07-19,2.21
1101,2012-07-12,2012-07-19,2.79
1104,2012-07-15,2012-07-21,2.27
1107,2012-07-16,2012-07-20,0.65
1108,2012-07-10,2012-07-15,0.98
1110,2012-07-11,2012-07-17,2.35
1111,2012-07-14,2012-07-16,0.92
1113,2012-07-10,2012-07-16,1.01
1115,2012-07-10,2012-07-17,1.86
1119,2012-07-15,2012-07-21,1.61
1122,2012-07-13,2012-07-20,1.55
1125,2012-07-15,2012-07-18,1.53
1126,2012-07-12,2012-07-14,2.12
1127,2012-07-13,2012-07-17,0.86
1129,2012-07-15,2012-07-21,1.81
1132,2012-07-14,2012-07-17,2.41
1134,2012-07-09,2012-07-15,0.2
1135,2012-07-15,2012-07-18,2.55
1136,2012-07-13,2012-07-16,1.07
1138,2012-07-15,2012-07-18,1.52
1139,2012-07-10,2012-07-17,2.98
1140,2012-07-11,2012-07-16,1.0
1141,2012-07-14,2012-07-20,0.48
1142,2012-07-11,2012-07-15,1.4
1146,2012-07-12,2012-07-16,0.0
1147,2012-07-11,2012-07-13,0.07
1149,2012-07-16,2012-07-19,1.16
1150,2012-07-14,2012-07-20,1.65
1151,2012-07-15,2012-07-20,0.5
1153,2012-07-13,2012-07-20,0.17
1154,2012-07-15,2012-07-18,1.21
1155,2012-07-10,2012-07-16,0.12
1156,2012-07-13,2012-07-18,0.22
1158,2012-07-15,2012-07-18,27.07
1160,2012-07-09,2012-07-15,0.87
1164,2012-07-12,2012-07-15,0.78
1166,2012-07-14,2012-07-16,1.45
1168,2012-07-12,2012-07-16,31.11
1169,2012-07-11,2012-07-17,28.87
1170,2012-07-12,2012-07-15,2.54
1171,2012-07-13,2012-07-20,1.84
1172,2012-07-14,2012-07-20,26.88
1173,2012-07-11,2012-07-17,1.21
1174,2012-07-14,2012-07-17,1.42
1175,2012-07-15,2012-07-18,1.63
1176,2012-07-13,2012-07-15,1.89
1177,2012-07-13,2012-07-17,2.88
1181,2012-07-11,2012-07-15,2.99
1182,2012-07-12,2012-07-16,0.63
1183,2012-07-14,2012-07-21,1.56
1184,2012-07-14,2012-07-20,2.63
1185,2012-07-11,2012-07-17,0.88
1186,2012-07-16,2012-07-19,2.37
1188,2012-07-12,2012-07-16,1.27
1190,2012-07-12,2012-07-18,1.69
1191,2012-07-12,2012-07-14,1.84
1195,2012-07-12,2012-07-18,0.83
1197,2012-07-12,2012-07-16,2.18
1199,2012-07-11,2012-07-16,1.54
1200,2012-07-15,2012-07-20,1.12
1201,2012-07-15,2012-07-21,0.0
1202,2012-07-15,2012-07-20,1.77
1203,2012-07-11,2012-07-16,1.52
1204,2012-07-14,2012-07-21,2.54
1206,2012-07-12,2012-07-17,0.89
1208,2012-07-14,2012-07-19,0.39
1209,2012-07-12,2012-07-16,0.07
1211,2012-07-15,2012-07-19,2.02
1213,2012-07-13,2012-07-15,2.23
1214,2012-07-11,2012-07-16,0.69
1217,2012-07-10,2012-07-13,29.45
1218,2012-07-11,2012-07-15,2.16
1219,2012-07-15,2012-07-21,2.2
1221,2012-07-14,2012-07-18,1.27
1223,2012-07-14,2012-07-16,24.25
1224,2012-07-09,2012-07-11,2.93
1225,2012-07-11,2012-07-17,0.7
1226,2012-07-11,2012-07-14,25.28
1227,2012-07-12,2012-07-15,3.0
1228,2012-07-15,2012-07-19,2.15
1232,2012-07-11,2012-07-16,1.38
1233,2012-07-12,2012-07-14,3.0
1234,2012-07-13,2012-07-17,2.62
1235,2012-07-14,2012-07-17,23.76
1237,2012-07-15,2012-07-22,0.68
1238,2012-07-12,2012-07-18,1.32
1239,2012-07-13,2012-07-18,2.93
1241,2012-07-10,2012-07-12,0.2
1242,2012-07-13,2012-07-19,1.99
1243,2012-07-16,2012-07-21,2.13
1244,2012-07-15,2012-07-20,1.32
1246,2012-07-13,2012-07-15,1.04
1248,2012-07-10,2012-07-14,1.88
1251,2012-07-09,2012-07-13,2.38
1252,2012-07-13,2012-07-19,2.29
1253,2012-07-12,2012-07-14,1.48
1254,2012-07-12,2012-07-15,1.61
1256,2012-07-11,2012-07-17,0.83
1257,2012-07-13,2012-07-17,1.1
1258,2012-07-13,2012-07-16,1.53
1260,2012-07-12,2012-07-15,1.14
1262,2012-07-13,2012-07-17,1.49
1263,2012-07-10,2012-07-13,2.48
1264,2012-07-13,2012-07-18,1.35
1265,2012-07-13,2012-07-16,0.17
1266,2012-07-12,2012-07-14,0.59
1267,2012-07-14,2012-07-19,0.52
1268,2012-07-09,2012-07-16,1.52
1271,2012-07-12,2012-07-17,0.36
1272,2012-07-10,2012-07-17,0.49
1273,2012-07-13,2012-07-18,30.68
1274,2012-07-12,2012-07-15,1.09
1275,2012-07-12,2012-07-19,0.68
1276,2012-07-10,2012-07-16,1.65
1277,2012-07-14,2012-07-20,1.04
1278,2012-07-16,2012-07-20,2.53
1279,2012-07-10,2012-07-15,0.61
1280,2012-07-16,2012-07-18,1.45
1281,2012-07-11,2012-07-16,2.39
1283,2012-07-10,2012-07-13,2.21
1284,2012-07-11,2012-07-18,2.76
1285,2012-07-09,2012-07-16,1.03
1287,2012-07-16,2012-07-21,0.6
1288,2012-07-16,2012-07-22,0.12
1290,2012-07-14,2012-07-19,23.45
1291,2012-07-15,2012-07-19,1.0
1292,2012-07-14,2012-07-19,1.98
1293,2012-07-15,2012-07-18,1.33
1294,2012-07-15,2012-07-21,2.98
1297,2012-07-14,2012-07-16,0.97
1299,2012-07-16,2012-07-20,2.71
1301,2012-07-13,2012-07-19,2.75
1302,2012-07-16,2012-07-22,0.83
1303,2012-07-16,2012-07-20,27.58
1304,2012-07-11,2012-07-13,29.99
1305,2012-07-11,2012-07-18,1.9
1307,2012-07-13,2012-07-19,1.94
1308,2012-07-11,2012-07-15,2.26
1309,2012-07-14,2012-07-19,1.5
1312,2012-07-14,2012-07-21,2.65
1313,2012-07-13,2012-07-20,1.47
1314,2012-07-13,2012-07-17,0.76
1315,2012-07-14,2012-07-17,2.95
1316,2012-07-15,2012-07-19,2.06
1318,2012-07-12,2012-07-16,2.51
1320,2012-07-12,2012-07-16,2.63
1321,2012-07-14,2012-07-16,2.68
1323,2012-07-11,2012-07-16,2.95
1324,2012-07-14,2012-07-18,2.52
1325,2012-07-11,2012-07-14,2.73
1326,2012-07-14,2012-07-19,27.66
1327,2012-07-16,2012-07-21,2.44
1328,2012-07-12,2012-07-16,23.4
1329,2012-07-12,2012-07-17,1.71
1333,2012-07-14,2012-07-18,0.26
1334,2012-07-10,2012-07-13,2.11
1335,2012-07-12,2012-07-18,1.97
1337,2012-07-14,2012-07-18,0.91
1338,2012-07-13,2012-07-17,2.81
1339,2012-07-15,2012-07-19,1.78
1340,2012-07-12,2012-07-19,1.43
1341,2012-07-12,2012-07-18,1.84
1343,2012-07-14,2012-07-16,2.76
1345,2012-07-15,2012-07-19,0.73
1347,2012-07-11,2012-07-15,1.8
1348,2012-07-12,2012-07-16,1.4
1350,2012-07-13,2012-07-16,1.94
1352,2012-07-13,2012-07-17,0.15
1354,2012-07-14,2012-07-20,2.85
1355,2012-07-10,2012-07-16,2.7
1356,2012-07-12,2012-07-14,2.05
1357,2012-07-14,2012-07-19,0.43
1358,2012-07-10,2012-07-17,2.21
1359,2012-07-13,2012-07-17,1.92
1360,2012-07-11,2012-07-15,1.29
1361,2012-07-14,2012-07-19,24.56
1362,2012-07-15,2012-07-18,0.7
1364,2012-07-13,2012-07-17,0.25
1366,2012-07-13,2012-07-20,0.59
1368,2012-07-14,2012-07-20,1.67
1369,2012-07-16,2012-07-19,0.69
1371,2012-07-13,2012-07-16,0.95
1372,2012-07-15,2012-07-17,2.47
1373,2012-07-12,2012-07-19,0.47
1376,2012-07-10,2012-07-14,1.8
1378,2012-07-12,2012-07-14,1.91
1379,2012-07-16,2012-07-22,0.22
1380,2012-07-12,2012-07-16,2.06
1381,2012-07-15,2012-07-22,0.79
1383,2012-07-11,2012-07-16,2.22
1384,2012-07-15,2012-07-21,1.62
1385,2012-07-10,2012-07-12,0.53
1387,2012-07-15,2012-07-22,0.26
1388,2012-07-12,2012-07-15,2.45
1389,2012-07-12,2012-07-19,0.95
1391,2012-07-13,2012-07-19,1.4
1392,2012-07-12,2012-07-15,0.21
1395,2012-07-12,2012-07-18,1.41
1397,2012-07-12,2012-07-15,1.42
1398,2012-07-16,2012-07-20,0.13
1399,2012-07-11,2012-07-13,2.17
1400,2012-07-14,2012-07-20,2.84
1401,2012-07-11,2012-07-14,1.12
1402,2012-07-12,2012-07-17,0.12
1403,2012-07-15,2012-07-22,0.32
1404,2012-07-15,2012-07-22,0.15
1405,2012-07-13,2012-07-19,0.46
1406,2012-07-16,2012-07-23,1.85
1407,2012-07-11,2012-07-17,1.01
1408,2012-07-15,2012-07-17,0.92
1412,2012-07-15,2012-07-19,0.31
1416,2012-07-17,2012-07-20,0.56
1417,2012-07-10,2012-07-17,0.76
1419,2012-07-14,2012-07-18,24.23
1420,2012-07-12,2012-07-14,19.04
1422,2012-07-15,2012-07-19,25.16
1423,2012-07-12,2012-07-16,29.77
1424,2012-07-13,2012-07-18,2.53
1425,2012-07-11,2012-07-18,2.62
1426,2012-07-15,2012-07-22,0.79
1428,2012-07-14,2012-07-19,2.77
1429,2012-07-16,2012-07-23,1.42
1430,2012-07-15,2012-07-20,2.97
1431,2012-07-10,2012-07-14,1.82
1432,2012-07-14,2012-07-21,2.41
1433,2012-07-13,2012-07-18,2.58
1434,2012-07-11,2012-07-14,0.34
1435,2012-07-12,2012-07-19,0.92
1436,2012-07-14,2012-07-17,2.74
1437,2012-07-13,2012-07-19,0.71
1440,2012-07-12,2012-07-18,0.32
1441,2012-07-13,2012-07-20,0.79
1442,2012-07-12,2012-07-17,1.91
1445,2012-07-15,2012-07-17,2.72
1446,2012-07-16,2012-07-21,2.24
1447,2012-07-11,2012-07-16,2.53
1449,2012-07-13,2012-07-20,1.9
1450,2012-07-15,2012-07-17,1.72
1451,2012-07-14,2012-07-18,0.63
1454,2012-07-13,2012-07-19,1.85
1455,2012-07-12,2012-07-19,2.04
1456,2012-07-16,2012-07-23,2.82
1457,2012-07-14,2012-07-16,0.99
1459,2012-07-13,2012-07-15,0.82
1463,2012-07-10,2012-07-17,1.11
1464,2012-07-17,2012-07-22,1.87
1465,2012-07-14,2012-07-21,2.39
1469,2012-07-12,2012-07-14,0.44
1470,2012-07-13,2012-07-17,2.68
1471,2012-07-12,2012-07-19,0.21
1474,2012-07-15,2012-07-21,2.27
1476,2012-07-13,2012-07-16,2.16
1477,2012-07-12,2012-07-14,2.52
1478,2012-07-15,2012-07-18,0.31
1480,2012-07-15,2012-07-21,2.11
1481,2012-07-15,2012-07-17,0.94
1485,2012-07-16,2012-07-22,25.04
1487,2012-07-12,2012-07-14,0.32
1490,2012-07-16,2012-07-20,0.98
1492,2012-07-12,2012-07-15,2.0
1493,2012-07-11,2012-07-14,1.67
1494,2012-07-11,2012-07-15,0.12
1496,2012-07-14,2012-07-19,2.73
1497,2012-07-10,2012-07-14,1.32
1498,2012-07-14,2012-07-19,2.97
1499,2012-07-13,2012-07-15,0.58
1503,2012-07-14,2012-07-17,2.03
1504,2012-07-11,2012-07-16,2.96
1505,2012-07-15,2012-07-21,2.32
1507,2012-07-12,2012-07-17,31.28
1508,2012-07-11,2012-07-16,24.48
1510,2012-07-15,2012-07-21,0.65
1511,2012-07-14,2012-07-19,2.74
1512,2012-07-12,2012-07-14,2.22
1513,2012-07-11,2012-07-17,1.14
1514,2012-07-13,2012-07-16,1.71
1519,2012-07-13,2012-07-15,2.92
1520,2012-07-14,2012-07-21,2.94
1521,2012-07-11,2012-07-13,2.52
1522,2012-07-13,2012-07-18,29.12
1523,2012-07-14,2012-07-18,0.32
1524,2012-07-16,2012-07-21,0.97
1526,2012-07-15,2012-07-21,2.53
1527,2012-07-15,2012-07-19,1.59
1528,2012-07-14,2012-07-20,1.41
1530,2012-07-17,2012-07-21,1.86
1531,2012-07-12,2012-07-16,1.1
1532,2012-07-14,2012-07-21,2.85
1533,2012-07-12,2012-07-17,24.52
1534,2012-07-15,2012-07-18,2.73
1535,2012-07-15,2012-07-22,27.79
1536,2012-07-11,2012-07-16,2.75
1539,2012-07-10,2012-07-12,2.73
1541,2012-07-12,2012-07-19,0.0
1544,2012-07-15,2012-07-19,0.12
1547,2012-07-14,2012-07-18,0.96
1548,2012-07-15,2012-07-17,0.61
1549,2012-07-13,2012-07-16,2.36
1550,2012-07-17,2012-07-22,0.29
1552,2012-07-11,2012-07-16,30.84
1553,2012-07-11,2012-07-17,2.54
1554,2012-07-14,2012-07-19,1.99
1555,2012-07-14,2012-07-17,0.63
1557,2012-07-15,2012-07-20,0.58
1558,2012-07-13,2012-07-15,2.38
1559,2012-07-14,2012-07-21,0.21
1562,2012-07-14,2012-07-20,1.23
1563,2012-07-13,2012-07-17,1.68
1564,2012-07-15,2012-07-19,1.8
1565,2012-07-15,2012-07-21,26.38
1567,2012-07-14,2012-07-16,0.75
1568,2012-07-14,2012-07-18,1.46
1569,2012-07-14,2012-07-16,1.59
1571,2012-07-14,2012-07-20,2.94
1572,2012-07-14,2012-07-19,0.9
1573,2012-07-14,2012-07-21,0.22
1574,2012-07-15,2012-07-20,1.46
1575,2012-07-12,2012-07-19,2.23
1576,2012-07-12,2012-07-19,1.43
1578,2012-07-15,2012-07-18,0.24
1579,2012-07-15,2012-07-22,0.74
1580,2012-07-12,2012-07-15,2.43
1582,2012-07-11,2012-07-16,1.25
1583,2012-07-14,2012-07-18,1.72
1584,2012-07-13,2012-07-15,0.31
1585,2012-07-13,2012-07-20,0.04
1586,2012-07-12,2012-07-18,0.54
1587,2012-07-12,2012-07-19,1.67
1588,2012-07-12,2012-07-17,24.04
1589,2012-07-15,2012-07-22,2.69
1591,2012-07-13,2012-07-16,2.89
1592,2012-07-15,2012-07-22,0.21
1593,2012-07-14,2012-07-16,27.09
1594,2012-07-13,2012-07-18,27.66
1595,2012-07-10,2012-07-13,1.72
1596,2012-07-14,2012-07-20,1.66
1598,2012-07-13,2012-07-20,0.01
1600,2012-07-14,2012-07-21,28.52
1601,2012-07-13,2012-07-16,2.09
1603,2012-07-13,2012-07-18,1.51
1604,2012-07-10,2012-07-15,0.84
1605,2012-07-14,2012-07-17,1.41
1606,2012-07-14,2012-07-20,1.46
1608,2012-07-15,2012-07-20,1.7
1609,2012-07-15,2012-07-21,0.56
1610,2012-07-15,2012-07-22,2.09
1611,2012-07-12,2012-07-17,0.15
1613,2012-07-14,2012-07-20,1.68
1616,2012-07-10,2012-07-12,0.07
1617,2012-07-14,2012-07-19,0.6
1618,2012-07-12,2012-07-15,1.49
1620,2012-07-16,2012-07-21,0.82
1622,2012-07-11,2012-07-16,1.54
1623,2012-07-12,2012-07-15,0.14
1627,2012-07-11,2012-07-14,0.59
1628,2012-07-13,2012-07-16,1.51
1629,2012-07-11,2012-07-15,1.56
1630,2012-07-12,2012-07-14,1.66
1631,2012-07-11,2012-07-15,2.24
1632,2012-07-14,2012-07-21,1.57
1633,2012-07-13,2012-07-20,0.37
1634,2012-07-11,2012-07-17,0.09
1635,2012-07-14,2012-07-21,1.98
1636,2012-07-14,2012-07-16,1.02
1638,2012-07-17,2012-07-22,1.78
1639,2012-07-13,2012-07-15,0.63
1640,2012-07-10,2012-07-13,2.86
1641,2012-07-11,2012-07-13,2.26
1642,2012-07-16,2012-07-23,2.43
1643,2012-07-16,2012-07-19,2.25
1644,2012-07-16,2012-07-19,2.83
1646,2012-07-12,2012-07-14,0.38
1648,2012-07-15,2012-07-18,2.54
1651,2012-07-11,2012-07-18,1.79
1652,2012-07-17,2012-07-23,2.25
1653,2012-07-14,2012-07-20,2.04
1654,2012-07-14,2012-07-21,0.38
1656,2012-07-15,2012-07-20,0.39
1657,2012-07-14,2012-07-21,27.78
1658,2012-07-14,2012-07-21,0.6
1659,2012-07-15,2012-07-20,0.42
1660,2012-07-17,2012-07-22,2.31
1663,2012-07-13,2012-07-16,0.92
1664,2012-07-13,2012-07-15,3.0
1666,2012-07-14,2012-07-21,0.04
1667,2012-07-13,2012-07-17,1.84
1669,2012-07-15,2012-07-21,30.27
1670,2012-07-14,2012-07-18,20.66
1672,2012-07-14,2012-07-16,1.11
1673,2012-07-12,2012-07-16,0.61
1674,2012-07-13,2012-07-16,27.19
1677,2012-07-11,2012-07-18,0.43
1678,2012-07-13,2012-07-17,1.17
1679,2012-07-12,2012-07-19,1.75
1680,2012-07-12,2012-07-15,2.34
1681,2012-07-13,2012-07-16,1.97
1684,2012-07-12,2012-07-18,1.9
1686,2012-07-14,2012-07-17,1.91
1690,2012-07-14,2012-07-16,2.64
1693,2012-07-12,2012-07-18,2.55
1695,2012-07-15,2012-07-20,0.24
1696,2012-07-15,2012-07-21,2.95
1697,2012-07-11,2012-07-16,0.42
1699,2012-07-11,2012-07-15,0.2
1700,2012-07-17,2012-07-19,1.85
1701,2012-07-16,2012-07-22,2.78
1702,2012-07-14,2012-07-17,1.9
1703,2012-07-16,2012-07-21,2.04
1704,2012-07-16,2012-07-18,2.9
1705,2012-07-15,2012-07-18,1.69
1706,2012-07-17,2012-07-20,0.57
1709,2012-07-14,2012-07-19,23.06
1710,2012-07-17,2012-07-22,2.14
1711,2012-07-12,2012-07-15,27.38
1712,2012-07-11,2012-07-14,1.41
1713,2012-07-11,2012-07-15,1.2
1714,2012-07-12,2012-07-19,2.81
1715,2012-07-15,2012-07-20,1.92
1716,2012-07-14,2012-07-20,24.42
1717,2012-07-14,2012-07-17,0.95
1718,2012-07-11,2012-07-15,2.82
1719,2012-07-12,2012-07-16,1.36
1720,2012-07-15,2012-07-17,28.1
1722,2012-07-15,2012-07-20,1.02
1724,2012-07-18,2012-07-24,2.98
1725,2012-07-12,2012-07-17,2.71
1726,2012-07-13,2012-07-20,2.58
1727,2012-07-14,2012-07-17,1.85
1728,2012-07-16,2012-07-21,2.86
1729,2012-07-15,2012-07-18,1.45
1734,2012-07-18,2012-07-23,1.05
1735,2012-07-13,2012-07-16,2.76
1738,2012-07-15,2012-07-18,1.56
1740,2012-07-16,2012-07-23,25.07
1742,2012-07-16,2012-07-23,29.94
1743,2012-07-14,2012-07-19,2.98
1746,2012-07-13,2012-07-18,1.59
1747,2012-07-18,2012-07-23,1.02
1748,2012-07-12,2012-07-14,0.86
1751,2012-07-14,2012-07-19,1.19
1753,2012-07-15,2012-07-17,2.84
1756,2012-07-13,2012-07-19,1.96
1757,2012-07-16,2012-07-23,1.56
1758,2012-07-12,2012-07-15,1.61
1759,2012-07-14,2012-07-17,0.4
1760,2012-07-15,2012-07-20,0.79
1761,2012-07-16,2012-07-19,2.85
1762,2012-07-15,2012-07-20,31.96
1763,2012-07-14,2012-07-21,25.2
1764,2012-07-12,2012-07-16,2.05
1765,2012-07-14,2012-07-20,27.15
1766,2012-07-15,2012-07-21,0.23
1767,2012-07-13,2012-07-15,2.38
1769,2012-07-12,2012-07-15,1.68
1770,2012-07-14,2012-07-19,1.6
1771,2012-07-13,2012-07-15,1.76
1772,2012-07-13,2012-07-20,1.7
1774,2012-07-16,2012-07-21,2.53
1777,2012-07-18,2012-07-20,2.37
1780,2012-07-13,2012-07-20,1.78
1781,2012-07-16,2012-07-20,29.23
1783,2012-07-16,2012-07-21,2.25
1784,2012-07-15,2012-07-18,2.17
1785,2012-07-11,2012-07-17,0.55
1787,2012-07-15,2012-07-18,0.12
1789,2012-07-13,2012-07-20,0.44
1790,2012-07-11,2012-07-16,2.73
1791,2012-07-17,2012-07-22,31.53
1792,2012-07-13,2012-07-17,0.82
1793,2012-07-16,2012-07-20,0.36
1794,2012-07-15,2012-07-19,2.52
1795,2012-07-16,2012-07-23,1.56
1796,2012-07-16,2012-07-19,1.72
1797,2012-07-14,2012-07-20,1.15
1798,2012-07-15,2012-07-18,2.92
1799,2012-07-17,2012-07-24,30.22
1803,2012-07-13,2012-07-18,2.32
1804,2012-07-12,2012-07-16,2.18
1805,2012-07-16,2012-07-19,2.86
1806,2012-07-14,2012-07-18,0.75
1807,2012-07-12,2012-07-15,1.94
1808,2012-07-17,2012-07-21,0.01
1809,2012-07-16,2012-07-22,2.91
1811,2012-07-11,2012-07-13,0.76
1814,2012-07-14,2012-07-21,31.13
1815,2012-07-13,2012-07-15,0.48
1817,2012-07-13,2012-07-18,1.7
1818,2012-07-16,2012-07-18,1.8
1819,2012-07-14,2012-07-17,1.8
1821,2012-07-13,2012-07-20,1.11
1822,2012-07-13,2012-07-16,2.78
1823,2012-07-13,2012-07-18,24.38
1825,2012-07-17,2012-07-19,0.91
1826,2012-07-11,2012-07-16,1.89
1829,2012-07-16,2012-07-21,0.11
1830,2012-07-18,2012-07-20,25.76
1831,2012-07-15,2012-07-21,26.93
1832,2012-07-11,2012-07-15,28.01
1834,2012-07-12,2012-07-14,21.9
1835,2012-07-12,2012-07-18,24.78
1837,2012-07-17,2012-07-19,27.21
1838,2012-07-16,2012-07-22,2.36
1839,2012-07-17,2012-07-24,27.06
1840,2012-07-14,2012-07-19,0.18
1841,2012-07-15,2012-07-18,26.09
1842,2012-07-12,2012-07-16,1.2
1843,2012-07-14,2012-07-20,0.53
1846,2012-07-16,2012-07-23,1.44
1847,2012-07-12,2012-07-17,2.93
1848,2012-07-15,2012-07-19,1.83
1850,2012-07-14,2012-07-20,0.31
1851,2012-07-14,2012-07-17,0.57
1853,2012-07-18,2012-07-24,1.52
1854,2012-07-16,2012-07-19,0.18
1856,2012-07-13,2012-07-18,2.77
1858,2012-07-13,2012-07-17,0.98
1859,2012-07-13,2012-07-19,1.82
1860,2012-07-16,2012-07-18,24.65
1861,2012-07-14,2012-07-17,27.34
1862,2012-07-16,2012-07-20,1.73
1863,2012-07-16,2012-07-20,26.12
1864,2012-07-11,2012-07-17,2.42
1867,2012-07-14,2012-07-20,2.14
1868,2012-07-15,2012-07-21,2.01
1869,2012-07-12,2012-07-14,1.3
1870,2012-07-17,2012-07-19,2.53
1871,2012-07-15,2012-07-21,2.32
1872,2012-07-16,2012-07-22,1.55
1873,2012-07-12,2012-07-15,1.74
1874,2012-07-14,2012-07-17,1.42
1875,2012-07-13,2012-07-20,1.43
1877,2012-07-12,2012-07-16,2.84
1879,2012-07-17,2012-07-24,29.22
1880,2012-07-17,2012-07-19,1.66
1881,2012-07-17,2012-07-19,0.82
1882,2012-07-13,2012-07-19,0.19
1883,2012-07-15,2012-07-21,1.99
1885,2012-07-12,2012-07-15,1.46
1887,2012-07-18,2012-07-22,0.82
1890,2012-07-18,2012-07-25,31.44
1891,2012-07-12,2012-07-14,0.2
1892,2012-07-17,2012-07-24,2.89
1893,2012-07-11,2012-07-14,2.17
1894,2012-07-12,2012-07-19,2.88
1897,2012-07-13,2012-07-16,0.3
1899,2012-07-15,2012-07-20,2.92
1900,2012-07-12,2012-07-19,30.25
1902,2012-07-14,2012-07-16,2.99
1903,2012-07-16,2012-07-21,2.81
1904,2012-07-17,2012-07-21,23.18
1907,2012-07-13,2012-07-20,30.26
1909,2012-07-12,2012-07-17,1.75
1910,2012-07-14,2012-07-17,2.35
1911,2012-07-14,2012-07-21,1.97
1912,2012-07-12,2012-07-15,29.95
1913,2012-07-18,2012-07-24,0.23
1914,2012-07-14,2012-07-16,1.21
1915,2012-07-12,2012-07-14,0.73
1917,2012-07-15,2012-07-18,1.9
1918,2012-07-14,2012-07-19,2.3
1919,2012-07-15,2012-07-22,1.72
1920,2012-07-13,2012-07-20,2.64
1921,2012-07-12,2012-07-15,2.34
1923,2012-07-17,2012-07-23,0.27
1924,2012-07-11,2012-07-18,2.74
1926,2012-07-17,2012-07-19,2.59
1927,2012-07-17,2012-07-19,2.32
1929,2012-07-12,2012-07-15,1.45
1930,2012-07-17,2012-07-22,0.02
1931,2012-07-16,2012-07-21,26.77
1934,2012-07-14,2012-07-21,2.79
1935,2012-07-16,2012-07-18,0.01
1936,2012-07-13,2012-07-17,0.88
1937,2012-07-12,2012-07-18,0.58
1939,2012-07-14,2012-07-17,1.99
1942,2012-07-16,2012-07-18,1.05
1945,2012-07-15,2012-07-17,1.7
1950,2012-07-15,2012-07-20,31.5
1953,2012-07-11,2012-07-15,0.02
1955,2012-07-16,2012-07-23,2.14
1957,2012-07-16,2012-07-19,2.1
1958,2012-07-17,2012-07-21,1.54
1964,2012-07-17,2012-07-21,2.43
1965,2012-07-15,2012-07-19,0.17
1966,2012-07-18,2012-07-24,1.23
1967,2012-07-11,2012-07-13,1.29
1968,2012-07-14,2012-07-19,2.44
1969,2012-07-16,2012-07-18,2.62
1970,2012-07-12,2012-07-17,1.44
1971,2012-07-14,2012-07-17,1.17
1972,2012-07-13,2012-07-19,2.99
1973,2012-07-16,2012-07-18,0.6
1975,2012-07-14,2012-07-19,0.29
1976,2012-07-14,2012-07-21,2.28
1977,2012-07-14,2012-07-17,0.16
1979,2012-07-12,2012-07-17,25.97
1980,2012-07-11,2012-07-16,1.78
1981,2012-07-15,2012-07-19,1.0
1983,2012-07-14,2012-07-20,2.95
1984,2012-07-15,2012-07-17,0.69
1985,2012-07-15,2012-07-17,0.98
1991,2012-07-14,2012-07-20,1.54
1992,2012-07-14,2012-07-17,1.14
1993,2012-07-12,2012-07-18,2.93
1995,2012-07-14,2012-07-17,2.81
1997,2012-07-16,2012-07-21,0.26
1999,2012-07-18,2012-07-23,0.16
2000,2012-07-15,2012-07-22,1.69
2001,2012-07-15,2012-07-20,29.92
2002,2012-07-13,2012-07-20,29.37
2004,2012-07-16,2012-07-23,25.53
2006,2012-07-15,2012-07-22,1.74
2007,2012-07-16,2012-07-21,0.3
2009,2012-07-15,2012-07-18,0.5
2010,2012-07-15,2012-07-19,2.99
2012,2012-07-15,2012-07-20,0.95
2013,2012-07-17,2012-07-21,0.98
2014,2012-07-13,2012-07-17,23.82
2015,2012-07-15,2012-07-18,2.3
2018,2012-07-14,2012-07-19,29.07
2019,2012-07-13,2012-07-17,1.41
2020,2012-07-16,2012-07-21,0.15
2022,2012-07-16,2012-07-22,2.85
2023,2012-07-13,2012-07-15,0.71
2024,2012-07-15,2012-07-19,2.28
2025,2012-07-16,2012-07-19,23.52
2027,2012-07-11,2012-07-17,29.53
2028,2012-07-15,2012-07-18,24.1
2029,2012-07-14,2012-07-16,0.43
2031,2012-07-13,2012-07-15,2.89
2035,2012-07-12,2012-07-16,0.58
2036,2012-07-16,2012-07-20,2.9
2041,2012-07-16,2012-07-22,0.47
2042,2012-07-15,2012-07-22,0.3
2043,2012-07-15,2012-07-19,0.53
2045,2012-07-16,2012-07-23,0.75
2046,2012-07-13,2012-07-18,0.79
2048,2012-07-14,2012-07-16,0.66
2049,2012-07-17,2012-07-20,1.01
2052,2012-07-16,2012-07-18,2.6
2053,2012-07-14,2012-07-19,1.1
2055,2012-07-13,2012-07-15,25.1
2056,2012-07-16,2012-07-22,28.22
2057,2012-07-15,2012-07-18,0.99
2059,2012-07-17,2012-07-22,1.57
2062,2012-07-14,2012-07-18,0.1
2063,2012-07-16,2012-07-23,0.83
2064,2012-07-15,2012-07-18,0.08
2065,2012-07-13,2012-07-16,0.5
2066,2012-07-15,2012-07-18,1.62
2068,2012-07-19,2012-07-22,0.39
2069,2012-07-16,2012-07-18,2.48
2070,2012-07-14,2012-07-19,1.8
2072,2012-07-14,2012-07-19,0.27
2074,2012-07-18,2012-07-21,1.39
2075,2012-07-14,2012-07-21,18.51
2076,2012-07-17,2012-07-24,25.21
2078,2012-07-18,2012-07-20,1.98
2081,2012-07-14,2012-07-18,2.42
2084,2012-07-18,2012-07-23,1.94
2087,2012-07-17,2012-07-20,2.82
2089,2012-07-16,2012-07-18,2.63
2092,2012-07-15,2012-07-19,2.13
2097,2012-07-18,2012-07-23,24.24
2098,2012-07-15,2012-07-19,1.6
2101,2012-07-15,2012-07-17,0.36
2102,2012-07-16,2012-07-21,1.42
2104,2012-07-15,2012-07-18,1.37
2105,2012-07-15,2012-07-18,26.38
2106,2012-07-15,2012-07-20,1.08
2107,2012-07-12,2012-07-15,2.82
2108,2012-07-14,2012-07-20,2.57
2110,2012-07-15,2012-07-18,2.16
2111,2012-07-17,2012-07-22,2.53
2112,2012-07-16,2012-07-19,2.48
2114,2012-07-18,2012-07-22,1.16
2116,2012-07-14,2012-07-20,28.91
2119,2012-07-15,2012-07-20,29.53
2121,2012-07-14,2012-07-18,1.89
2122,2012-07-13,2012-07-15,31.53
2123,2012-07-16,2012-07-21,1.27
2125,2012-07-16,2012-07-22,0.93
2127,2012-07-14,2012-07-20,1.6
2128,2012-07-19,2012-07-22,0.91
2129,2012-07-18,2012-07-20,26.53
2130,2012-07-17,2012-07-20,1.03
2132,2012-07-18,2012-07-20,1.17
2133,2012-07-19,2012-07-26,1.13
2134,2012-07-15,2012-07-18,0.85
2135,2012-07-16,2012-07-19,1.81
2136,2012-07-15,2012-07-18,2.36
2137,2012-07-14,2012-07-16,0.51
2138,2012-07-18,2012-07-20,0.12
2141,2012-07-17,2012-07-19,1.74
2142,2012-07-15,2012-07-19,1.03
2143,2012-07-14,2012-07-20,2.08
2144,2012-07-14,2012-07-20,1.51
2146,2012-07-16,2012-07-18,0.73
2147,2012-07-13,2012-07-19,26.13
2149,2012-07-16,2012-07-23,27.08
2151,2012-07-15,2012-07-22,2.66
2153,2012-07-15,2012-07-21,2.56
2154,2012-07-17,2012-07-20,0.71
2155,2012-07-17,2012-07-22,0.12
2157,2012-07-17,2012-07-21,0.86
2160,2012-07-13,2012-07-15,0.32
2162,2012-07-19,2012-07-21,0.0
2164,2012-07-13,2012-07-19,2.54
2165,2012-07-15,2012-07-20,0.27
2168,2012-07-15,2012-07-17,2.6
2170,2012-07-13,2012-07-18,1.58
2172,2012-07-18,2012-07-20,0.98
2173,2012-07-16,2012-07-20,0.18
2174,2012-07-16,2012-07-18,1.19
2175,2012-07-15,2012-07-20,2.57
2176,2012-07-15,2012-07-17,1.46
2177,2012-07-19,2012-07-23,1.74
2178,2012-07-15,2012-07-17,0.77
2179,2012-07-18,2012-07-21,1.31
2180,2012-07-16,2012-07-20,2.51
2182,2012-07-17,2012-07-19,0.41
2183,2012-07-15,2012-07-21,2.89
2184,2012-07-16,2012-07-23,2.56
2185,2012-07-15,2012-07-21,30.58
2186,2012-07-15,2012-07-21,26.66
2188,2012-07-17,2012-07-21,1.22
2189,2012-07-14,2012-07-21,1.01
2190,2012-07-13,2012-07-19,27.34
2191,2012-07-17,2012-07-24,0.27
2192,2012-07-14,2012-07-20,1.52
2193,2012-07-16,2012-07-20,2.28
2195,2012-07-15,2012-07-20,0.03
2196,2012-07-15,2012-07-17,1.77
2197,2012-07-16,2012-07-19,1.48
2198,2012-07-12,2012-07-17,1.79
2199,2012-07-13,2012-07-15,2.44
2200,2012-07-17,2012-07-23,1.36
2202,2012-07-13,2012-07-17,1.36
2204,2012-07-19,2012-07-26,1.91
2205,2012-07-13,2012-07-17,0.87
2206,2012-07-15,2012-07-18,1.61
2207,2012-07-13,2012-07-15,1.14
2208,2012-07-16,2012-07-18,0.25
2209,2012-07-16,2012-07-21,1.73
2210,2012-07-14,2012-07-16,2.31
2213,2012-07-17,2012-07-21,29.73
2214,2012-07-19,2012-07-22,2.66
2215,2012-07-14,2012-07-19,24.82
2216,2012-07-14,2012-07-21,2.22
2217,2012-07-16,2012-07-18,2.24
2220,2012-07-17,2012-07-19,2.14
2221,2012-07-13,2012-07-16,1.85
2223,2012-07-16,2012-07-20,1.56
2224,2012-07-13,2012-07-18,1.32
2226,2012-07-16,2012-07-23,0.78
2227,2012-07-17,2012-07-19,28.92
2230,2012-07-14,2012-07-16,0.21
2231,2012-07-12,2012-07-19,2.15
2232,2012-07-15,2012-07-18,0.86
2233,2012-07-17,2012-07-20,1.27
2234,2012-07-12,2012-07-17,0.31
2235,2012-07-17,2012-07-21,2.13
2236,2012-07-19,2012-07-26,0.39
2241,2012-07-16,2012-07-21,2.8
2242,2012-07-19,2012-07-22,1.13
2243,2012-07-14,2012-07-20,2.71
2245,2012-07-16,2012-07-22,24.02
2246,2012-07-12,2012-07-14,1.99
2247,2012-07-17,2012-07-20,2.5
2251,2012-07-14,2012-07-17,30.68
2253,2012-07-13,2012-07-16,1.49
2255,2012-07-13,2012-07-19,23.59
2256,2012-07-16,2012-07-19,1.67
2257,2012-07-13,2012-07-16,2.1
2258,2012-07-17,2012-07-19,0.14
2259,2012-07-13,2012-07-16,0.95
2264,2012-07-16,2012-07-20,1.89
2265,2012-07-15,2012-07-19,0.8
2266,2012-07-15,2012-07-19,29.27
2267,2012-07-16,2012-07-18,0.92
2268,2012-07-19,2012-07-22,1.4
2269,2012-07-13,2012-07-18,2.84
2270,2012-07-12,2012-07-18,2.37
2272,2012-07-15,2012-07-17,29.06
2274,2012-07-14,2012-07-17,0.55
2276,2012-07-15,2012-07-21,1.07
2277,2012-07-16,2012-07-19,1.46
2280,2012-07-14,2012-07-21,1.5
2281,2012-07-12,2012-07-14,0.85
2283,2012-07-18,2012-07-21,0.71
2284,2012-07-14,2012-07-21,0.16
2287,2012-07-17,2012-07-20,0.34
2288,2012-07-18,2012-07-25,1.57
2290,2012-07-16,2012-07-21,31.24
2293,2012-07-18,2012-07-20,1.89
2296,2012-07-17,2012-07-19,1.77
2302,2012-07-17,2012-07-23,24.75
2303,2012-07-18,2012-07-22,0.29
2306,2012-07-15,2012-07-17,0.75
2307,2012-07-14,2012-07-21,1.03
2308,2012-07-17,2012-07-20,2.96
2309,2012-07-17,2012-07-19,2.16
2310,2012-07-20,2012-07-24,2.75
2311,2012-07-18,2012-07-22,2.75
2312,2012-07-19,2012-07-24,1.81
2313,2012-07-17,2012-07-21,2.42
2314,2012-07-15,2012-07-20,0.22
2315,2012-07-15,2012-07-21,1.86
2316,2012-07-17,2012-07-22,1.1
2318,2012-07-19,2012-07-24,2.53
2321,2012-07-19,2012-07-24,23.95
2322,2012-07-16,2012-07-19,0.98
2324,2012-07-18,2012-07-20,2.74
2325,2012-07-17,2012-07-22,0.74
2328,2012-07-17,2012-07-22,0.11
2329,2012-07-14,2012-07-19,23.93
2331,2012-07-16,2012-07-23,0.68
2332,2012-07-19,2012-07-23,1.41
2333,2012-07-17,2012-07-20,2.63
2334,2012-07-15,2012-07-19,1.52
2335,2012-07-17,2012-07-22,2.12
2336,2012-07-19,2012-07-21,31.33
2337,2012-07-15,2012-07-20,2.5
2338,2012-07-16,2012-07-20,23.04
2339,2012-07-16,2012-07-19,0.56
2341,2012-07-17,2012-07-20,2.87
2345,2012-07-16,2012-07-19,2.63
2346,2012-07-18,2012-07-25,0.57
2347,2012-07-16,2012-07-19,2.01
2348,2012-07-15,2012-07-19,0.99
2349,2012-07-18,2012-07-24,1.52
2350,2012-07-18,2012-07-23,2.95
2351,2012-07-16,2012-07-23,2.91
2353,2012-07-15,2012-07-21,0.13
2354,2012-07-17,2012-07-23,0.39
2355,2012-07-16,2012-07-21,0.48
2357,2012-07-16,2012-07-20,2.06
2358,2012-07-14,2012-07-18,0.2
2359,2012-07-17,2012-07-20,0.07
2360,2012-07-17,2012-07-20,2.56
2361,2012-07-18,2012-07-24,0.79
2362,2012-07-15,2012-07-18,1.46
2364,2012-07-15,2012-07-18,2.91
2365,2012-07-17,2012-07-22,0.13
2367,2012-07-20,2012-07-27,1.35
2368,2012-07-17,2012-07-21,1.43
2369,2012-07-18,2012-07-24,2.88
2372,2012-07-16,2012-07-23,1.63
2373,2012-07-16,2012-07-22,1.21
2374,2012-07-17,2012-07-19,1.9
2375,2012-07-16,2012-07-18,1.5
2377,2012-07-17,2012-07-22,1.66
2380,2012-07-16,2012-07-22,2.19
2381,2012-07-13,2012-07-19,29.27
2383,2012-07-19,2012-07-24,0.83
2384,2012-07-16,2012-07-18,0.72
2386,2012-07-14,2012-07-16,0.81
2390,2012-07-15,2012-07-18,0.91
2391,2012-07-17,2012-07-21,2.25
2394,2012-07-17,2012-07-24,1.31
2395,2012-07-18,2012-07-24,1.07
2397,2012-07-15,2012-07-21,1.28
2398,2012-07-14,2012-07-21,0.5
2399,2012-07-15,2012-07-17,2.2
2400,2012-07-14,2012-07-16,2.98
2404,2012-07-17,2012-07-19,2.06
2408,2012-07-18,2012-07-22,2.09
2409,2012-07-20,2012-07-24,0.15
2410,2012-07-17,2012-07-22,2.29
2411,2012-07-18,2012-07-21,2.34
2412,2012-07-20,2012-07-27,0.65
2414,2012-07-20,2012-07-22,0.41
2415,2012-07-17,2012-07-19,0.95
2418,2012-07-20,2012-07-25,2.87
2419,2012-07-21,2012-07-24,31.12
2420,2012-07-17,2012-07-20,2.5
2421,2012-07-21,2012-07-26,2.55
2422,2012-07-20,2012-07-26,2.04
2423,2012-07-21,2012-07-24,0.63
2424,2012-07-17,2012-07-20,1.84
2425,2012-07-17,2012-07-20,1.49
2428,2012-07-16,2012-07-19,2.55
2430,2012-07-18,2012-07-21,0.97
2431,2012-07-18,2012-07-21,1.79
2432,2012-07-21,2012-07-25,2.29
2433,2012-07-18,2012-07-21,2.15
2436,2012-07-22,2012-07-24,1.72
2437,2012-07-19,2012-07-23,0.11
2438,2012-07-20,2012-07-26,26.69
2439,2012-07-19,2012-07-22,0.71
2440,2012-07-22,2012-07-24,2.8
2441,2012-07-19,2012-07-23,2.29
2442,2012-07-16,2012-07-19,2.97
2443,2012-07-17,2012-07-24,1.48
2446,2012-07-19,2012-07-22,2.79
2448,2012-07-15,2012-07-17,2.36
2449,2012-07-16,2012-07-19,27.98
2450,2012-07-18,2012-07-23,30.85
2451,2012-07-21,2012-07-28,0.94
2452,2012-07-16,2012-07-23,0.33
2453,2012-07-22,2012-07-24,0.78
2456,2012-07-17,2012-07-19,2.97
2457,2012-07-20,2012-07-22,2.55
2458,2012-07-20,2012-07-26,0.44
2460,2012-07-18,2012-07-25,2.04
2461,2012-07-19,2012-07-24,0.78
2462,2012-07-17,2012-07-20,1.6
2463,2012-07-19,2012-07-24,0.82
2464,2012-07-16,2012-07-21,2.96
2465,2012-07-18,2012-07-20,26.32
2466,2012-07-19,2012-07-21,1.88
2467,2012-07-18,2012-07-22,2.14
2468,2012-07-17,2012-07-24,1.09
2470,2012-07-18,2012-07-22,0.89
2472,2012-07-15,2012-07-17,0.38
2474,2012-07-16,2012-07-23,0.24
2476,2012-07-19,2012-07-21,1.14
2477,2012-07-15,2012-07-21,2.85
2479,2012-07-21,2012-07-25,0.65
2481,2012-07-15,2012-07-17,2.1
2482,2012-07-17,2012-07-24,1.69
2484,2012-07-21,2012-07-26,30.54
2485,2012-07-15,2012-07-19,27.77
2487,2012-07-21,2012-07-27,2.25
2488,2012-07-17,2012-07-20,1.76
2489,2012-07-18,2012-07-24,1.35
2490,2012-07-18,2012-07-23,0.78
2494,2012-07-16,2012-07-18,1.66
2495,2012-07-19,2012-07-23,1.29
2496,2012-07-21,2012-07-23,1.24
2497,2012-07-21,2012-07-28,0.77
2498,2012-07-17,2012-07-21,0.12
2499,2012-07-22,2012-07-26,1.08
2500,2012-07-19,2012-07-25,1.36
2501,2012-07-17,2012-07-23,0.5
2502,2012-07-18,2012-07-20,2.34
2503,2012-07-21,2012-07-28,0.31
2504,2012-07-16,2012-07-19,0.0
2509,2012-07-20,2012-07-27,29.95
2510,2012-07-17,2012-07-20,2.03
2511,2012-07-18,2012-07-20,1.91
2517,2012-07-19,2012-07-25,2.89
2518,2012-07-19,2012-07-25,1.6
2519,2012-07-19,2012-07-26,2.37
2520,2012-07-21,2012-07-28,0.04
2521,2012-07-21,2012-07-25,0.02
2523,2012-07-19,2012-07-25,1.54
2524,2012-07-20,2012-07-23,24.31
2526,2012-07-19,2012-07-24,2.66
2528,2012-07-17,2012-07-22,2.02
2529,2012-07-16,2012-07-23,0.22
2530,2012-07-19,2012-07-21,0.64
2532,2012-07-18,2012-07-21,25.95
2533,2012-07-16,2012-07-20,1.35
2534,2012-07-17,2012-07-21,29.79
2535,2012-07-21,2012-07-28,0.86
2536,2012-07-20,2012-07-22,2.34
2538,2012-07-15,2012-07-22,1.99
2539,2012-07-18,2012-07-25,0.72
2540,2012-07-22,2012-07-27,29.99
2541,2012-07-17,2012-07-23,25.64
2542,2012-07-17,2012-07-24,2.33
2543,2012-07-18,2012-07-21,1.84
2545,2012-07-19,2012-07-23,1.98
2546,2012-07-19,2012-07-21,28.1
2548,2012-07-18,2012-07-22,1.8
2549,2012-07-20,2012-07-23,0.81
2551,2012-07-20,2012-07-22,30.54
2552,2012-07-17,2012-07-19,1.61
2554,2012-07-19,2012-07-21,0.4
2555,2012-07-18,2012-07-25,29.78
2556,2012-07-22,2012-07-26,2.38
2557,2012-07-19,2012-07-22,31.5
2562,2012-07-20,2012-07-23,31.1
2563,2012-07-22,2012-07-28,1.51
2564,2012-07-21,2012-07-27,1.7
2565,2012-07-17,2012-07-23,0.13
2566,2012-07-19,2012-07-21,0.08
2567,2012-07-20,2012-07-25,2.06
2572,2012-07-15,2012-07-20,2.03
2573,2012-07-17,2012-07-22,2.52
2574,2012-07-20,2012-07-27,0.0
2575,2012-07-19,2012-07-22,2.6
2576,2012-07-19,2012-07-26,23.89
2578,2012-07-18,2012-07-22,2.88
2579,2012-07-17,2012-07-19,28.56
2581,2012-07-18,2012-07-21,27.3
2582,2012-07-19,2012-07-23,1.63
2583,2012-07-18,2012-07-21,2.71
2586,2012-07-21,2012-07-27,1.09
2587,2012-07-16,2012-07-22,0.13
2588,2012-07-15,2012-07-22,2.64
2590,2012-07-21,2012-07-27,1.75
2591,2012-07-21,2012-07-24,1.78
2595,2012-07-19,2012-07-23,2.6
2596,2012-07-18,2012-07-21,1.9
2597,2012-07-17,2012-07-20,0.18
2599,2012-07-20,2012-07-25,0.42
2601,2012-07-18,2012-07-21,1.23
2602,2012-07-18,2012-07-25,1.01
2604,2012-07-20,2012-07-24,25.14
2605,2012-07-19,2012-07-24,1.24
2606,2012-07-19,2012-07-25,0.55
2607,2012-07-18,2012-07-23,27.36
2608,2012-07-19,2012-07-23,2.46
2609,2012-07-15,2012-07-20,0.74
2610,2012-07-15,2012-07-21,1.51
2612,2012-07-20,2012-07-27,1.38
2614,2012-07-21,2012-07-28,0.07
2618,2012-07-17,2012-07-24,1.28
2619,2012-07-16,2012-07-21,0.69
2620,2012-07-22,2012-07-24,26.28
2621,2012-07-18,2012-07-22,2.07
2622,2012-07-15,2012-07-22,1.9
2623,2012-07-19,2012-07-22,2.83
2624,2012-07-21,2012-07-26,28.4
2625,2012-07-17,2012-07-21,24.32
2626,2012-07-19,2012-07-22,1.53
2628,2012-07-19,2012-07-21,1.15
2629,2012-07-19,2012-07-26,0.54
2630,2012-07-17,2012-07-19,0.55
2631,2012-07-18,2012-07-23,1.04
2632,2012-07-18,2012-07-20,27.92
2633,2012-07-19,2012-07-25,0.2
2634,2012-07-21,2012-07-27,1.79
2635,2012-07-16,2012-07-20,1.54
2636,2012-07-19,2012-07-26,2.41
2638,2012-07-19,2012-07-26,27.57
2639,2012-07-15,2012-07-20,2.56
2640,2012-07-19,2012-07-22,0.26
2647,2012-07-20,2012-07-26,2.61
2648,2012-07-19,2012-07-24,2.33
2649,2012-07-20,2012-07-26,2.92
