date,sessions,unique_visitors,page_views,bounce_rate,avg_session_duration_sec,traffic_source
2013-01-01,9760,7253,39093,0.00514,102.9,organic_search
2013-01-02,10456,8151,47611,0.00406,120.5,organic_search
2013-01-03,10076,7458,36963,0.00401,263.6,direct
2013-01-04,9973,8063,53078,0.00562,151.8,direct
2013-01-05,10223,7882,36790,0.00525,168.6,referral
2013-01-06,9545,6992,47160,0.00438,263.6,social_media
2013-01-07,10203,7354,32749,0.00443,252.1,organic_search
2013-01-08,9456,7459,31482,0.0044,192.4,paid_search
2013-01-09,9162,7108,46717,0.00409,312.8,organic_search
2013-01-10,9887,7878,38472,0.00544,285.4,organic_search
2013-01-11,9412,7368,46916,0.00356,238.2,social_media
2013-01-12,8730,6136,33336,0.00386,193.3,paid_search
2013-01-13,8818,6863,35427,0.00372,308.8,paid_search
2013-01-14,8230,6203,35402,0.004,301.5,paid_search
2013-01-15,8102,6179,39490,0.00445,314.0,direct
2013-01-16,9373,7503,37034,0.00446,284.4,paid_search
2013-01-17,9819,7503,48840,0.00495,162.5,social_media
2013-01-18,10041,7821,35761,0.00509,182.0,email_campaign
2013-01-19,8746,6138,33440,0.00546,223.1,organic_search
2013-01-20,10270,8030,35184,0.00501,283.9,email_campaign
2013-01-21,10339,8283,40661,0.00429,152.6,paid_search
2013-01-22,10100,7469,39597,0.00504,250.0,email_campaign
2013-01-23,9307,7261,39117,0.00451,243.9,referral
2013-01-24,9698,7034,36976,0.00503,144.4,organic_search
2013-01-25,10600,7868,42453,0.00385,195.6,email_campaign
2013-01-26,10226,8004,42655,0.00566,245.5,organic_search
2013-01-27,8604,6327,44601,0.00554,222.6,referral
2013-01-28,9701,7636,51697,0.00447,258.0,direct
2013-01-29,8638,6928,42663,0.00329,299.3,email_campaign
2013-01-30,8596,6245,30451,0.00394,173.9,paid_search
2013-01-31,8915,6530,47230,0.00344,109.4,paid_search
2013-02-01,15758,11220,63433,0.00409,116.7,organic_search
2013-02-02,15027,12295,56597,0.0039,208.2,email_campaign
2013-02-03,14372,10507,72606,0.0043,215.7,social_media
2013-02-04,15623,12726,62972,0.00524,194.6,organic_search
2013-02-05,14177,11064,62917,0.00429,138.2,social_media
2013-02-06,14103,10525,66736,0.00367,286.6,referral
2013-02-07,14761,10967,66344,0.005,190.5,paid_search
2013-02-08,14467,10993,59452,0.00549,227.1,social_media
2013-02-09,14578,10995,47223,0.00548,237.0,social_media
2013-02-10,16602,12760,61322,0.00387,199.5,organic_search
2013-02-11,15063,11080,60064,0.00526,223.3,paid_search
2013-02-12,15368,11408,65858,0.00363,162.4,social_media
2013-02-13,13346,9812,50414,0.0047,193.8,social_media
2013-02-14,17180,13040,85934,0.00387,254.4,paid_search
2013-02-15,13633,10416,74873,0.00565,238.7,paid_search
2013-02-16,15360,12159,73050,0.00487,203.7,direct
2013-02-17,14662,10421,77351,0.00468,314.8,organic_search
2013-02-18,13304,9946,43820,0.00573,140.6,organic_search
2013-02-19,16231,11522,82447,0.00365,173.8,paid_search
2013-02-20,14347,11037,75545,0.00396,224.8,paid_search
2013-02-21,14194,11525,54818,0.00546,118.2,organic_search
2013-02-22,15750,12758,61771,0.00439,239.1,organic_search
2013-02-23,14540,11603,61974,0.00358,189.1,organic_search
2013-02-24,13758,9915,63623,0.00527,147.8,organic_search
2013-02-25,13676,10852,72244,0.00518,177.9,paid_search
2013-02-26,15824,11642,60025,0.00333,169.9,social_media
2013-02-27,15908,11989,72791,0.00323,290.3,direct
2013-02-28,15284,11512,56308,0.00441,286.2,email_campaign
2013-03-01,20573,15216,82066,0.0047,125.7,organic_search
2013-03-02,18275,14004,64834,0.00437,161.4,organic_search
2013-03-03,19075,15498,69465,0.00346,286.8,paid_search
2013-03-04,21760,16400,112923,0.00459,204.5,organic_search
2013-03-05,21169,15161,90533,0.00389,283.0,paid_search
2013-03-06,19422,13780,66932,0.00558,143.8,paid_search
2013-03-07,20205,14897,74215,0.00534,308.2,referral
2013-03-08,21327,17243,72483,0.00557,127.9,paid_search
2013-03-09,20046,15758,91235,0.00377,314.3,referral
2013-03-10,19505,15320,104073,0.00354,185.0,organic_search
2013-03-11,21480,15406,115544,0.00419,296.4,direct
2013-03-12,16857,13571,82314,0.00395,179.0,referral
2013-03-13,23166,18652,76524,0.00413,287.0,organic_search
2013-03-14,18997,14391,77150,0.0056,129.7,paid_search
2013-03-15,20137,15797,106673,0.00347,171.3,referral
2013-03-16,20761,16647,90756,0.00464,254.5,paid_search
2013-03-17,17101,12496,79841,0.00344,161.6,paid_search
2013-03-18,22860,18012,120159,0.00396,174.6,social_media
2013-03-19,17631,14247,85400,0.00525,214.5,direct
2013-03-20,21762,16804,116234,0.00568,202.2,social_media
2013-03-21,22061,17031,119803,0.00578,171.4,organic_search
2013-03-22,20729,16912,71130,0.00372,195.9,paid_search
2013-03-23,21609,15589,92824,0.00402,223.6,social_media
2013-03-24,20504,16771,96571,0.00439,234.1,organic_search
2013-03-25,16659,12105,60697,0.00368,189.0,organic_search
2013-03-26,20555,16341,109308,0.00577,242.7,social_media
2013-03-27,16879,12285,56985,0.00543,115.8,paid_search
2013-03-28,18569,14393,98414,0.00334,221.0,paid_search
2013-03-29,19856,14231,93944,0.00555,218.4,social_media
2013-03-30,21034,15942,82344,0.00472,169.5,social_media
2013-03-31,21610,16402,74076,0.00408,188.6,organic_search
2013-04-01,24812,17641,117628,0.00551,178.5,social_media
2013-04-02,26607,19633,99501,0.00523,246.4,organic_search
2013-04-03,26624,19598,107204,0.00518,275.2,organic_search
2013-04-04,21608,16833,111095,0.00536,192.1,social_media
2013-04-05,32435,24802,158360,0.00421,269.6,organic_search
2013-04-06,32500,24533,108393,0.00473,156.1,social_media
2013-04-07,27260,21972,126098,0.00463,109.8,paid_search
2013-04-08,30848,21771,155647,0.00484,119.5,social_media
2013-04-09,25156,17669,137296,0.0034,312.2,organic_search
2013-04-10,29194,23157,116383,0.00481,293.9,social_media
2013-04-11,29054,21204,96574,0.00493,251.0,organic_search
2013-04-12,24892,19582,95949,0.00454,168.3,direct
2013-04-13,27517,21818,149988,0.00399,156.1,paid_search
2013-04-14,23814,16876,78359,0.00341,252.7,referral
2013-04-15,30902,22373,159594,0.0049,197.6,organic_search
2013-04-16,27551,21877,99161,0.00504,239.0,email_campaign
2013-04-17,29585,21004,94904,0.00452,105.9,social_media
2013-04-18,24098,19494,113622,0.0055,206.2,paid_search
2013-04-19,27256,21981,90395,0.00392,109.1,paid_search
2013-04-20,21636,15934,90602,0.00495,204.7,referral
2013-04-21,24267,19025,133036,0.00363,309.0,email_campaign
2013-04-22,28085,22427,141532,0.00488,302.2,email_campaign
2013-04-23,27068,19210,88898,0.00466,227.3,paid_search
2013-04-24,33819,25856,134590,0.00461,110.1,organic_search
2013-04-25,25153,20499,119550,0.00575,207.3,direct
2013-04-26,25454,18300,131458,0.00556,204.8,social_media
2013-04-27,23854,17383,104436,0.00467,203.7,email_campaign
2013-04-28,26593,20990,92764,0.00388,199.8,organic_search
2013-04-29,30100,21412,127202,0.00508,142.8,direct
2013-04-30,26638,20421,114824,0.00385,250.7,referral
2013-05-01,25484,20167,121645,0.00389,319.7,direct
2013-05-02,27523,21551,148318,0.00521,270.6,paid_search
2013-05-03,27201,20147,109468,0.00408,186.8,email_campaign
2013-05-04,26616,18955,87588,0.00566,226.5,organic_search
2013-05-05,26820,19885,116224,0.00383,209.1,email_campaign
2013-05-06,24933,19563,109347,0.00459,111.7,social_media
2013-05-07,28589,21318,147402,0.00555,197.7,organic_search
2013-05-08,28654,20921,130897,0.00408,302.5,organic_search
2013-05-09,26771,19690,142781,0.00509,182.8,paid_search
2013-05-10,26830,19447,124787,0.00391,153.5,organic_search
2013-05-11,28668,21307,137833,0.00495,215.2,paid_search
2013-05-12,27438,22374,128020,0.00428,301.0,social_media
2013-05-13,26357,19629,90559,0.00574,131.4,paid_search
2013-05-14,26056,20140,115695,0.00322,116.0,social_media
2013-05-15,29084,22687,146585,0.00436,188.5,direct
2013-05-16,26638,19759,113183,0.00522,314.0,referral
2013-05-17,24122,18498,132379,0.00353,308.1,organic_search
2013-05-18,23202,17262,103657,0.00445,270.5,email_campaign
2013-05-19,25148,20307,89419,0.00518,105.8,social_media
2013-05-20,23328,18639,95417,0.00444,116.7,organic_search
2013-05-21,28407,22048,108703,0.00491,277.6,referral
2013-05-22,25706,19005,88509,0.00537,198.2,social_media
2013-05-23,22398,17580,109248,0.00403,121.3,email_campaign
2013-05-24,25714,20338,120745,0.00445,116.7,social_media
2013-05-25,26078,21237,92476,0.00385,141.3,paid_search
2013-05-26,29842,21470,103585,0.00491,317.6,organic_search
2013-05-27,25522,20808,123734,0.005,267.2,social_media
2013-05-28,25369,18149,102736,0.00391,253.4,paid_search
2013-05-29,23853,18613,85854,0.00337,120.5,referral
2013-05-30,27287,20624,123833,0.00446,173.2,organic_search
2013-05-31,26902,19521,103623,0.00321,257.9,social_media
2013-06-01,25458,18115,131842,0.00372,186.4,organic_search
2013-06-02,23735,17119,76080,0.00346,260.9,organic_search
2013-06-03,25536,19209,97821,0.00537,174.4,direct
2013-06-04,27334,19831,110854,0.00401,310.6,organic_search
2013-06-05,28445,21988,137505,0.0039,209.5,social_media
2013-06-06,26397,18897,125873,0.00512,154.8,social_media
2013-06-07,26823,18932,134357,0.00399,224.4,email_campaign
2013-06-08,27553,21069,147243,0.00562,207.9,paid_search
2013-06-09,24891,19205,125165,0.00507,280.4,social_media
2013-06-10,28861,23567,100856,0.00478,231.8,organic_search
2013-06-11,23368,17790,126304,0.00561,172.9,organic_search
2013-06-12,25933,21079,127206,0.00527,116.5,paid_search
2013-06-13,27752,19777,151236,0.00347,106.4,organic_search
2013-06-14,27755,21197,126500,0.00556,219.8,email_campaign
2013-06-15,26928,21083,98828,0.00495,269.9,organic_search
2013-06-16,26115,18984,119810,0.00417,313.2,paid_search
2013-06-17,28092,21312,92163,0.00378,152.1,organic_search
2013-06-18,25085,19903,133701,0.00478,191.8,social_media
2013-06-19,28632,23372,112269,0.00514,130.0,social_media
2013-06-20,25557,20425,116849,0.00534,122.0,paid_search
2013-06-21,29053,21451,103139,0.00566,139.1,email_campaign
2013-06-22,26367,21250,113536,0.00407,255.4,paid_search
2013-06-23,27355,21580,146783,0.00397,253.1,organic_search
2013-06-24,26497,21120,97404,0.00364,178.5,paid_search
2013-06-25,29694,21606,125033,0.00538,177.8,paid_search
2013-06-26,27207,20220,127226,0.00399,190.0,direct
2013-06-27,26545,20261,100022,0.00427,186.3,paid_search
2013-06-28,23891,17776,91798,0.00447,121.5,social_media
2013-06-29,28947,21255,158795,0.00327,305.7,organic_search
2013-06-30,26808,20585,139193,0.0058,210.3,organic_search
2013-07-01,20717,14990,103616,0.00537,166.5,referral
2013-07-02,22158,16944,96216,0.00543,318.6,paid_search
2013-07-03,20624,16244,90498,0.00532,317.6,direct
2013-07-04,20224,15518,96547,0.00434,133.9,paid_search
2013-07-05,22308,16026,110365,0.00435,162.3,paid_search
2013-07-06,19852,14493,104084,0.00367,171.3,paid_search
2013-07-07,19573,15181,74366,0.00554,219.4,paid_search
2013-07-08,18865,14238,78747,0.00327,160.0,organic_search
2013-07-09,22779,18244,96006,0.00444,299.1,organic_search
2013-07-10,22911,17844,91089,0.00504,214.5,organic_search
2013-07-11,22159,15665,121194,0.00486,156.7,email_campaign
2013-07-12,21395,17049,79697,0.0046,106.4,referral
2013-07-13,20990,16293,82169,0.00342,184.3,social_media
2013-07-14,19989,14732,82309,0.00387,208.7,paid_search
2013-07-15,18587,13497,84767,0.00407,199.4,social_media
2013-07-16,19711,16037,88626,0.00484,256.8,referral
2013-07-17,19882,14587,66793,0.00416,180.4,organic_search
2013-07-18,19517,13750,66929,0.00401,219.2,organic_search
2013-07-19,21059,16557,96682,0.00435,183.6,social_media
2013-07-20,21432,15474,75600,0.00475,172.1,social_media
2013-07-21,22930,16061,97731,0.00555,187.7,organic_search
2013-07-22,19228,13486,71073,0.00429,107.5,organic_search
2013-07-23,20992,16978,97061,0.00414,201.3,social_media
2013-07-24,23873,18037,83203,0.00565,202.2,email_campaign
2013-07-25,24318,18975,100129,0.00497,186.2,direct
2013-07-26,20769,14594,72595,0.00562,249.5,direct
2013-07-27,18198,12889,70117,0.00462,279.9,social_media
2013-07-28,25026,18160,120386,0.00397,136.1,paid_search
2013-07-29,20760,15605,109067,0.0045,211.4,email_campaign
2013-07-30,22570,17674,74423,0.00426,112.1,organic_search
2013-07-31,21645,16539,81092,0.00565,219.7,organic_search
2013-08-01,23532,17995,95876,0.004,186.4,paid_search
2013-08-02,22089,17760,76290,0.00367,144.5,organic_search
2013-08-03,19760,15958,85952,0.0044,205.7,referral
2013-08-04,22135,16046,73001,0.00542,158.4,social_media
2013-08-05,25518,20607,95149,0.00565,188.0,paid_search
2013-08-06,21270,15427,110319,0.00402,315.4,organic_search
2013-08-07,21729,17596,106146,0.00321,193.3,paid_search
2013-08-08,25048,20133,88852,0.00572,312.2,organic_search
2013-08-09,21871,16990,105802,0.00368,317.0,organic_search
2013-08-10,22931,17591,107729,0.00561,223.1,referral
2013-08-11,20544,15209,90834,0.00475,235.5,social_media
2013-08-12,24576,17742,103910,0.00536,219.8,direct
2013-08-13,19843,14706,70310,0.00566,283.4,organic_search
2013-08-14,23377,16422,106286,0.00503,244.7,social_media
2013-08-15,24562,17671,104078,0.00479,110.5,social_media
2013-08-16,21594,15178,70937,0.0042,127.9,paid_search
2013-08-17,25258,19092,110262,0.0049,127.6,organic_search
2013-08-18,24646,19117,120067,0.00336,285.5,social_media
2013-08-19,23836,16878,127242,0.00558,162.3,direct
2013-08-20,23145,16573,76874,0.00421,177.2,email_campaign
2013-08-21,22174,17667,88785,0.00393,127.8,organic_search
2013-08-22,20674,16052,88395,0.00368,108.9,paid_search
2013-08-23,21969,16007,73448,0.00484,146.4,direct
2013-08-24,22020,16468,117994,0.0054,253.3,organic_search
2013-08-25,23027,18302,124556,0.00326,316.9,social_media
2013-08-26,23617,17269,78791,0.00429,183.7,paid_search
2013-08-27,23901,18422,99962,0.00322,233.3,email_campaign
2013-08-28,21366,17094,107444,0.00472,134.2,referral
2013-08-29,23147,16818,83676,0.00408,183.8,organic_search
2013-08-30,26500,20681,114458,0.00412,231.9,organic_search
2013-08-31,23963,18130,80783,0.00437,274.4,social_media
2013-09-01,17091,12233,74574,0.00518,106.8,referral
2013-09-02,15376,12350,50005,0.00401,157.3,organic_search
2013-09-03,15581,10983,59990,0.0041,202.7,organic_search
2013-09-04,16020,12505,55806,0.00437,176.3,email_campaign
2013-09-05,16582,13189,57021,0.00488,181.5,paid_search
2013-09-06,16237,13287,87609,0.00406,224.6,paid_search
2013-09-07,15613,12209,55336,0.00413,318.7,referral
2013-09-08,16962,13239,74004,0.00329,119.6,referral
2013-09-09,18127,13415,88280,0.0048,240.7,organic_search
2013-09-10,17160,14066,72179,0.00438,268.7,referral
2013-09-11,16910,11894,65138,0.00501,207.1,organic_search
2013-09-12,15632,11865,60436,0.00503,296.5,paid_search
2013-09-13,17916,12765,59697,0.00367,103.5,organic_search
2013-09-14,16694,12421,90074,0.00564,308.3,social_media
2013-09-15,15207,11403,64405,0.00553,177.3,email_campaign
2013-09-16,16977,12773,84823,0.00353,102.7,organic_search
2013-09-17,19210,15448,69626,0.0057,203.0,direct
2013-09-18,19581,14167,80144,0.00458,158.9,organic_search
2013-09-19,15000,11585,73236,0.00538,238.9,paid_search
2013-09-20,18009,13483,64698,0.00462,111.3,organic_search
2013-09-21,16298,12409,85777,0.00417,271.6,organic_search
2013-09-22,17457,13570,77141,0.00483,315.5,paid_search
2013-09-23,13116,10363,70856,0.00407,179.1,organic_search
2013-09-24,18830,14326,90846,0.00449,140.7,email_campaign
2013-09-25,16433,12462,72743,0.00541,206.6,organic_search
2013-09-26,16255,11501,53823,0.00555,165.9,organic_search
2013-09-27,15631,12772,85398,0.00532,292.3,organic_search
2013-09-28,19359,15652,74052,0.00382,154.5,paid_search
2013-09-29,19815,14640,88791,0.00538,281.9,social_media
2013-09-30,17778,13505,90690,0.00535,226.8,organic_search
2013-10-01,13710,9680,52584,0.00324,209.8,email_campaign
2013-10-02,12941,9851,71024,0.00539,205.0,organic_search
2013-10-03,13080,9748,44993,0.00499,125.5,organic_search
2013-10-04,15477,12022,78604,0.00375,156.7,social_media
2013-10-05,13994,10098,68009,0.00564,314.4,referral
2013-10-06,14105,11490,70993,0.00435,122.9,paid_search
2013-10-07,12570,9552,45109,0.00325,181.8,organic_search
2013-10-08,13093,10025,58429,0.00339,138.1,direct
2013-10-09,12218,9764,50149,0.00469,209.6,organic_search
2013-10-10,13055,10029,43148,0.00534,176.8,organic_search
2013-10-11,13725,9778,64212,0.00375,220.2,organic_search
2013-10-12,13023,10257,64771,0.0055,256.2,organic_search
2013-10-13,13045,9157,51450,0.00425,160.5,organic_search
2013-10-14,14459,11334,50446,0.00413,231.0,organic_search
2013-10-15,13895,11304,65905,0.00361,224.3,organic_search
2013-10-16,12929,9667,64283,0.00423,261.5,paid_search
2013-10-17,12216,9304,57228,0.00462,144.0,direct
2013-10-18,12323,9163,60959,0.00406,231.9,referral
2013-10-19,11963,9407,54624,0.00537,276.6,social_media
2013-10-20,14009,10602,54466,0.00482,314.7,email_campaign
2013-10-21,12745,9506,53990,0.00578,274.1,organic_search
2013-10-22,14589,10511,47642,0.00338,207.1,direct
2013-10-23,13717,10722,60164,0.0035,121.5,social_media
2013-10-24,12783,9260,50277,0.00481,108.1,organic_search
2013-10-25,12510,9642,46132,0.00342,284.2,social_media
2013-10-26,12422,8842,45914,0.00452,197.1,organic_search
2013-10-27,13304,10333,64827,0.00326,308.3,social_media
